dst,shapleytrust_score
1,217.7
2,39.32
3,6.34
4,48.36
5,3.52
6,34.56
7,243.02
8,1.98
9,0.84
10,6.56
13,186.96
15,13.28
16,0.52
17,19.06
19,12.4
20,3.92
21,25.52
23,22.16
25,47.68
26,11.56
28,9.72
29,30.22
31,1.6
32,6.8
33,33.8
34,3.4
35,629.22
36,28.26
37,11.12
39,24.82
41,82.7
44,1.92
45,11.3
46,1.12
47,2.16
51,28.58
52,1.04
53,2.08
54,8.12
55,1.04
56,6.68
57,62.18
60,66.9
61,4.68
62,24.06
64,72.42
65,0.96
66,0.68
68,4.36
69,7.74
70,6.68
71,1.0
72,9.16
74,1.08
75,7.12
76,2.92
77,16.04
78,8.86
79,1.0
80,14.86
81,7.88
83,1.04
86,1.04
87,2.56
88,7.24
89,2.56
93,14.54
94,0.72
95,5.32
96,36.12
97,3.56
99,0.96
100,9.16
101,5.88
103,0.4
104,53.58
105,1.46
106,1.0
107,2.12
108,4.34
109,5.22
110,14.38
111,4.98
112,21.52
113,35.74
114,6.68
115,26.84
116,0.68
119,3.26
120,5.16
122,1.28
125,6.86
127,2.14
129,4.76
131,0.38
132,34.72
133,2.2
134,11.4
135,57.26
137,1.64
138,1.68
139,3.16
140,1.12
141,20.0
142,9.36
143,21.42
144,40.62
145,0.88
146,14.88
147,2.04
148,5.44
149,31.48
150,4.36
152,6.54
153,4.86
154,0.96
155,2.46
156,7.68
157,1.88
158,1.84
159,25.06
160,7.96
161,3.56
162,2.08
163,7.34
164,4.2
165,1.38
166,11.44
167,11.24
168,0.92
169,1.14
170,0.92
171,51.42
172,1.08
173,4.0
174,3.56
175,0.88
176,3.78
177,8.76
178,33.76
179,2.28
180,10.86
181,5.72
182,0.92
183,3.08
184,21.12
185,1.76
186,10.06
187,1.08
188,1.68
189,2.24
190,0.8
191,2.36
192,15.5
193,2.12
194,3.2
195,0.96
196,1.16
197,1.68
198,43.56
199,4.76
200,6.7
201,3.22
202,116.02
203,10.12
204,20.12
205,0.44
206,12.94
207,7.42
208,1.88
209,29.14
210,0.88
211,1.48
212,6.32
213,0.96
214,13.16
215,50.56
216,8.8
217,2.8
218,1.84
219,15.74
220,0.58
221,8.38
222,14.02
223,5.22
224,8.6
225,4.52
227,5.6
228,14.8
229,4.22
230,20.22
231,3.86
232,1.12
233,1.82
234,2.4
235,10.0
236,2.18
237,1.04
238,6.0
239,8.32
240,3.44
241,5.48
242,13.5
243,9.5
244,5.5
245,7.36
246,3.76
247,1.12
248,2.5
249,18.12
250,2.7
251,8.04
252,0.88
253,0.68
254,4.42
255,1.24
256,32.2
257,54.9
258,1.84
259,2.62
260,1.16
261,7.38
262,5.08
263,1.96
264,1.06
265,3.9
266,18.4
267,0.92
268,5.22
269,4.94
270,34.54
271,2.24
272,10.04
273,27.88
274,17.14
275,1.72
276,4.02
277,1.66
278,4.16
279,1.6
280,56.12
281,0.46
282,4.86
283,15.12
284,9.76
285,6.16
286,1.96
287,1.12
288,6.72
289,1.12
290,1.12
291,0.96
292,1.52
293,3.78
294,1.16
295,21.74
296,3.52
297,2.46
298,8.34
299,1.84
300,3.0
301,3.84
302,0.56
303,0.76
304,114.82
305,1.12
306,1.2
307,1.3
308,11.58
309,30.06
310,2.94
311,1.08
312,10.84
313,1.9
314,1.56
315,0.36
316,1.94
317,3.32
318,4.16
319,8.48
320,4.84
321,5.18
322,7.92
323,1.04
324,4.64
325,12.4
326,0.68
327,1.12
328,1.56
329,1.0
330,7.32
331,1.54
332,2.5
333,0.72
334,0.38
335,0.48
336,0.6
337,0.46
338,0.44
339,2.34
340,5.62
341,0.54
342,16.34
343,0.48
344,0.5
345,3.84
346,23.44
347,5.68
348,2.9
349,1.16
350,28.26
351,2.66
352,1.24
353,83.78
354,1.12
355,1.0
356,4.28
357,3.38
358,1.64
359,9.06
360,1.64
361,47.42
362,0.6
363,33.04
364,0.62
365,3.06
366,5.3
367,1.0
368,1.0
369,0.58
370,1.08
371,1.78
372,5.8
373,0.54
374,8.62
375,2.54
376,0.5
377,2.54
378,9.28
379,1.32
380,3.56
381,0.38
382,0.84
383,16.04
384,12.7
385,1.0
386,9.4
387,15.64
388,1.0
389,1.96
390,10.1
391,0.92
392,2.24
393,12.58
394,10.86
395,11.04
396,10.04
397,1.94
398,0.8
399,14.44
400,0.72
401,7.32
402,6.28
403,0.84
404,6.0
405,14.22
406,2.44
407,1.1
408,13.98
409,3.64
410,2.02
411,2.76
412,6.68
413,0.54
414,1.02
415,18.9
416,15.52
417,7.64
418,12.28
419,6.48
420,0.6
421,5.7
422,0.62
423,6.06
424,3.2
425,25.7
426,0.56
427,12.78
428,2.9
429,1.24
430,0.84
431,1.52
432,2.06
433,5.4
434,1.04
435,2.24
436,13.28
437,1.84
438,1.96
439,3.88
440,1.92
441,6.66
442,0.72
443,14.1
444,1.0
445,1.16
446,19.62
447,3.08
448,3.4
449,2.9
450,0.96
451,2.44
452,19.92
453,2.48
454,2.88
455,8.1
456,0.92
457,1.64
458,1.88
459,2.82
460,3.26
461,1.24
462,13.54
463,2.94
464,4.62
465,13.16
466,2.08
467,2.3
468,51.58
469,13.96
470,2.08
471,1.08
472,4.92
473,0.84
474,1.04
475,8.36
476,17.04
477,2.6
478,2.84
479,5.52
480,14.6
481,27.66
482,0.96
483,0.58
484,19.12
485,1.16
486,5.16
487,1.0
488,8.76
489,9.48
490,2.56
491,17.58
492,59.66
493,17.58
494,8.24
495,11.64
496,2.48
497,2.76
498,2.74
499,4.52
500,6.28
501,4.08
502,9.08
503,2.12
504,0.56
505,1.0
506,3.12
507,2.9
508,3.88
509,2.76
510,2.4
511,1.0
512,2.96
513,1.92
514,4.96
515,2.36
516,6.08
517,3.64
518,5.0
519,0.84
520,17.3
521,10.22
522,36.46
523,54.84
524,1.12
525,1.96
526,3.96
527,1.96
528,1.28
529,1.12
530,11.8
531,1.08
532,3.48
533,10.2
534,8.2
535,24.84
536,4.8
537,47.56
538,9.7
539,16.14
540,43.72
541,1.12
542,3.08
543,0.84
544,2.04
545,43.86
546,170.8
547,15.4
548,4.56
549,2.4
550,54.76
551,1.02
552,1.08
553,1.58
554,8.26
555,1.56
556,1.72
557,2.62
558,2.72
559,3.32
560,2.0
561,8.6
562,2.4
563,7.7
564,4.76
565,1.24
566,7.64
567,2.72
569,2.52
570,19.54
571,5.6
572,2.04
573,4.64
574,1.08
575,1.04
576,5.5
577,6.32
578,8.56
579,13.28
580,0.8
581,1.5
582,1.5
583,3.3
584,1.12
585,9.94
586,4.68
587,4.52
588,1.94
589,2.16
590,3.4
591,3.72
592,59.22
593,3.64
594,1.92
595,1.48
596,0.88
597,1.9
598,8.32
599,1.04
600,0.84
601,0.84
602,1.04
603,0.96
604,1.0
605,3.24
606,15.42
607,0.88
608,7.44
609,1.0
610,5.76
611,1.12
612,1.08
613,0.96
614,1.72
615,1.12
616,6.6
617,3.66
618,0.96
619,2.04
620,3.64
621,8.8
622,0.88
623,2.5
624,1.0
625,18.14
626,7.08
627,4.16
628,15.7
629,1.88
630,26.62
631,1.0
632,22.06
633,6.04
634,28.46
635,29.68
636,0.92
637,1.24
638,1.88
639,1.88
640,6.56
641,6.5
642,8.64
643,2.86
644,11.14
645,0.86
646,1.04
647,26.06
648,0.88
649,2.08
650,9.1
651,9.74
652,3.24
653,3.68
654,11.8
655,2.44
656,2.76
657,1.16
658,6.26
659,1.5
660,1.76
661,3.04
662,0.88
663,1.92
664,35.82
665,2.56
666,3.64
667,9.08
668,0.88
669,0.8
670,1.92
671,1.12
672,1.08
673,4.46
674,2.04
675,1.16
676,2.2
677,2.44
678,8.06
679,1.0
680,8.28
681,3.4
682,0.38
683,1.24
684,1.12
685,2.5
686,2.16
687,44.16
688,5.72
689,6.36
690,1.28
691,6.42
692,0.94
693,1.2
694,0.6
695,1.58
696,1.92
697,4.28
698,0.88
699,1.96
700,11.66
701,5.94
702,1.76
703,2.58
704,1.04
705,12.84
706,1.08
707,6.0
708,2.52
709,3.16
710,21.34
711,1.08
712,0.88
713,0.0
714,18.82
715,2.72
716,4.12
717,0.88
718,3.0
719,1.36
720,1.84
721,0.88
722,7.22
723,0.84
724,2.6
725,25.66
726,5.52
727,1.88
728,2.24
729,54.94
730,1.34
731,1.12
732,30.1
733,7.32
734,2.64
735,8.22
736,0.8
737,0.88
738,1.12
739,1.04
740,0.92
741,2.0
742,16.2
743,3.2
744,3.48
745,0.92
746,0.96
747,1.08
748,2.08
749,0.96
750,0.58
751,2.24
752,1.0
753,3.68
754,0.8
755,6.44
756,1.3
757,11.32
758,1.12
759,1.04
760,8.44
761,1.0
762,2.84
763,1.86
764,1.76
765,0.96
766,0.48
767,11.48
768,6.56
769,3.92
770,18.64
771,0.42
772,1.04
773,1.92
774,1.32
775,51.66
776,3.2
777,12.52
778,1.96
779,10.26
780,10.64
781,11.22
782,2.24
783,1.04
784,3.52
785,1.0
786,7.34
787,1.6
788,2.9
789,0.72
790,1.76
791,4.64
792,2.74
793,2.64
794,3.2
795,4.76
796,0.92
797,0.84
798,2.64
799,3.96
800,1.16
801,9.46
802,7.4
803,1.0
804,6.72
805,2.12
806,0.46
807,0.96
808,0.96
809,1.08
810,1.08
811,3.0
812,4.04
813,1.0
814,1.04
815,1.96
816,1.0
817,1.96
818,3.0
819,1.4
820,6.2
821,0.96
822,1.28
823,21.92
824,5.7
825,0.8
826,1.64
827,6.08
828,1.74
829,0.94
830,2.84
831,0.58
832,67.82
833,1.8
834,1.26
835,3.84
836,0.92
837,2.04
838,6.86
839,1.88
840,0.48
841,3.3
842,3.6
843,1.28
844,1.38
845,1.96
846,8.08
847,5.28
848,1.08
849,2.12
850,1.3
851,3.56
852,0.96
853,8.22
854,1.58
855,0.84
856,12.12
857,2.04
858,0.44
859,1.04
860,1.08
861,6.68
862,10.48
863,2.32
864,2.56
865,1.54
866,3.96
867,2.72
868,1.2
869,1.42
870,3.94
871,2.12
872,3.3
873,1.88
874,2.16
875,5.28
876,1.64
877,2.0
878,1.0
879,2.12
880,1.72
881,0.88
882,59.8
883,1.08
884,1.12
885,5.8
886,1.76
887,0.92
888,1.04
889,1.72
890,0.5
891,2.24
892,5.32
893,0.84
894,11.24
895,0.0
896,4.02
897,1.18
898,1.64
899,3.72
900,12.68
901,0.84
902,2.92
903,5.8
904,7.14
905,226.66
906,3.86
907,5.54
908,48.28
909,1.0
910,2.7
911,3.2
912,2.46
913,4.16
914,0.68
915,3.28
916,1.08
917,10.4
918,0.96
919,1.08
920,9.24
921,12.76
922,8.14
923,30.88
924,1.04
925,18.04
926,3.0
927,2.96
928,5.52
929,11.82
930,1.6
931,5.96
932,1.66
933,1.04
934,2.08
935,5.66
936,0.54
937,51.52
938,1.54
939,1.4
940,1.72
941,1.82
942,1.52
943,6.44
944,0.92
945,1.84
946,1.32
947,1.16
948,3.76
949,0.42
950,4.76
951,1.24
952,1.12
953,8.22
954,2.48
955,1.04
956,0.84
957,1.36
958,3.0
959,2.46
960,1.6
961,3.68
962,8.2
963,6.24
964,1.16
965,0.42
966,0.96
967,10.3
968,1.56
969,1.0
970,0.92
971,0.62
972,6.76
973,2.12
974,0.96
975,4.58
976,0.72
977,1.8
978,13.04
979,1.0
980,0.88
981,1.8
982,5.28
983,0.88
984,2.8
985,1.12
986,1.8
987,1.84
988,12.82
989,1.0
990,1.04
991,1.1
992,1.28
993,0.88
994,2.72
995,2.76
996,0.96
997,2.36
998,0.54
999,0.84
1000,1.08
1001,10.06
1002,1.08
1003,0.88
1004,1.62
1005,11.16
1006,1.76
1007,0.84
1008,7.48
1009,3.0
1010,4.76
1011,3.68
1012,1.62
1013,11.1
1014,2.8
1015,0.96
1016,0.96
1017,0.68
1018,174.06
1019,4.82
1020,3.96
1021,2.38
1022,1.48
1023,1.34
1024,1.48
1025,1.88
1026,8.44
1027,1.08
1028,11.28
1029,1.04
1030,1.48
1031,0.92
1032,1.24
1033,1.32
1034,11.22
1035,0.5
1036,2.5
1037,4.5
1038,0.6
1039,1.0
1040,3.1
1041,0.56
1042,1.38
1043,13.94
1044,12.0
1045,2.0
1046,2.02
1047,0.92
1048,4.08
1049,0.92
1050,2.24
1051,1.52
1052,34.32
1053,47.84
1054,1.76
1055,1.5
1056,1.96
1057,1.56
1058,0.84
1059,1.0
1060,1.66
1061,1.0
1062,6.34
1063,2.92
1064,4.24
1065,5.14
1066,3.88
1067,1.8
1068,3.5
1069,1.72
1070,0.84
1071,0.96
1072,0.48
1073,4.8
1074,2.72
1075,0.96
1076,1.1
1077,0.8
1078,10.24
1079,1.28
1080,0.8
1081,1.28
1082,1.04
1083,1.04
1084,3.9
1085,0.96
1086,1.12
1087,1.04
1088,0.96
1089,1.04
1090,4.16
1091,0.6
1092,17.52
1093,1.0
1094,31.32
1095,6.58
1096,3.0
1097,1.12
1098,9.72
1099,1.0
1100,11.76
1101,1.04
1102,1.0
1103,0.96
1104,6.44
1105,2.28
1106,1.84
1107,6.64
1108,1.16
1109,1.04
1110,1.58
1111,1.32
1112,2.96
1113,5.14
1114,1.88
1115,1.48
1116,0.5
1117,1.0
1118,0.96
1119,5.46
1120,1.16
1121,2.16
1122,0.8
1123,0.6
1124,1.0
1125,1.0
1126,1.24
1127,2.38
1128,5.24
1129,2.88
1130,3.24
1131,1.96
1132,2.0
1133,2.44
1134,2.84
1135,1.12
1136,0.48
1137,0.56
1138,0.5
1139,3.38
1140,1.02
1141,0.56
1142,0.5
1143,2.94
1144,0.44
1145,0.44
1146,1.08
1147,2.82
1148,0.38
1149,1.08
1150,0.96
1151,0.38
1152,1.2
1153,0.92
1154,5.66
1155,0.62
1156,0.88
1157,1.12
1158,1.08
1159,4.4
1160,1.12
1161,0.92
1162,72.8
1163,0.76
1164,1.84
1165,3.12
1166,3.84
1167,0.88
1168,3.12
1169,0.72
1170,1.58
1171,0.96
1172,0.42
1173,0.58
1174,3.2
1175,1.0
1176,2.72
1177,0.96
1178,0.5
1179,2.6
1180,1.46
1181,1.92
1182,0.96
1183,2.0
1184,0.54
1185,34.16
1186,1.76
1187,2.44
1188,0.96
1189,1.12
1190,2.4
1191,3.28
1192,3.64
1193,1.12
1194,0.96
1195,1.24
1196,1.88
1197,1.0
1198,8.82
1199,2.24
1200,4.68
1201,51.22
1202,2.14
1203,1.04
1204,13.44
1205,1.34
1206,1.36
1207,9.3
1208,0.88
1209,1.36
1210,1.08
1211,0.0
1212,0.8
1213,1.5
1214,1.7
1215,1.0
1216,1.24
1217,88.94
1218,1.34
1219,2.8
1220,0.8
1221,0.92
1222,10.8
1223,2.0
1224,0.96
1225,2.12
1226,5.28
1227,4.0
1228,0.92
1229,2.04
1230,2.48
1231,2.64
1232,1.12
1233,0.56
1234,0.8
1235,0.92
1236,1.8
1237,2.4
1238,0.96
1239,8.92
1240,0.76
1241,1.8
1242,2.6
1243,4.88
1244,4.84
1245,39.32
1246,0.48
1247,1.96
1248,1.12
1249,2.04
1250,1.04
1251,2.04
1252,12.36
1253,1.92
1254,0.92
1255,0.88
1256,0.92
1257,12.94
1258,3.54
1259,0.96
1260,2.96
1261,1.12
1262,2.84
1263,3.0
1264,1.68
1265,0.84
1266,1.8
1267,20.08
1268,15.76
1269,3.38
1270,2.52
1271,18.14
1272,11.96
1273,1.2
1274,1.16
1275,5.6
1276,0.88
1277,6.82
1278,1.28
1279,1.92
1280,1.0
1281,62.94
1282,2.08
1283,1.08
1284,0.92
1285,1.12
1286,4.48
1287,0.5
1288,2.12
1289,10.84
1290,11.14
1291,1.88
1292,5.72
1293,1.08
1294,0.52
1295,6.44
1296,1.36
1297,0.52
1298,0.96
1299,3.56
1300,1.76
1301,4.36
1302,7.76
1303,0.96
1304,1.08
1305,0.96
1306,1.2
1307,2.08
1308,0.0
1309,1.08
1310,3.52
1311,0.92
1312,12.72
1313,0.96
1314,0.46
1315,5.92
1316,50.46
1317,109.92
1318,17.64
1319,5.76
1320,2.04
1321,0.76
1322,8.28
1323,0.8
1324,2.4
1325,4.76
1326,0.92
1327,0.52
1328,4.76
1329,0.42
1330,0.88
1331,3.3
1332,7.3
1333,0.92
1334,148.9
1335,0.44
1336,1.0
1337,2.04
1338,2.48
1340,0.6
1341,1.12
1342,2.02
1343,0.8
1344,2.12
1345,5.62
1346,1.88
1347,1.16
1348,32.98
1349,2.84
1350,0.96
1351,1.04
1352,109.54
1353,10.0
1354,5.12
1355,1.0
1356,1.72
1357,3.26
1358,3.82
1359,1.92
1360,0.92
1361,0.48
1362,2.62
1363,28.1
1364,0.84
1365,1.04
1366,40.12
1367,0.44
1368,18.74
1369,2.8
1370,4.12
1371,1.48
1372,1.12
1373,0.88
1374,0.92
1375,4.08
1376,8.62
1377,12.12
1378,0.8
1379,5.04
1380,1.0
1381,0.84
1382,0.88
1383,57.24
1384,6.5
1385,1.92
1386,119.5
1387,0.0
1388,1.04
1389,2.54
1390,0.8
1391,2.08
1392,1.54
1393,0.0
1394,13.52
1395,0.46
1396,116.6
1397,0.92
1399,0.92
1400,15.02
1401,3.76
1402,3.64
1403,17.72
1404,3.32
1405,0.84
1406,3.92
1407,0.92
1408,1.04
1409,1.04
1410,1.48
1411,2.2
1412,21.5
1413,5.96
1414,0.46
1415,2.2
1416,0.96
1417,3.52
1418,1.32
1419,1.08
1420,2.16
1421,1.38
1422,2.78
1423,1.0
1424,1.0
1425,1.0
1426,3.28
1427,0.88
1428,0.38
1429,1.16
1430,0.92
1431,1.0
1432,2.24
1433,0.96
1434,1.08
1435,0.84
1436,3.68
1437,7.76
1438,3.64
1439,4.06
1440,0.54
1441,1.88
1442,2.92
1443,0.84
1444,1.64
1445,0.38
1446,1.76
1447,4.88
1448,0.84
1449,1.2
1450,0.46
1451,7.1
1452,0.96
1453,10.16
1454,0.92
1455,0.92
1456,3.74
1457,1.88
1458,4.24
1459,0.5
1460,0.44
1461,1.92
1462,3.4
1463,3.44
1464,6.32
1465,4.72
1466,0.96
1467,0.96
1468,2.08
1469,4.0
1470,0.96
1471,6.44
1472,1.0
1473,16.86
1474,1.08
1475,1.76
1476,1.68
1477,8.14
1478,19.2
1479,1.84
1480,3.12
1481,1.04
1482,5.8
1483,1.0
1484,0.84
1485,0.62
1486,4.84
1487,26.06
1488,1.16
1489,0.42
1490,8.74
1491,0.96
1492,2.56
1493,1.12
1494,1.04
1495,0.96
1496,1.54
1497,0.4
1498,0.46
1499,34.0
1500,2.44
1501,0.58
1502,32.42
1503,0.48
1504,2.42
1505,0.5
1506,1.84
1507,3.08
1508,27.84
1509,0.56
1510,2.22
1511,0.94
1512,28.98
1513,2.84
1514,0.8
1515,2.24
1516,0.96
1517,8.6
1518,1.18
1519,2.16
1520,4.22
1521,4.44
1522,2.24
1523,0.6
1524,2.24
1525,7.52
1526,6.64
1527,6.44
1528,22.9
1529,34.04
1530,0.72
1531,1.62
1532,0.6
1533,1.96
1534,0.52
1535,2.1
1536,1.04
1537,1.04
1538,1.0
1539,14.4
1540,0.44
1541,7.16
1542,2.08
1543,39.64
1544,5.72
1545,0.58
1546,4.6
1547,1.2
1548,19.6
1549,0.88
1550,4.16
1551,1.0
1552,0.96
1553,1.04
1554,1.96
1555,68.68
1556,12.44
1557,15.4
1558,0.6
1559,1.12
1560,1.12
1561,0.58
1562,30.3
1564,0.92
1565,99.1
1566,97.38
1567,0.56
1568,13.82
1569,1.0
1570,1.36
1571,0.92
1572,0.6
1573,1.2
1574,2.84
1575,2.24
1576,12.8
1577,0.52
1578,0.46
1579,2.7
1580,0.88
1581,1.12
1582,1.5
1583,2.84
1584,24.58
1585,77.28
1586,2.24
1587,1.02
1588,1.12
1589,0.48
1590,0.84
1591,11.9
1592,1.16
1593,4.76
1594,0.52
1595,4.12
1596,7.52
1597,1.62
1598,1.5
1599,0.54
1600,0.52
1601,0.76
1602,1.4
1603,0.8
1604,0.88
1605,5.04
1606,0.96
1607,2.2
1608,2.4
1609,1.48
1610,1.5
1611,7.84
1612,42.46
1613,0.88
1614,0.72
1615,87.16
1616,3.52
1617,1.12
1618,4.9
1619,2.0
1620,33.1
1621,1.96
1622,0.68
1623,1.52
1624,7.98
1625,1.5
1626,3.16
1627,1.0
1628,6.44
1629,54.3
1630,1.0
1631,0.96
1632,0.96
1633,1.44
1634,2.92
1635,1.8
1636,9.56
1637,1.92
1639,19.26
1640,0.96
1641,0.76
1642,1.42
1643,0.52
1644,2.34
1645,3.04
1646,0.44
1647,2.56
1648,3.7
1649,0.42
1650,2.6
1651,2.72
1653,7.94
1654,3.68
1655,3.76
1656,29.68
1657,6.72
1658,0.88
1659,0.5
1660,0.5
1661,0.96
1662,2.32
1663,0.52
1664,4.42
1665,3.24
1666,3.08
1667,2.0
1668,1.4
1669,2.9
1670,26.54
1671,0.56
1672,3.82
1673,2.08
1674,8.48
1675,57.56
1676,4.44
1677,23.66
1678,1.04
1679,0.88
1680,0.96
1681,0.76
1682,1.2
1683,1.0
1684,1.04
1685,3.66
1686,10.28
1687,1.36
1688,1.44
1689,17.12
1690,24.4
1691,1.12
1692,2.16
1693,51.36
1694,0.4
1695,0.56
1696,1.04
1697,2.92
1698,0.92
1699,1.28
1700,3.72
1701,10.6
1702,4.72
1703,1.4
1704,2.32
1705,0.0
1706,0.48
1707,0.96
1708,0.68
1709,0.38
1710,0.96
1711,1.08
1712,2.92
1713,7.74
1714,35.7
1715,4.0
1716,0.44
1717,0.92
1718,0.8
1719,4.8
1720,2.76
1721,1.34
1722,2.04
1723,0.76
1724,1.58
1725,7.72
1726,1.28
1727,4.84
1728,1.0
1729,0.68
1730,1.12
1731,87.52
1732,0.88
1733,6.7
1734,0.44
1735,34.62
1736,8.92
1737,0.58
1738,2.0
1739,0.0
1740,1.76
1741,1.64
1742,0.0
1743,9.94
1744,73.9
1745,1.04
1746,24.26
1747,2.2
1748,1.0
1749,0.5
1750,2.12
1751,8.24
1752,22.12
1753,7.24
1754,13.9
1755,4.36
1756,1.02
1757,9.18
1758,0.88
1759,1.08
1760,0.96
1761,0.8
1762,2.66
1763,1.84
1764,37.26
1765,14.98
1766,1.08
1767,2.24
1768,0.96
1769,7.4
1770,0.88
1771,73.0
1772,1.6
1773,5.72
1774,3.66
1775,1.92
1776,2.2
1777,1.12
1778,7.14
1779,8.64
1780,2.24
1781,0.62
1782,1.6
1783,0.0
1784,1.96
1785,3.2
1786,2.04
1787,1.0
1788,15.56
1789,2.04
1790,2.68
1791,0.46
1792,1.6
1793,1.04
1794,3.38
1795,1.08
1796,1.12
1797,2.76
1798,2.24
1799,4.36
1800,6.0
1801,0.76
1802,57.64
1803,7.36
1804,3.48
1805,0.84
1806,8.08
1807,0.84
1808,2.2
1809,7.14
1810,267.26
1811,10.16
1812,0.96
1813,1.16
1814,2.12
1815,18.42
1816,0.92
1817,3.92
1818,1.12
1819,20.42
1820,4.18
1821,1.12
1822,1.04
1823,1.88
1824,1.2
1825,1.08
1826,1.9
1827,1.06
1828,0.84
1829,9.48
1830,1.32
1831,1.0
1832,105.26
1833,2.42
1834,1.76
1835,1.24
1836,0.46
1837,1.48
1838,3.04
1839,4.0
1840,22.16
1841,1.16
1842,3.0
1843,11.92
1844,5.88
1845,2.82
1846,24.68
1847,1.52
1848,1.04
1849,4.16
1850,21.2
1851,2.72
1852,1.0
1853,0.9
1854,0.64
1855,1.42
1856,2.08
1857,1.64
1858,0.66
1859,11.52
1860,63.7
1861,1.38
1862,0.0
1863,0.88
1864,3.28
1865,0.92
1866,1.04
1867,1.42
1868,1.0
1869,0.88
1870,0.38
1871,1.54
1872,5.16
1873,12.8
1874,1.08
1875,0.8
1876,7.74
1877,1.4
1878,5.82
1879,4.76
1880,3.52
1881,0.96
1882,1.12
1883,1.16
1884,1.86
1885,22.66
1886,5.42
1887,1.12
1888,4.88
1889,2.48
1890,20.74
1891,0.88
1892,5.36
1893,7.44
1894,6.88
1895,0.88
1896,18.0
1897,0.92
1898,1.92
1899,128.44
1900,2.6
1901,1.56
1902,2.16
1903,1.16
1904,0.92
1905,15.38
1906,2.32
1907,1.92
1908,1.16
1909,0.96
1910,1.16
1911,4.96
1912,16.56
1913,1.62
1914,0.48
1915,2.66
1916,27.72
1917,2.22
1918,3.3
1919,8.84
1920,2.7
1921,33.78
1922,30.18
1923,4.28
1924,1.12
1925,1.08
1926,0.48
1927,1.04
1928,0.96
1929,0.92
1930,1.04
1931,1.72
1932,0.52
1933,7.48
1934,2.64
1935,0.76
1936,3.12
1937,9.26
1938,5.76
1939,16.46
1940,3.04
1941,0.84
1942,0.88
1943,1.92
1944,4.04
1945,1.56
1946,5.96
1947,15.16
1948,27.32
1949,1.84
1950,1.0
1951,6.3
1952,1.04
1953,164.0
1954,2.26
1955,4.96
1956,1.0
1957,4.36
1958,1.92
1959,1.46
1960,1.92
1961,1.0
1962,2.16
1963,0.44
1964,11.7
1965,0.88
1966,2.04
1967,30.92
1968,1.8
1969,1.0
1970,1.56
1971,10.36
1972,3.48
1973,5.22
1974,1.76
1975,0.52
1976,4.18
1977,4.28
1978,3.88
1979,1.08
1980,1.24
1981,7.16
1982,1.48
1983,0.5
1984,4.86
1985,1.4
1986,4.06
1987,0.84
1988,2.66
1989,2.2
1990,9.24
1991,15.44
1992,3.0
1993,4.2
1994,5.8
1995,0.96
1997,9.78
1998,12.4
1999,0.88
2000,2.98
2001,0.92
2002,1.78
2003,1.0
2004,8.16
2005,0.5
2006,4.76
2007,1.16
2008,0.0
2009,0.96
2010,1.12
2011,2.12
2012,13.72
2013,7.1
2014,3.48
2015,0.96
2016,6.4
2017,9.34
2018,6.16
2019,1.0
2020,2.82
2021,1.04
2022,4.68
2023,0.54
2024,0.96
2025,0.96
2026,1.16
2027,0.88
2028,254.44
2029,1.2
2030,15.54
2031,1.32
2032,2.04
2033,2.68
2034,19.7
2035,1.28
2036,0.52
2037,1.0
2038,1.0
2039,0.44
2040,10.82
2041,0.48
2042,4.64
2043,1.84
2044,9.16
2045,122.24
2046,6.2
2047,1.42
2048,3.58
2049,6.6
2050,2.56
2051,1.12
2052,2.42
2053,5.96
2054,10.86
2055,0.96
2056,4.64
2057,1.88
2058,1.92
2059,2.04
2060,0.54
2061,1.0
2062,2.2
2063,50.08
2064,7.74
2065,0.0
2066,0.92
2067,109.72
2068,1.54
2069,1.04
2070,10.68
2071,4.32
2072,6.22
2073,3.26
2074,0.44
2076,3.82
2077,1.16
2078,0.54
2079,3.04
2080,16.34
2081,3.24
2082,0.84
2083,2.6
2084,0.88
2085,17.26
2086,0.96
2087,7.6
2088,2.08
2089,5.68
2090,12.78
2091,4.16
2092,1.16
2093,4.72
2094,1.12
2095,4.7
2096,1.44
2097,3.92
2098,3.92
2099,1.66
2100,1.88
2101,1.0
2102,4.08
2103,7.16
2104,2.92
2105,0.56
2106,1.92
2107,1.0
2108,1.76
2109,1.2
2110,60.02
2111,1.36
2112,0.96
2113,17.36
2114,1.28
2115,2.32
2116,1.12
2117,1.48
2118,24.2
2119,6.04
2120,3.32
2121,4.0
2122,3.08
2123,8.36
2124,17.44
2125,152.8
2126,0.44
2127,8.38
2128,3.04
2129,2.0
2130,1.04
2131,11.86
2132,10.12
2133,1.08
2134,2.8
2135,7.28
2136,1.68
2137,1.04
2138,1.96
2139,2.52
2140,2.16
2141,27.46
2142,13.94
2143,2.28
2144,7.84
2145,2.0
2146,3.06
2147,1.86
2148,3.22
2149,1.28
2150,1.2
2151,0.96
2152,1.44
2153,0.42
2154,2.16
2155,3.96
2156,0.44
2157,1.16
2158,10.7
2159,3.92
2160,2.08
2161,1.0
2162,1.92
2163,1.08
2164,3.04
2165,12.6
2166,2.04
2167,22.0
2168,0.88
2169,0.96
2170,0.66
2171,0.9
2172,1.08
2173,48.9
2174,14.5
2175,7.16
2176,51.74
2177,0.56
2178,10.3
2179,0.54
2180,1.52
2181,1.68
2182,1.12
2183,1.32
2184,0.96
2185,0.96
2186,0.8
2187,16.32
2188,14.48
2189,2.64
2190,0.4
2191,0.58
2192,7.98
2193,0.96
2194,39.64
2195,6.0
2196,0.56
2197,1.0
2198,40.98
2199,2.88
2200,1.72
2201,9.06
2202,4.4
2203,1.16
2204,4.6
2205,7.72
2206,1.16
2207,0.8
2208,8.14
2209,0.0
2210,1.04
2211,1.04
2212,2.72
2213,1.92
2214,27.7
2215,1.04
2216,0.42
2217,5.8
2218,0.56
2219,8.2
2220,0.84
2221,5.64
2222,0.88
2223,0.44
2224,3.4
2225,0.52
2226,0.88
2227,2.0
2228,0.88
2229,11.16
2230,10.38
2231,9.9
2232,0.8
2233,10.66
2234,0.84
2235,2.54
2236,1.2
2237,1.08
2238,0.8
2239,0.0
2240,0.96
2241,1.9
2242,1.08
2243,11.04
2244,17.2
2245,0.42
2246,2.46
2247,0.5
2248,0.52
2249,7.74
2250,1.12
2251,4.3
2252,30.32
2253,1.2
2254,1.0
2255,7.36
2256,2.6
2257,4.74
2258,2.14
2259,1.82
2260,3.72
2261,0.48
2262,27.72
2263,0.6
2264,1.04
2265,2.24
2266,41.74
2267,0.46
2268,1.98
2269,7.48
2270,0.68
2271,2.52
2272,2.08
2273,1.16
2274,2.8
2275,5.0
2276,0.5
2277,4.16
2278,1.2
2279,0.92
2280,1.0
2281,8.04
2282,1.88
2283,0.6
2284,8.2
2285,0.76
2286,0.56
2287,1.1
2288,1.62
2289,7.54
2290,0.84
2291,4.28
2292,4.7
2293,7.26
2295,0.92
2296,144.22
2297,9.48
2298,1.16
2299,10.08
2300,0.46
2301,1.12
2302,0.84
2303,23.02
2304,6.86
2305,6.96
2306,28.26
2307,0.96
2308,0.46
2309,3.44
2310,10.16
2311,11.16
2312,5.38
2313,19.88
2314,0.46
2315,15.92
2316,2.8
2317,2.88
2318,31.28
2319,2.26
2320,0.96
2321,0.88
2322,28.16
2323,1.08
2324,1.08
2325,10.9
2326,1.78
2327,0.92
2328,24.72
2329,0.42
2330,0.96
2331,0.96
2332,3.6
2333,9.2
2334,2.28
2335,1.0
2336,2.64
2337,3.12
2338,0.0
2339,0.84
2340,0.84
2341,3.56
2342,2.86
2343,3.52
2344,24.14
2345,1.08
2346,5.98
2347,1.0
2348,1.68
2349,6.66
2350,1.92
2351,4.32
2352,3.08
2353,0.88
2354,1.0
2355,1.62
2356,1.64
2357,0.96
2358,0.76
2359,4.48
2360,1.0
2362,1.2
2363,4.62
2364,2.94
2365,2.86
2366,0.92
2367,0.36
2368,1.08
2369,1.52
2370,4.88
2371,4.24
2372,1.28
2373,1.88
2374,1.12
2375,0.88
2376,0.8
2377,2.88
2378,51.58
2379,1.48
2380,1.96
2381,0.92
2382,1.04
2383,1.4
2384,0.58
2385,0.9
2386,3.24
2387,1.28
2388,142.62
2389,4.44
2390,2.04
2391,2.0
2392,17.92
2393,2.32
2394,0.92
2395,0.88
2396,4.66
2397,40.0
2398,10.54
2399,15.3
2400,1.88
2401,0.76
2402,3.12
2403,1.64
2404,61.46
2405,5.34
2406,1.92
2407,3.26
2408,4.28
2409,4.92
2410,2.4
2411,5.04
2412,2.56
2413,0.6
2414,0.68
2415,4.92
2416,3.44
2417,0.96
2418,0.42
2419,10.18
2420,2.28
2421,1.72
2422,1.16
2423,0.84
2424,2.54
2425,0.54
2426,0.96
2427,10.42
2428,1.56
2429,2.62
2430,10.78
2431,4.46
2432,0.6
2433,0.9
2434,3.02
2435,1.34
2436,1.08
2437,10.56
2438,4.32
2439,0.0
2440,1.2
2441,2.6
2442,1.84
2443,1.76
2444,2.36
2445,1.0
2446,1.62
2447,2.34
2448,1.5
2449,5.28
2450,0.52
2451,0.84
2452,1.0
2453,1.16
2454,1.76
2455,6.56
2456,0.96
2458,1.0
2459,0.8
2460,1.08
2461,0.96
2462,1.2
2463,1.92
2464,5.76
2465,0.56
2466,2.32
2468,0.8
2469,0.92
2470,3.76
2471,1.0
2472,14.74
2473,1.84
2474,0.5
2475,10.2
2476,5.0
2477,0.88
2478,0.84
2479,0.84
2480,0.0
2481,0.5
2482,0.54
2483,1.4
2484,16.34
2485,40.1
2486,5.64
2487,2.8
2488,1.0
2489,1.04
2490,0.92
2491,2.8
2492,1.2
2493,1.0
2494,6.08
2495,3.28
2496,9.92
2497,0.96
2498,4.54
2499,0.46
2500,1.08
2501,2.58
2502,2.4
2503,1.08
2504,0.88
2505,2.92
2506,0.56
2507,1.44
2508,1.0
2509,0.88
2510,3.04
2511,1.24
2512,2.2
2513,1.4
2514,1.2
2515,1.0
2516,4.52
2517,0.52
2518,2.4
2519,0.96
2520,2.6
2521,4.24
2522,0.6
2523,1.0
2524,16.8
2525,2.96
2526,1.04
2527,0.56
2528,0.5
2529,3.38
2530,0.0
2531,2.46
2532,0.0
2533,0.6
2534,1.12
2535,6.48
2536,7.24
2537,2.84
2538,25.02
2539,1.34
2540,3.28
2541,1.04
2542,1.12
2543,0.98
2544,1.18
2545,0.84
2546,1.3
2547,0.5
2548,1.02
2549,1.64
2550,2.9
2551,0.52
2552,19.44
2553,1.2
2555,1.34
2556,3.08
2557,1.12
2558,9.0
2559,1.24
2561,2.54
2562,2.12
2563,3.24
2564,1.68
2565,29.46
2566,8.18
2567,1.88
2568,4.52
2569,3.6
2570,2.52
2571,2.4
2572,0.92
2573,0.96
2574,5.52
2575,1.2
2576,1.38
2577,0.42
2578,1.72
2579,0.96
2580,5.44
2581,1.86
2582,2.38
2584,1.82
2585,6.22
2586,0.88
2587,2.16
2588,2.52
2589,5.04
2590,10.68
2591,0.76
2592,4.4
2593,6.76
2594,4.72
2595,0.46
2596,0.48
2597,1.4
2598,1.0
2599,1.72
2600,95.2
2601,2.9
2602,0.9
2603,2.12
2604,0.52
2605,3.42
2606,2.24
2607,1.62
2608,1.04
2609,2.96
2610,4.8
2611,1.0
2612,4.2
2613,0.4
2614,4.42
2615,1.0
2616,1.0
2617,0.0
2618,1.62
2619,0.0
2620,0.68
2621,1.4
2622,1.78
2623,2.0
2624,0.84
2625,103.92
2626,2.2
2627,0.72
2628,3.94
2629,1.36
2630,2.56
2631,4.12
2632,2.62
2633,1.46
2634,0.46
2635,70.64
2636,6.3
2637,1.16
2638,1.16
2639,1.38
2640,0.56
2641,0.92
2642,388.4
2643,0.84
2644,3.66
2645,1.36
2646,4.04
2647,50.3
2648,0.84
2649,1.12
2651,0.84
2652,1.6
2653,0.48
2654,4.76
2655,1.0
2656,1.58
2657,4.86
2658,26.82
2659,1.16
2660,0.92
2661,11.42
2662,1.84
2663,1.64
2664,1.28
2665,2.52
2666,1.32
2667,1.24
2668,1.62
2669,1.76
2670,4.42
2671,1.66
2672,4.64
2673,0.6
2674,5.76
2675,1.78
2676,4.26
2677,2.66
2678,1.9
2679,2.74
2680,5.14
2681,1.96
2682,4.56
2683,3.94
2684,3.56
2685,1.04
2686,4.56
2687,0.5
2688,16.36
2689,1.08
2690,0.46
2691,3.28
2692,2.6
2693,5.98
2694,2.02
2695,1.22
2696,1.0
2697,0.46
2698,0.58
2699,1.38
2700,4.48
2701,2.34
2702,3.08
2703,1.02
2704,1.7
2705,0.96
2706,0.0
2707,0.0
2708,0.0
2709,0.0
2710,16.3
2711,3.6
2712,1.88
2713,2.08
2714,0.88
2715,0.84
2716,6.46
2717,2.22
2718,1.06
2719,1.0
2720,1.92
2721,1.02
2722,0.0
2723,2.36
2724,4.24
2725,64.56
2726,6.04
2727,0.96
2728,26.3
2729,0.96
2730,5.08
2731,5.98
2732,5.48
2733,19.74
2734,0.54
2735,1.8
2736,1.08
2737,1.72
2738,1.98
2739,1.96
2740,1.58
2741,0.38
2742,3.48
2743,0.0
2744,0.82
2745,1.46
2746,1.78
2747,0.88
2748,1.24
2749,1.12
2750,1.04
2751,2.2
2752,1.1
2753,0.0
2754,2.88
2755,20.42
2756,0.92
2757,3.14
2758,2.48
2759,0.72
2760,0.54
2761,2.52
2762,3.36
2763,28.54
2765,0.96
2766,1.16
2767,9.6
2768,2.04
2769,1.5
2770,4.84
2771,0.84
2772,1.76
2773,0.44
2774,1.6
2775,21.48
2776,0.84
2777,14.56
2778,5.82
2779,1.4
2780,16.5
2781,1.94
2782,5.96
2783,1.44
2784,20.28
2785,1.0
2786,0.76
2787,1.12
2788,1.96
2789,3.5
2790,0.8
2791,1.08
2792,0.84
2793,0.96
2794,1.28
2795,11.78
2796,1.0
2797,0.88
2798,1.32
2799,1.84
2800,2.28
2801,2.12
2802,1.56
2803,5.92
2804,2.28
2805,10.14
2806,1.6
2807,2.04
2808,4.36
2809,3.62
2810,0.92
2811,0.96
2812,7.24
2813,2.04
2814,1.16
2815,0.52
2816,0.88
2817,2.7
2818,1.64
2819,5.48
2820,0.58
2821,3.6
2822,20.4
2823,2.72
2824,0.8
2825,3.72
2826,1.08
2827,0.88
2828,3.16
2829,3.84
2830,0.88
2831,0.84
2832,0.76
2833,0.96
2834,0.46
2835,59.26
2836,0.96
2837,3.32
2838,2.88
2839,9.76
2840,5.38
2841,0.8
2843,1.04
2844,2.12
2845,4.06
2846,1.0
2847,2.04
2848,23.7
2849,1.04
2850,1.0
2851,5.28
2852,3.28
2853,1.0
2854,0.76
2855,0.5
2856,1.12
2857,1.98
2858,1.92
2859,10.12
2860,2.88
2861,13.84
2862,2.2
2863,0.0
2864,0.38
2865,1.92
2866,2.18
2867,4.56
2868,1.44
2869,1.16
2870,1.72
2871,1.0
2872,1.5
2873,1.84
2874,2.04
2875,3.92
2876,5.48
2877,1.8
2878,9.62
2879,0.5
2880,15.5
2881,1.08
2882,1.0
2883,0.5
2884,2.04
2885,2.2
2886,0.0
2887,2.32
2888,1.96
2889,5.18
2890,0.84
2891,3.16
2892,10.22
2893,1.6
2894,1.46
2895,2.08
2896,2.92
2897,51.2
2898,5.04
2899,0.88
2900,0.84
2901,8.48
2902,1.08
2903,13.02
2904,1.48
2905,2.6
2906,5.16
2907,1.08
2908,1.84
2909,1.84
2910,4.28
2911,0.52
2912,0.84
2913,2.44
2914,1.12
2915,4.76
2916,2.16
2917,0.44
2918,1.74
2919,1.08
2920,0.92
2921,0.0
2922,1.1
2923,1.8
2924,1.08
2925,2.16
2926,0.0
2927,0.4
2928,4.22
2929,3.18
2930,0.76
2931,1.08
2932,0.4
2933,2.44
2934,43.7
2935,0.0
2936,0.88
2937,3.52
2938,0.48
2939,2.0
2940,7.46
2941,1.12
2942,116.78
2943,12.62
2944,8.92
2945,1.58
2946,1.2
2947,0.44
2948,8.12
2949,1.12
2950,3.6
2952,4.72
2953,0.38
2954,0.96
2955,1.8
2956,0.96
2958,8.62
2959,0.84
2960,1.34
2961,14.86
2962,9.68
2963,8.36
2964,1.56
2965,0.46
2966,2.78
2968,0.52
2969,4.84
2970,0.0
2971,1.08
2972,0.64
2973,2.56
2974,0.6
2975,1.24
2976,2.04
2977,17.88
2978,1.12
2980,1.3
2981,4.6
2982,1.44
2983,0.68
2984,0.76
2985,0.46
2986,0.42
2987,10.36
2988,0.38
2989,1.0
2990,0.5
2991,1.12
2992,1.42
2993,3.32
2994,0.8
2995,1.08
2996,0.0
2997,1.08
2998,1.48
2999,1.08
3000,30.9
3001,7.56
3002,6.52
3003,6.26
3005,4.62
3006,11.58
3008,1.34
3009,1.08
3010,1.16
3011,1.0
3012,0.84
3013,29.78
3015,2.34
3016,3.56
3017,0.88
3018,79.76
3019,1.0
3020,11.04
3021,1.02
3022,0.0
3023,7.84
3024,1.72
3025,1.18
3026,0.8
3027,0.94
3028,0.68
3029,8.32
3030,0.6
3031,1.5
3032,1.08
3033,2.48
3034,0.88
3035,1.52
3036,6.94
3037,5.52
3038,0.88
3040,26.02
3041,1.04
3042,1.0
3043,2.16
3044,5.4
3045,7.8
3046,0.8
3047,7.88
3048,0.4
3049,0.56
3050,4.52
3051,0.4
3052,0.46
3053,0.92
3054,2.92
3055,1.28
3056,2.12
3058,0.44
3059,0.38
3060,2.22
3061,0.0
3062,4.7
3063,7.28
3064,0.88
3065,1.3
3066,0.46
3067,1.92
3068,0.5
3069,0.92
3070,0.8
3071,0.0
3072,1.4
3073,0.4
3074,0.8
3075,0.92
3076,3.04
3077,0.9
3078,1.84
3079,1.24
3080,0.92
3081,1.44
3082,1.64
3083,0.96
3084,1.84
3085,1.28
3086,14.78
3087,5.66
3088,1.36
3089,0.68
3090,0.76
3091,1.0
3092,2.16
3093,2.88
3094,1.04
3095,0.54
3096,0.84
3097,0.46
3098,1.08
3099,40.78
3100,0.66
3101,1.92
3102,1.84
3103,2.18
3104,2.62
3105,10.24
3106,3.84
3107,23.92
3108,0.0
3109,0.0
3110,2.68
3111,1.84
3112,0.68
3113,17.26
3114,1.0
3115,1.28
3116,1.12
3117,0.38
3118,0.42
3119,9.56
3120,3.2
3121,1.0
3122,3.04
3123,1.92
3124,0.84
3125,1.12
3126,1.04
3127,2.8
3128,1.0
3129,106.8
3130,0.4
3131,0.5
3132,0.56
3133,0.44
3134,0.42
3135,1.0
3136,9.28
3137,2.32
3138,1.08
3139,0.84
3140,0.92
3141,0.92
3142,2.06
3143,1.84
3144,0.0
3145,0.98
3146,9.72
3147,0.84
3148,2.92
3149,0.34
3150,1.08
3151,1.2
3153,3.88
3154,0.54
3155,2.96
3156,0.62
3157,0.96
3158,1.04
3159,0.0
3160,5.04
3161,24.82
3162,0.5
3163,1.14
3164,0.84
3165,6.68
3166,2.24
3167,0.0
3168,9.52
3169,1.0
3170,0.52
3171,1.48
3172,7.68
3173,0.94
3174,0.8
3175,1.22
3176,0.52
3177,0.42
3178,0.46
3179,0.62
3180,0.96
3181,1.04
3182,3.74
3183,2.08
3184,2.6
3185,7.88
3187,0.92
3188,0.48
3189,4.8
3190,2.8
3191,1.44
3192,1.12
3193,2.4
3194,7.12
3195,14.76
3196,2.54
3197,7.66
3198,2.08
3199,1.7
3200,0.48
3201,0.46
3202,2.0
3203,2.12
3204,6.56
3205,0.72
3206,1.96
3207,3.4
3208,10.32
3209,3.76
3210,0.84
3211,2.28
3212,0.4
3213,0.54
3214,4.64
3215,0.8
3216,0.96
3217,2.88
3218,1.12
3219,49.52
3220,2.0
3221,3.0
3222,1.04
3223,22.8
3224,0.6
3225,4.44
3226,1.36
3227,1.92
3228,0.6
3229,13.48
3230,1.12
3231,4.12
3232,0.52
3233,12.08
3234,1.0
3235,0.4
3236,6.68
3237,11.8
3238,1.04
3239,20.32
3240,0.84
3241,2.32
3242,5.32
3243,1.2
3244,1.0
3245,0.92
3246,4.32
3247,0.84
3248,2.28
3249,0.92
3250,2.96
3251,2.0
3252,2.66
3253,1.12
3254,2.76
3255,2.32
3256,0.64
3257,3.6
3258,1.02
3259,2.04
3260,15.64
3261,1.64
3262,2.0
3263,1.16
3264,1.8
3265,2.2
3266,0.48
3267,1.24
3268,4.92
3269,2.6
3270,5.02
3271,1.2
3272,3.62
3273,6.28
3274,1.88
3275,1.48
3276,1.0
3277,2.04
3278,5.76
3279,1.08
3280,0.96
3281,1.12
3282,0.46
3283,2.98
3284,0.36
3285,3.12
3286,0.92
3287,2.02
3288,0.58
3289,0.96
3290,1.04
3291,0.62
3292,3.32
3293,0.88
3294,0.5
3295,2.94
3296,3.26
3297,2.0
3298,2.0
3299,1.12
3300,2.02
3301,1.04
3302,1.92
3303,0.84
3304,2.08
3305,0.42
3306,1.16
3307,0.44
3308,1.04
3309,3.78
3310,1.56
3311,2.08
3312,0.44
3313,1.8
3314,0.52
3315,2.0
3316,10.22
3317,7.7
3318,1.28
3319,18.1
3320,2.2
3321,4.64
3322,1.2
3323,2.84
3324,0.56
3325,0.4
3326,8.12
3327,6.92
3328,2.58
3329,2.32
3330,0.0
3331,0.84
3332,1.08
3333,1.48
3334,1.08
3335,9.18
3336,2.08
3337,2.12
3338,1.64
3340,0.96
3341,1.94
3342,5.2
3343,1.56
3344,1.24
3345,42.86
3346,2.38
3347,3.16
3348,1.8
3349,5.72
3351,0.96
3352,1.92
3353,14.24
3354,1.28
3355,2.2
3357,1.96
3358,0.8
3359,2.82
3360,1.0
3361,1.84
3362,0.38
3363,2.74
3364,0.54
3365,1.0
3366,38.44
3367,2.52
3368,1.0
3369,1.54
3370,2.0
3371,0.0
3372,0.0
3373,0.0
3374,11.2
3375,0.36
3376,0.0
3377,6.42
3378,1.06
3379,2.88
3380,4.96
3381,5.12
3382,1.94
3383,1.22
3384,0.0
3385,4.2
3386,0.58
3387,0.88
3388,2.56
3389,11.98
3390,0.92
3391,5.8
3392,3.08
3393,0.48
3394,5.64
3395,0.92
3396,1.58
3397,10.28
3398,0.58
3399,0.44
3400,1.08
3401,0.84
3403,0.0
3404,8.18
3405,5.04
3406,1.68
3407,0.72
3408,8.98
3409,0.0
3410,0.96
3411,1.16
3412,3.24
3413,4.26
3414,4.28
3415,1.12
3416,0.42
3417,3.8
3418,1.12
3419,0.96
3420,0.96
3421,2.32
3422,5.44
3423,0.84
3424,0.58
3425,1.34
3426,0.34
3427,20.86
3428,1.1
3429,36.86
3430,1.08
3431,0.0
3432,0.0
3433,2.8
3434,1.04
3435,2.88
3436,0.52
3437,0.54
3438,2.0
3439,1.68
3440,1.12
3441,3.22
3442,1.44
3443,0.84
3444,2.92
3445,22.16
3446,0.42
3447,0.58
3448,2.52
3449,3.28
3450,3.6
3451,83.72
3452,44.82
3453,5.36
3454,1.64
3455,3.4
3456,2.8
3457,0.58
3458,2.28
3459,4.0
3460,1.24
3462,5.44
3463,4.12
3464,1.92
3465,36.08
3466,2.8
3467,1.16
3468,1.32
3469,1.08
3470,12.92
3471,1.0
3472,0.66
3473,0.0
3474,1.72
3475,2.72
3476,7.8
3477,1.04
3478,1.48
3479,3.22
3480,0.54
3481,4.8
3482,1.16
3483,1.48
3484,1.0
3485,0.54
3486,0.44
3487,8.9
3488,3.2
3489,3.58
3490,5.74
3491,0.36
3492,1.34
3493,1.52
3494,2.04
3495,1.08
3496,1.66
3497,1.28
3498,4.6
3499,1.0
3500,7.04
3501,2.22
3502,0.5
3503,1.92
3504,4.66
3505,0.88
3506,4.88
3507,0.92
3508,1.48
3509,3.2
3510,4.02
3511,3.84
3512,10.22
3513,3.58
3514,1.62
3515,3.06
3516,0.0
3517,0.9
3518,0.96
3519,2.34
3520,3.72
3521,2.88
3522,2.54
3523,1.0
3524,1.8
3525,0.96
3526,4.08
3527,23.52
3528,6.48
3529,1.08
3531,12.36
3532,0.46
3533,5.2
3534,3.48
3535,1.64
3536,0.84
3537,1.0
3538,4.04
3539,6.62
3540,2.2
3541,2.36
3542,0.92
3543,4.6
3544,0.88
3545,31.94
3546,0.96
3547,9.42
3548,2.36
3549,8.4
3550,1.28
3551,1.56
3552,7.08
3553,1.12
3554,0.96
3555,0.48
3556,3.9
3557,1.06
3558,1.16
3559,0.56
3560,0.0
3561,2.16
3562,1.34
3563,1.42
3564,1.1
3565,2.74
3566,0.96
3567,1.06
3568,2.28
3569,1.32
3570,0.94
3571,18.5
3572,21.0
3573,2.76
3574,6.14
3575,1.44
3576,0.56
3577,2.16
3578,43.6
3579,1.0
3580,1.24
3581,6.54
3582,1.84
3583,6.56
3584,1.9
3585,2.56
3586,2.04
3587,0.56
3588,1.76
3589,0.84
3590,5.5
3591,1.84
3592,2.68
3593,8.62
3594,1.04
3595,0.92
3596,2.38
3597,2.18
3598,73.9
3599,1.32
3600,11.14
3601,0.96
3602,1.08
3603,2.64
3604,0.96
3605,1.8
3606,0.38
3607,0.76
3608,1.0
3609,3.24
3610,3.16
3611,10.18
3612,1.2
3613,0.92
3614,0.44
3615,2.46
3616,0.54
3617,1.16
3618,2.08
3619,0.4
3620,4.24
3621,7.52
3622,0.92
3623,3.0
3624,5.5
3625,0.68
3626,2.14
3627,0.88
3628,3.52
3629,5.32
3630,22.16
3631,1.04
3632,2.1
3633,0.44
3634,0.52
3635,0.76
3636,0.56
3637,0.46
3639,1.12
3640,32.74
3641,14.58
3642,35.76
3643,1.04
3644,0.5
3645,2.44
3646,8.4
3647,1.0
3648,4.56
3649,95.8
3650,1.68
3651,1.12
3652,1.24
3653,31.76
3654,0.64
3655,10.48
3656,24.04
3657,0.96
3658,1.04
3659,1.26
3660,5.4
3661,1.8
3662,1.08
3663,1.26
3664,1.68
3665,2.36
3666,8.2
3667,1.46
3668,2.12
3669,38.02
3670,1.34
3671,1.14
3672,0.0
3673,1.04
3674,0.76
3675,0.96
3676,0.8
3677,1.88
3678,1.08
3679,2.16
3680,1.0
3681,2.16
3682,5.08
3683,1.8
3684,1.16
3685,0.42
3686,1.04
3687,0.84
3688,1.12
3689,3.14
3690,0.42
3691,0.42
3692,0.44
3693,0.34
3694,1.56
3695,2.96
3696,2.96
3697,3.98
3698,0.48
3699,48.92
3700,1.12
3701,0.84
3702,1.04
3703,3.34
3704,2.8
3705,0.92
3706,1.08
3707,35.46
3708,0.96
3709,1.16
3710,1.08
3711,0.52
3712,1.2
3713,3.58
3714,34.38
3715,11.84
3716,1.32
3717,1.08
3718,1.42
3719,54.38
3720,1.22
3721,1.08
3722,53.66
3723,5.9
3724,9.62
3725,14.8
3726,0.44
3727,0.96
3728,0.66
3729,1.42
3730,1.96
3731,1.64
3732,1.12
3733,0.96
3734,6.3
3735,117.38
3736,2.58
3737,1.0
3738,17.48
3739,1.42
3740,2.32
3741,0.42
3742,0.76
3743,1.98
3744,15.1
3745,0.8
3746,18.12
3747,0.84
3748,1.64
3749,1.92
3750,14.5
3751,1.16
3752,1.0
3753,0.5
3754,0.32
3755,0.84
3756,5.08
3757,3.46
3758,1.48
3759,4.34
3760,4.3
3761,1.16
3762,0.88
3763,1.04
3764,4.92
3765,2.92
3766,3.9
3767,11.44
3768,2.96
3769,3.32
3770,1.04
3771,1.08
3772,4.2
3773,0.4
3774,0.84
3775,0.96
3776,5.8
3777,1.04
3778,1.0
3779,1.04
3780,0.96
3781,27.54
3782,0.52
3783,3.22
3784,1.76
3785,1.16
3786,0.0
3787,0.0
3788,0.0
3789,0.0
3790,0.0
3791,0.0
3792,0.0
3793,0.0
3794,0.0
3795,0.42
3796,2.88
3797,5.24
3798,3.08
3799,1.44
3800,4.9
3801,2.72
3802,2.04
3803,8.32
3804,39.86
3805,0.76
3806,2.08
3807,2.22
3808,2.52
3810,7.44
3811,0.48
3812,0.0
3813,4.84
3814,2.56
3815,19.74
3816,1.6
3817,1.44
3818,0.32
3819,0.72
3820,48.54
3821,3.4
3822,1.08
3823,2.16
3824,6.52
3825,1.8
3826,4.78
3827,0.86
3828,100.2
3829,1.34
3830,5.16
3831,1.12
3832,2.38
3834,1.32
3835,0.92
3836,0.72
3837,52.78
3838,1.0
3839,0.5
3840,1.0
3841,3.12
3842,0.92
3843,1.88
3844,2.68
3845,3.28
3846,5.24
3847,3.84
3848,0.96
3849,1.58
3850,4.22
3851,6.1
3852,1.88
3853,0.8
3854,15.92
3855,1.0
3856,2.72
3857,0.84
3858,1.16
3859,0.44
3860,1.8
3861,1.76
3862,1.8
3863,1.92
3864,8.22
3865,1.72
3866,0.0
3867,1.08
3868,1.24
3869,3.2
3870,0.42
3871,0.96
3872,2.56
3873,2.52
3874,0.88
3875,5.88
3876,0.42
3877,0.56
3878,62.96
3879,2.92
3880,29.24
3881,1.2
3882,0.88
3883,0.76
3884,4.68
3885,2.9
3886,0.88
3887,7.16
3888,1.72
3889,0.0
3890,1.16
3891,1.08
3892,21.64
3893,4.52
3894,0.96
3895,0.68
3896,1.0
3897,95.42
3898,4.7
3899,0.88
3900,1.04
3901,5.78
3902,1.88
3903,31.18
3904,27.22
3905,1.04
3906,0.5
3907,1.0
3908,0.56
3909,2.14
3910,8.34
3911,1.0
3912,1.0
3913,0.92
3914,1.44
3915,5.88
3916,65.68
3917,2.2
3918,2.36
3919,12.22
3920,0.46
3921,0.54
3922,2.42
3923,8.88
3924,2.52
3925,2.88
3926,17.48
3927,1.76
3928,9.98
3929,1.04
3930,0.34
3931,0.48
3932,0.56
3933,0.48
3934,0.6
3935,19.06
3936,0.48
3937,0.54
3938,0.42
3939,0.44
3940,0.44
3941,0.56
3942,0.5
3943,0.54
3944,0.52
3945,0.44
3946,0.56
3947,0.52
3948,0.96
3949,0.46
3950,0.42
3951,0.5
3952,0.92
3953,0.44
3954,0.38
3955,0.44
3956,1.0
3957,2.62
3958,0.5
3959,0.5
3960,1.32
3961,0.46
3962,0.44
3963,0.54
3964,0.52
3965,0.48
3966,4.28
3967,0.5
3968,1.16
3969,0.62
3970,0.54
3971,4.44
3972,5.88
3973,1.16
3974,2.44
3975,0.52
3976,26.82
3977,1.0
3978,0.96
3979,0.54
3980,8.56
3981,8.8
3982,10.28
3983,0.92
3984,0.96
3985,1.08
3986,8.4
3987,0.76
3988,134.12
3989,4.98
3990,4.66
3991,1.46
3992,2.72
3993,0.0
3994,0.84
3995,2.2
3996,1.52
3997,0.5
3998,0.84
3999,1.84
4000,1.92
4001,1.88
4002,5.24
4003,1.92
4004,15.74
4005,2.92
4006,0.76
4007,3.18
4008,2.0
4010,0.96
4011,7.96
4012,0.52
4013,0.96
4014,1.62
4015,0.88
4016,1.8
4017,4.12
4018,1.08
4019,0.96
4020,0.76
4022,3.12
4023,0.56
4024,3.88
4025,0.96
4026,12.32
4027,4.74
4028,0.92
4029,0.88
4030,1.36
4031,7.06
4032,4.12
4033,1.56
4034,0.92
4035,4.56
4036,4.38
4037,0.48
4038,31.84
4039,1.08
4040,0.84
4041,0.96
4042,2.14
4043,1.28
4044,2.52
4045,1.04
4046,0.46
4047,2.0
4048,2.52
4049,1.92
4050,0.84
4051,1.16
4052,2.28
4053,1.88
4054,0.96
4055,2.72
4056,0.4
4057,2.12
4058,2.56
4059,0.96
4060,1.6
4061,0.96
4062,1.12
4063,0.42
4064,1.58
4065,0.56
4066,0.5
4067,1.48
4068,0.48
4069,0.54
4070,0.5
4071,0.44
4072,0.6
4073,0.52
4074,2.4
4075,7.08
4076,3.68
4077,1.0
4078,4.96
4079,1.04
4080,1.38
4081,0.0
4082,1.04
4083,0.52
4084,12.74
4085,0.92
4086,2.66
4087,0.6
4088,8.04
4089,1.42
4090,2.96
4091,1.0
4092,2.16
4093,1.08
4094,0.52
4095,1.0
4096,0.88
4097,2.94
4098,6.06
4099,0.88
4100,0.0
4101,2.16
4102,1.0
4103,2.04
4104,0.62
4105,1.86
4106,1.0
4107,44.28
4108,1.08
4109,0.72
4110,1.04
4111,1.2
4112,1.12
4113,4.46
4114,18.2
4115,2.94
4116,1.46
4117,1.0
4118,8.7
4119,20.26
4120,0.76
4121,1.12
4122,8.42
4123,1.12
4124,3.84
4125,5.4
4126,1.96
4127,1.04
4128,2.66
4129,0.56
4130,0.54
4131,8.3
4132,0.56
4133,1.56
4134,2.04
4135,1.42
4136,12.26
4137,2.36
4138,0.0
4139,4.14
4140,1.52
4141,0.92
4142,1.08
4143,0.52
4144,1.16
4145,2.14
4146,1.12
4147,0.5
4148,0.84
4149,2.4
4150,0.84
4151,1.16
4152,3.32
4153,0.92
4154,0.92
4155,1.88
4156,0.84
4157,1.04
4158,2.4
4159,4.56
4160,0.36
4161,1.0
4162,2.4
4163,17.56
4164,2.5
4165,0.88
4166,0.88
4167,2.36
4168,1.0
4169,5.74
4170,1.0
4171,1.04
4172,175.2
4173,0.54
4174,5.54
4175,1.56
4176,2.82
4177,1.24
4178,1.3
4179,5.84
4180,0.56
4181,5.88
4182,0.0
4183,1.08
4184,5.04
4185,1.84
4186,1.04
4187,0.92
4188,3.58
4189,11.46
4190,0.88
4191,0.96
4192,1.46
4195,2.72
4196,2.96
4197,220.62
4198,10.52
4199,1.16
4200,1.0
4201,1.96
4202,1.56
4203,3.66
4204,13.22
4205,24.8
4206,4.44
4207,0.88
4208,0.8
4209,11.76
4210,4.16
4211,4.12
4212,1.4
4213,3.68
4214,3.24
4215,0.88
4216,0.54
4217,19.18
4218,1.0
4219,2.88
4220,0.92
4221,0.56
4222,2.88
4224,0.56
4225,1.0
4226,1.0
4227,3.0
4228,3.88
4229,2.12
4230,2.08
4231,7.68
4232,1.24
4233,4.08
4234,0.96
4235,10.6
4236,14.78
4237,2.36
4238,12.08
4239,1.08
4240,0.96
4241,0.48
4242,0.44
4243,0.96
4244,8.88
4245,1.92
4246,1.02
4247,2.62
4248,1.08
4249,2.74
4250,0.84
4251,2.1
4252,4.02
4253,9.28
4254,25.62
4255,1.04
4256,0.96
4257,1.08
4258,3.36
4259,1.24
4261,0.84
4262,1.2
4263,0.88
4264,3.16
4265,2.8
4266,23.0
4267,8.2
4268,0.84
4269,4.4
4270,1.8
4271,1.32
4273,6.04
4274,4.24
4275,0.0
4276,2.08
4277,2.36
4278,3.36
4279,4.42
4280,3.4
4281,23.26
4282,1.12
4283,5.44
4284,16.5
4285,8.66
4286,0.58
4287,5.44
4288,1.76
4289,1.12
4290,1.74
4291,149.24
4292,1.0
4293,0.72
4294,1.0
4295,8.98
4296,2.26
4297,5.34
4298,0.5
4299,0.8
4300,4.52
4301,15.18
4302,3.88
4303,0.96
4304,29.18
4305,1.0
4306,1.08
4307,1.0
4308,5.96
4309,0.54
4310,0.54
4311,0.34
4312,1.12
4313,0.88
4314,0.88
4315,36.14
4316,3.08
4317,1.64
4318,1.12
4319,0.92
4320,30.68
4321,1.08
4322,3.84
4323,0.72
4324,0.0
4325,4.9
4326,0.0
4327,1.0
4328,3.16
4329,0.92
4330,4.3
4331,12.04
4333,0.8
4334,11.74
4335,3.08
4336,2.36
4337,5.96
4338,1.06
4339,4.4
4340,0.6
4341,0.5
4342,0.92
4343,0.96
4344,0.54
4345,0.96
4346,1.0
4347,1.12
4348,1.82
4349,0.46
4350,2.62
4351,1.1
4352,0.54
4353,9.52
4354,3.42
4355,1.44
4356,1.36
4357,0.52
4358,0.48
4359,0.92
4360,13.34
4361,8.38
4362,1.46
4363,23.0
4364,0.92
4365,41.34
4366,3.24
4367,1.04
4368,1.12
4369,1.04
4370,11.62
4371,1.2
4372,0.46
4373,0.46
4374,0.88
4375,3.0
4376,1.04
4377,0.76
4378,1.0
4379,8.94
4380,2.16
4381,5.4
4382,10.56
4383,0.6
4384,3.2
4385,21.2
4386,1.0
4387,0.84
4388,2.28
4389,5.22
4390,1.0
4391,1.52
4392,4.7
4393,2.3
4394,2.04
4395,1.66
4396,0.88
4397,3.28
4398,6.94
4399,1.12
4400,25.88
4401,2.04
4402,37.7
4403,1.08
4404,0.0
4405,2.52
4406,4.66
4407,2.08
4408,0.4
4409,8.08
4410,0.0
4411,8.16
4412,1.88
4413,1.86
4414,0.8
4415,2.3
4416,3.36
4417,2.12
4418,1.84
4419,11.92
4420,2.84
4421,4.22
4422,1.0
4423,4.2
4424,11.32
4425,0.84
4426,0.92
4427,1.84
4428,0.88
4429,0.5
4430,3.36
4431,4.92
4432,1.22
4433,1.24
4434,11.22
4435,0.82
4436,0.92
4437,1.5
4438,0.0
4439,2.96
4440,2.96
4441,0.84
4442,0.96
4443,0.92
4444,2.08
4445,0.52
4446,0.52
4447,1.04
4448,1.0
4449,2.8
4450,3.96
4451,1.08
4452,8.06
4453,0.96
4454,0.52
4455,1.42
4456,1.16
4457,2.72
4458,5.28
4459,19.98
4460,2.78
4461,3.16
4462,4.56
4463,1.44
4464,0.56
4465,0.5
4466,1.3
4467,4.36
4468,0.48
4469,0.48
4470,0.54
4471,0.42
4472,0.6
4473,0.48
4474,1.52
4475,0.54
4476,0.48
4477,0.98
4478,4.12
4479,1.36
4480,2.16
4481,0.92
4482,8.48
4483,1.08
4484,0.8
4485,1.0
4486,1.92
4487,6.12
4488,1.04
4489,7.6
4490,8.94
4491,1.04
4492,0.0
4493,3.84
4494,1.08
4495,3.32
4496,0.84
4497,0.88
4498,0.32
4499,38.24
4501,0.5
4502,0.54
4503,0.88
4504,2.04
4505,1.96
4506,1.34
4507,1.04
4508,1.08
4509,0.58
4511,23.7
4512,1.12
4513,0.8
4514,2.76
4515,53.42
4516,2.96
4517,0.0
4518,12.94
4519,8.18
4520,1.24
4521,7.88
4522,11.2
4523,3.48
4524,2.5
4525,4.46
4526,0.42
4527,1.78
4528,1.0
4529,1.56
4530,4.64
4531,7.14
4532,38.68
4533,0.96
4534,1.98
4535,0.38
4536,1.16
4537,2.04
4538,3.16
4539,2.36
4540,2.2
4541,0.92
4542,0.42
4543,6.0
4544,0.0
4545,0.52
4546,4.72
4547,1.0
4548,1.36
4549,2.04
4550,0.0
4551,4.4
4552,0.96
4553,26.34
4554,30.86
4555,1.82
4556,0.0
4557,2.24
4558,2.24
4559,64.44
4560,0.0
4562,12.62
4563,2.46
4564,0.92
4565,3.2
4566,1.2
4567,0.0
4568,1.98
4569,5.02
4570,13.5
4571,4.02
4572,1.08
4573,4.16
4574,1.5
4576,0.92
4577,1.04
4578,2.68
4579,4.02
4580,0.5
4581,1.08
4582,2.0
4583,1.84
4584,8.64
4585,1.0
4586,0.84
4587,1.72
4588,2.58
4589,0.92
4590,3.0
4591,1.24
4592,12.78
4593,1.86
4594,6.76
4595,3.54
4596,3.32
4597,2.3
4598,1.26
4599,7.04
4600,1.38
4601,4.2
4602,0.84
4603,2.16
4604,11.84
4605,8.44
4606,3.6
4607,1.04
4608,6.42
4609,1.88
4610,2.48
4611,66.96
4612,0.88
4613,1.12
4614,2.04
4615,2.48
4616,4.16
4617,1.08
4618,5.5
4619,0.92
4620,1.0
4621,1.08
4622,3.76
4623,0.68
4624,1.76
4625,5.28
4626,1.08
4627,0.52
4628,1.08
4629,1.08
4630,2.92
4631,1.0
4632,5.32
4633,0.52
4634,0.5
4635,56.06
4636,1.02
4637,1.56
4638,4.24
4639,0.76
4640,1.0
4641,3.2
4642,4.58
4643,2.36
4644,1.58
4645,8.24
4646,5.76
4647,1.04
4648,8.08
4649,65.02
4650,6.12
4651,0.38
4652,1.04
4653,0.52
4654,8.98
4655,0.84
4656,0.34
4657,0.96
4658,1.0
4659,3.4
4660,1.04
4661,4.82
4662,3.32
4663,3.44
4664,2.96
4665,1.64
4666,4.08
4667,7.18
4668,4.82
4669,0.9
4670,0.88
4671,0.44
4672,2.18
4673,4.66
4674,2.44
4675,3.52
4676,4.86
4677,1.02
4678,6.74
4679,7.64
4680,6.08
4681,6.54
4682,7.12
4683,11.28
4684,3.24
4685,1.0
4686,5.92
4687,1.66
4688,5.34
4689,1.04
4690,0.72
4691,1.2
4692,0.58
4693,7.82
4694,70.36
4695,0.84
4696,1.04
4697,1.88
4698,5.76
4699,3.6
4700,1.04
4701,1.48
4702,1.0
4703,2.0
4704,0.0
4705,0.44
4706,0.0
4707,8.1
4708,4.94
4709,12.94
4710,0.48
4711,0.5
4712,0.58
4713,0.52
4714,1.34
4715,0.5
4716,0.58
4717,1.58
4718,0.42
4719,1.54
4720,0.5
4721,0.54
4722,0.62
4723,2.48
4724,1.38
4725,0.5
4726,0.54
4727,0.48
4728,1.36
4729,1.02
4730,0.96
4731,3.44
4732,8.7
4733,7.54
4734,1.04
4735,2.1
4736,1.08
4737,0.0
4738,0.44
4739,0.0
4740,2.62
4741,1.16
4742,0.76
4743,1.22
4744,0.46
4745,1.58
4746,6.88
4747,0.0
4748,1.2
4749,0.96
4750,0.92
4751,0.0
4752,0.8
4753,8.48
4754,0.68
4755,1.8
4756,4.0
4757,1.0
4758,1.44
4759,2.72
4760,0.96
4761,2.72
4762,6.4
4763,0.56
4764,2.92
4765,0.88
4766,0.0
4767,1.46
4768,1.2
4769,1.16
4770,1.6
4771,4.26
4772,0.96
4773,3.28
4774,3.36
4775,0.96
4776,1.76
4777,1.04
4778,1.8
4779,25.94
4780,4.4
4781,0.56
4782,0.66
4783,0.46
4784,0.52
4785,0.64
4786,0.5
4787,17.5
4788,11.58
4789,1.02
4790,1.72
4791,3.8
4792,0.92
4793,0.52
4794,1.0
4795,7.88
4796,0.88
4797,1.08
4798,0.44
4799,1.0
4800,3.42
4801,0.44
4802,1.12
4803,1.04
4804,1.12
4805,0.88
4806,1.12
4807,1.16
4808,0.52
4809,0.4
4810,1.0
4811,0.88
4812,4.98
4813,1.16
4814,3.08
4815,0.42
4816,2.66
4818,0.92
4819,0.58
4820,0.8
4821,0.48
4822,0.44
4823,1.26
4824,1.72
4825,2.12
4826,0.76
4828,6.86
4829,1.96
4830,3.28
4831,0.0
4832,2.1
4833,55.64
4834,1.36
4835,0.84
4836,0.54
4837,2.12
4838,6.3
4839,3.28
4840,15.18
4841,5.32
4842,1.08
4843,0.0
4844,6.52
4845,1.16
4846,1.04
4847,2.36
4848,0.96
4849,0.5
4850,3.84
4851,6.44
4852,7.82
4853,0.0
4854,0.96
4855,1.7
4856,0.48
4857,7.3
4858,1.4
4859,2.24
4860,18.34
4861,5.1
4862,6.28
4863,0.48
4864,1.16
4865,0.56
4866,1.38
4867,27.66
4868,0.0
4869,2.12
4870,0.38
4871,0.56
4872,1.24
4873,1.28
4874,1.0
4875,26.7
4876,0.44
4877,0.44
4878,0.88
4879,2.52
4880,1.3
4881,2.04
4882,2.52
4883,5.16
4884,17.72
4885,0.0
4886,3.92
4887,2.12
4888,0.0
4889,0.52
4890,15.42
4891,0.5
4892,2.44
4893,17.98
4894,0.96
4895,0.88
4896,0.96
4897,3.82
4898,7.24
4899,9.04
4900,0.88
4901,0.44
4902,1.0
4903,0.48
4904,1.06
4905,1.58
4906,1.2
4907,6.34
4908,1.0
4909,0.0
4910,0.0
4911,0.0
4912,0.0
4913,0.0
4914,0.0
4915,1.92
4916,4.56
4917,1.08
4918,3.6
4919,2.86
4920,1.04
4921,26.8
4922,5.2
4923,0.96
4924,2.08
4925,29.24
4926,0.96
4927,2.7
4928,1.7
4929,0.58
4930,1.1
4931,1.06
4932,1.52
4933,0.9
4934,1.14
4935,0.94
4936,0.42
4937,11.92
4938,3.02
4939,0.44
4940,2.04
4941,0.56
4942,5.14
4943,2.36
4944,1.08
4945,4.12
4946,1.16
4947,0.56
4948,0.5
4949,1.02
4950,0.5
4951,0.42
4952,1.06
4953,0.34
4954,0.7
4955,1.16
4956,3.58
4957,1.22
4958,1.04
4959,0.66
4960,1.06
4961,0.96
4962,0.92
4963,1.36
4964,0.96
4965,6.6
4966,0.96
4967,0.96
4968,0.92
4969,3.54
4970,4.6
4971,1.12
4972,0.48
4973,0.5
4974,1.0
4975,0.6
4976,0.46
4977,0.48
4978,0.92
4979,0.96
4980,2.8
4981,1.16
4982,2.12
4983,8.02
4984,0.88
4985,0.68
4986,5.04
4987,3.76
4988,3.12
4989,1.04
4990,2.32
4991,1.8
4992,1.16
4993,8.12
4994,0.84
4995,3.34
4996,3.32
4997,2.28
4998,0.42
4999,1.42
5000,0.0
5001,1.16
5002,0.56
5003,1.84
5004,0.56
5005,1.86
5006,0.56
5007,2.1
5008,1.04
5009,3.28
5010,0.4
5011,0.54
5012,1.26
5013,23.76
5014,2.6
5015,0.96
5016,0.92
5017,0.88
5018,0.5
5019,0.46
5020,1.12
5021,2.52
5022,0.48
5023,2.74
5024,0.96
5025,19.76
5026,0.58
5027,2.8
5028,15.7
5029,5.0
5030,3.2
5031,1.08
5032,0.88
5033,1.96
5034,0.96
5035,1.0
5036,0.76
5037,1.48
5038,1.04
5039,1.36
5040,0.46
5041,4.72
5042,1.16
5043,1.04
5044,2.84
5045,2.96
5046,3.64
5047,1.0
5048,0.96
5049,0.96
5050,0.76
5051,0.0
5052,1.42
5053,0.5
5054,1.52
5055,0.92
5056,3.8
5057,0.96
5058,0.5
5059,2.68
5060,1.12
5061,0.92
5062,0.0
5063,0.5
5064,6.1
5065,18.32
5066,4.08
5067,4.7
5068,5.42
5069,5.06
5070,5.64
5071,4.5
5072,4.74
5073,3.12
5074,1.56
5075,3.72
5076,1.5
5077,0.0
5078,0.88
5079,3.52
5080,1.36
5081,0.0
5082,0.0
5083,0.0
5084,0.46
5085,1.08
5086,3.06
5087,1.08
5088,1.86
5089,1.24
5090,0.62
5091,1.0
5092,0.96
5093,1.76
5094,1.5
5095,1.24
5096,0.8
5097,1.0
5098,1.54
5099,0.48
5100,0.5
5101,4.04
5103,4.38
5104,1.0
5105,0.8
5106,0.0
5107,0.0
5108,0.0
5109,0.0
5110,0.0
5111,0.0
5112,0.0
5113,0.0
5114,0.0
5115,2.54
5116,0.0
5117,0.54
5118,0.52
5119,1.68
5120,1.84
5121,2.12
5122,0.64
5123,1.72
5124,1.36
5125,3.72
5126,0.56
5127,0.46
5128,0.88
5129,1.04
5130,1.0
5131,1.2
5132,1.68
5133,0.92
5134,1.04
5135,0.54
5136,0.44
5137,0.54
5138,2.8
5139,4.84
5140,0.6
5141,1.74
5142,2.36
5143,1.74
5144,2.24
5145,1.28
5146,7.32
5147,0.0
5148,0.0
5149,0.0
5150,0.0
5151,0.84
5152,0.0
5153,0.0
5154,0.0
5155,3.64
5156,2.0
5157,8.6
5158,0.44
5159,0.0
5160,0.0
5161,0.0
5162,0.52
5163,1.0
5164,0.0
5165,0.8
5166,0.0
5167,0.0
5168,0.0
5169,0.0
5170,0.0
5171,0.0
5172,0.0
5173,0.0
5174,0.0
5175,7.42
5176,0.0
5177,0.0
5178,1.36
5179,0.54
5180,3.18
5181,0.0
5182,0.0
5183,0.54
5184,0.88
5185,0.0
5186,4.8
5187,0.76
5188,0.0
5189,0.0
5190,0.0
5191,0.0
5192,1.08
5193,2.86
5194,1.0
5195,2.66
5196,0.0
5197,2.12
5198,1.92
5199,0.0
5200,0.96
5201,1.02
5202,1.08
5203,0.52
5204,0.5
5205,0.0
5206,1.16
5207,0.0
5208,0.8
5209,0.0
5210,0.0
5211,0.96
5212,3.9
5213,0.88
5214,0.0
5215,1.42
5216,1.04
5217,0.86
5218,1.3
5219,0.92
5220,0.0
5221,1.58
5222,0.0
5223,0.0
5224,4.34
5225,0.0
5226,0.92
5227,64.32
5228,15.4
5229,0.56
5230,0.0
5231,5.46
5232,0.0
5233,0.0
5234,1.94
5235,1.1
5236,1.46
5237,1.36
5238,0.0
5239,1.78
5240,0.5
5241,1.04
5242,3.88
5243,0.0
5244,1.0
5245,2.32
5246,1.04
5247,0.5
5248,0.88
5249,4.72
5250,2.08
5251,16.2
5252,0.5
5253,0.96
5254,0.54
5255,13.48
5256,0.52
5257,1.68
5258,0.96
5259,8.36
5260,1.6
5261,0.76
5262,0.0
5263,0.86
5264,0.5
5265,1.08
5267,3.16
5268,0.5
5269,5.98
5270,0.0
5271,1.04
5272,0.46
5273,0.0
5274,0.5
5275,2.56
5276,0.0
5277,0.0
5278,1.08
5279,0.84
5280,7.94
5281,0.0
5282,1.16
5283,1.04
5284,1.08
5285,0.0
5286,6.1
5287,3.08
5288,0.0
5289,0.0
5290,0.84
5291,0.0
5292,1.04
5293,1.08
5294,6.08
5295,0.0
5296,7.64
5297,2.06
5298,3.52
5299,1.76
5300,0.0
5301,0.0
5302,1.0
5303,0.0
5304,0.0
5305,0.0
5306,0.84
5307,0.92
5308,0.96
5309,1.88
5310,3.0
5311,1.24
5312,4.36
5313,0.0
5314,0.0
5315,2.0
5316,26.72
5317,4.22
5318,2.8
5319,0.0
5320,0.0
5321,0.96
5322,0.88
5323,0.0
5324,0.0
5325,0.0
5326,0.0
5327,0.0
5328,0.0
5329,0.0
5330,0.0
5331,0.0
5332,0.0
5333,0.0
5334,0.0
5335,0.0
5336,0.0
5337,0.0
5338,0.0
5339,2.84
5340,0.0
5341,0.0
5342,0.0
5343,0.0
5344,0.0
5345,1.92
5346,0.0
5347,1.0
5348,1.16
5349,0.0
5350,0.0
5351,0.54
5352,2.9
5353,9.16
5354,0.0
5355,1.12
5356,1.0
5357,0.0
5358,2.04
5359,1.88
5360,2.44
5361,0.0
5362,1.04
5363,11.24
5364,0.0
5365,0.8
5366,2.08
5367,1.92
5368,1.96
5369,0.0
5370,0.0
5371,0.0
5372,0.62
5373,0.0
5374,0.0
5375,0.0
5376,0.0
5377,0.0
5378,0.0
5379,0.0
5380,0.0
5381,0.0
5382,0.0
5383,3.12
5384,4.56
5385,0.0
5386,0.0
5387,0.0
5388,0.0
5389,0.0
5390,1.52
5391,0.0
5392,0.0
5393,0.92
5394,0.0
5395,0.0
5396,0.0
5397,4.3
5398,4.2
5399,0.4
5400,0.0
5401,0.0
5402,0.0
5403,24.72
5404,2.08
5405,0.0
5406,0.0
5407,0.0
5408,10.86
5409,0.5
5410,0.54
5411,7.26
5412,0.46
5413,19.94
5414,2.32
5415,3.16
5416,0.92
5417,0.94
5418,1.24
5419,0.96
5420,2.24
5421,1.04
5422,1.64
5423,0.84
5424,0.5
5425,0.92
5426,0.72
5427,2.32
5428,2.6
5429,2.08
5430,0.0
5431,0.0
5432,3.54
5433,1.72
5434,1.04
5435,1.72
5436,0.0
5437,1.08
5438,0.96
5439,2.98
5440,9.7
5441,1.78
5442,2.44
5443,5.0
5444,0.96
5445,1.0
5446,0.76
5447,0.0
5448,0.72
5449,18.1
5450,8.5
5451,0.88
5452,0.0
5453,0.5
5454,0.0
5455,0.42
5456,0.48
5457,10.72
5458,5.96
5459,0.58
5460,3.92
5461,0.0
5462,0.0
5463,0.0
5464,0.44
5465,3.24
5466,5.28
5467,0.0
5468,0.46
5469,1.46
5470,1.24
5471,0.84
5472,27.96
5473,2.46
5474,0.42
5475,3.7
5476,8.08
5477,0.0
5478,3.72
5479,3.24
5480,2.5
5481,4.76
5482,20.04
5483,0.96
5484,1.16
5485,0.0
5486,0.56
5487,0.48
5488,0.0
5489,1.42
5490,0.58
5491,1.0
5492,2.6
5494,1.16
5495,0.4
5496,0.56
5497,1.2
5498,0.56
5499,1.0
5500,0.36
5501,4.18
5502,0.52
5503,0.5
5504,1.92
5505,0.96
5506,19.5
5507,2.08
5508,22.52
5510,6.26
5511,1.2
5512,0.0
5513,1.22
5514,0.98
5515,5.12
5516,1.54
5517,0.44
5518,0.96
5519,0.42
5520,0.96
5521,2.38
5522,0.88
5523,5.52
5524,8.84
5525,14.94
5526,2.52
5527,2.64
5528,6.54
5529,28.92
5530,0.48
5531,1.68
5532,0.0
5533,0.0
5534,1.38
5536,2.76
5537,0.58
5538,0.48
5539,3.72
5540,3.02
5541,10.34
5542,0.44
5543,2.84
5544,1.08
5545,0.54
5546,0.0
5547,0.0
5548,0.6
5549,0.42
5550,3.62
5551,2.28
5552,0.86
5553,3.26
5554,2.12
5555,2.16
5556,1.88
5557,0.46
5558,1.16
5559,5.76
5560,0.88
5561,0.0
5563,0.8
5564,1.12
5565,5.28
5566,1.0
5567,0.48
5568,0.88
5569,6.62
5570,2.42
5571,1.4
5573,1.04
5574,0.0
5575,0.0
5576,0.0
5577,2.18
5578,6.78
5579,1.04
5580,0.92
5581,1.44
5582,1.84
5583,2.44
5585,0.6
5586,0.52
5587,0.48
5588,0.42
5589,0.54
5590,5.16
5591,17.02
5592,0.62
5593,1.24
5594,1.72
5595,0.46
5596,10.16
5597,1.08
5598,1.62
5599,0.0
5600,0.52
5601,0.46
5602,8.46
5603,0.5
5604,2.32
5605,4.26
5606,12.14
5607,1.24
5608,3.32
5609,3.94
5610,3.72
5611,3.34
5612,45.72
5613,3.68
5614,5.36
5615,0.68
5616,1.12
5617,0.44
5618,2.36
5619,4.02
5622,1.32
5623,11.74
5624,5.72
5625,2.66
5626,0.88
5627,1.0
5629,2.24
5630,2.22
5631,5.42
5632,2.96
5633,1.06
5634,2.1
5635,12.44
5636,3.36
5638,0.0
5639,0.0
5640,0.42
5641,0.0
5642,0.84
5643,1.82
5644,0.56
5645,0.5
5646,0.52
5647,3.1
5648,2.62
5649,7.42
5650,0.46
5652,0.38
5653,0.42
5654,4.22
5655,8.84
5656,1.12
5657,1.08
5658,2.16
5659,0.5
5660,0.44
5661,7.52
5662,0.54
5663,0.88
5664,1.2
5665,2.24
5666,1.12
5667,4.96
5668,1.0
5669,0.88
5670,1.12
5672,0.96
5673,1.12
5674,2.32
5675,0.44
5676,0.84
5677,1.96
5678,1.2
5679,0.58
5680,1.96
5681,0.36
5682,0.8
5683,0.58
5684,0.42
5685,1.12
5686,0.0
5687,1.04
5688,2.5
5689,4.14
5691,6.82
5692,1.12
5693,0.62
5694,1.08
5695,0.96
5698,0.0
5699,1.04
5700,2.0
5701,0.92
5702,1.2
5703,0.52
5704,2.16
5705,0.44
5706,0.48
5707,4.0
5708,1.2
5709,0.0
5710,0.96
5711,1.04
5712,13.08
5713,0.66
5714,0.88
5715,2.44
5717,0.44
5718,0.0
5719,1.88
5720,0.46
5721,0.36
5722,0.88
5723,1.32
5724,0.68
5725,1.28
5726,0.96
5729,4.34
5730,1.2
5731,1.28
5732,1.2
5733,0.0
5736,0.96
5737,0.0
5738,0.0
5739,0.54
5740,0.96
5741,0.48
5742,0.0
5743,0.54
5744,1.24
5745,0.44
5746,0.0
5747,0.56
5748,0.42
5749,1.02
5750,0.0
5752,0.42
5753,2.12
5754,0.0
5755,0.36
5756,0.46
5757,0.6
5759,3.72
5760,4.08
5761,0.84
5762,5.28
5763,3.46
5764,1.2
5765,3.32
5766,0.96
5767,1.16
5768,0.48
5769,0.0
5770,0.38
5772,0.6
5773,0.56
5774,0.5
5775,0.48
5776,0.0
5777,3.84
5778,0.0
5779,0.48
5780,0.0
5781,1.64
5782,0.48
5783,2.22
5784,3.18
5785,0.44
5786,0.5
5788,1.34
5789,0.44
5790,0.52
5791,0.38
5792,0.48
5793,0.96
5795,1.24
5796,0.86
5797,0.0
5798,0.92
5799,1.5
5800,1.92
5801,3.3
5802,1.08
5803,1.46
5804,0.0
5805,1.2
5806,4.56
5807,0.96
5808,0.52
5809,0.42
5810,0.0
5811,5.68
5813,1.2
5814,1.14
5815,0.54
5816,0.44
5817,0.0
5818,1.08
5819,0.46
5820,0.88
5821,0.0
5822,4.28
5823,0.44
5824,0.5
5825,5.56
5826,0.48
5827,10.86
5828,2.2
5829,1.56
5830,0.42
5831,3.0
5832,1.0
5833,1.2
5835,0.4
5836,1.62
5837,0.96
5838,0.96
5839,2.24
5840,3.3
5843,0.52
5844,1.12
5845,3.48
5846,1.02
5847,1.58
5848,0.96
5849,1.04
5850,1.0
5851,2.74
5852,8.16
5853,1.0
5854,1.96
5855,0.52
5856,1.08
5857,0.88
5858,1.04
5859,3.04
5860,0.48
5861,1.0
5862,0.68
5863,0.52
5864,1.08
5866,1.24
5867,0.58
5868,0.48
5869,1.04
5870,0.88
5871,0.0
5872,0.0
5873,0.0
5874,0.0
5875,0.0
5876,0.94
5877,0.38
5878,0.44
5879,0.46
5880,1.08
5881,3.38
5882,2.16
5883,1.54
5884,1.62
5885,0.58
5886,1.88
5887,0.0
5888,1.2
5889,0.5
5890,0.92
5891,0.96
5892,0.96
5893,0.48
5894,1.04
5895,1.04
5896,2.28
5897,0.52
5898,0.0
5899,0.84
5900,2.94
5901,0.0
5902,1.84
5903,1.54
5904,1.0
5905,0.0
5906,0.52
5907,0.54
5908,0.5
5909,0.42
5910,0.44
5911,1.32
5912,0.48
5913,0.96
5914,0.0
5915,0.54
5916,0.54
5917,6.98
5918,0.5
5919,0.46
5920,2.08
5921,14.2
5922,0.6
5923,1.0
5924,0.42
5925,2.08
5926,0.56
5927,0.56
5928,5.58
5929,1.0
5930,0.84
5931,0.58
5932,0.4
5933,0.48
5934,0.5
5935,1.3
5936,0.88
5937,1.04
5938,1.0
5939,2.32
5940,1.0
5941,1.04
5942,3.7
5943,6.44
5944,0.0
5945,2.16
5946,0.0
5947,3.36
5948,1.8
5949,5.16
5950,2.72
5951,3.12
5952,0.46
5953,0.44
5954,1.0
5955,4.02
5956,2.76
5957,1.12
5958,2.68
5959,0.96
5960,0.5
5961,0.92
5962,1.12
5963,1.08
5964,0.5
5965,4.56
5966,1.04
5967,0.84
5968,1.0
5969,4.28
5970,0.96
5971,2.58
5972,1.08
5973,0.0
5974,1.32
5975,0.0
5976,0.0
5977,0.0
5978,1.2
5979,0.54
5980,0.56
5981,0.48
5982,4.32
5983,8.28
5984,0.76
5985,1.46
5986,0.46
5987,0.6
5988,0.96
5989,1.04
5990,0.62
5991,0.96
5992,0.46
5993,0.46
5994,1.38
5995,1.16
5996,1.12
5997,0.52
5998,0.54
5999,1.0
6000,0.54
6002,0.5
6003,0.48
6004,0.58
6005,0.4
