dst,absolutetrust_score
1,0.13212840064224413
2,0.04180638440737433
3,0.006593145846850884
4,0.02060677006173696
5,0.029015369623960275
6,0.038225122144109835
7,0.004959126634010288
8,0.01830640193728255
9,0.0024923365902368797
10,0.04186309109441521
11,0.021762402478735163
12,0.06327478407202933
13,0.05766393521933451
14,0.03278613882808779
15,0.00742027472696081
16,0.009229043347302473
17,0.01946364541165455
18,0.5000175097776344
19,0.07679746519339531
20,0.03776923200067082
21,0.039388947029423506
22,0.04631199571770302
23,0.010723951342854036
24,0.04086948109110672
25,0.02111270310187727
26,0.041319959917915705
27,0.14730487155718017
28,0.1293256222818096
29,0.06079825069476414
30,0.07068921114687535
31,0.09540565960718282
32,0.020291065170495858
33,0.03362258483513271
34,0.1351121158794725
35,0.062481233610925585
36,0.015821447308958337
37,0.0367578235461776
38,0.021610040420676546
39,0.03430842835223403
40,0.13460845989775916
41,0.005930807246810278
42,0.011216486703616349
43,0.04878204868176545
44,0.11072854044802455
45,0.049786477651993954
46,0.06326207010671044
47,0.007960840721767925
48,0.05123741551081009
49,0.0855067539153299
50,0.037562484117563584
51,0.050612752091006546
52,0.005972853408270177
53,0.044318736510514635
54,0.04186729736968342
55,0.043710038240728395
56,0.0004962960373591444
57,0.017298638076015886
58,0.04104260249341473
59,0.08518130690818865
60,0.024421423144605624
61,0.04612897914112669
62,0.012744305183970059
63,0.04467686438412956
64,0.08220930810750607
65,0.05388887990131992
66,0.06727725144116971
67,0.0354552937055625
68,0.037562079258824335
69,0.042689119193463965
70,0.004655495544272993
71,0.04266914669280982
72,0.052391282418129875
73,0.02870646573100245
74,0.08439721926722193
75,0.018496761527073066
76,0.032785607220213266
77,0.1143520256604648
78,0.03591709900733514
79,0.04053977721179723
80,0.006591406884968715
81,0.06309922758537093
82,0.014663305477303568
83,0.05640025506099238
84,0.009392083042878955
85,0.05802377543353664
86,0.013674350430600881
87,0.021269099445420072
88,0.029521767413994038
89,0.024895339978910597
90,0.07991908796238881
91,0.015686917254725652
92,0.05304928754039161
93,0.04881961623033729
94,0.0031310745437735576
95,0.0029851250718022277
96,0.047136470473698455
97,0.032639775931843244
98,0.021582986337363982
99,0.00875699562429068
100,0.04832679767271357
101,0.05206039291189266
102,0.06952336808361027
103,0.07314822202782661
104,0.06573367422257875
105,0.04484632178424673
106,0.01369812506078796
107,0.05834844159340584
108,0.025065910076517397
109,0.02308431229046476
110,0.035265597651636095
111,0.02478414670919545
112,0.055420449141185255
113,0.025397042723001077
114,0.004466695403797029
115,0.028007722588560283
116,0.030342545579775188
117,0.034612502454342234
118,0.1654047816788128
119,0.02855604636881393
120,0.03805809626623644
121,0.0013424799083307983
122,0.03294979683695736
123,0.03213530598569652
124,0.028508862543741586
125,0.1100740528421777
126,0.02770235339673376
127,0.05551894561597399
128,0.1397445880624249
129,0.008570617498519768
130,0.06178125450428803
131,0.00873297982170958
132,0.02575042020718352
133,0.0308748026662992
134,0.020759241134902042
135,0.10412097981603766
136,0.1944081515520686
137,0.014360249454412792
138,0.054043825462431645
139,0.02108765100146033
140,0.04006002723054912
141,0.059309333099060016
142,0.017005698200928166
143,0.250577973863826
144,0.0019782319924132627
145,0.01239855448493645
146,0.001341897869704716
147,0.004449277220930673
148,0.001020743158270491
149,0.001484402476091281
150,0.0006818353003681844
151,2.324218787397897e-07
152,3.4534673256985947e-06
153,0.0023072781220998717
154,0.021918594079332984
155,0.016840052638809336
156,0.01038060049431464
157,0.000240066384087071
158,0.0026373981148208607
159,0.0084332420782756
160,3.1242795160785893e-07
161,0.0023299342065100613
162,2.3163520966333243e-06
163,0.0029673950785672953
164,0.005313869201150505
165,0.045112585124275156
166,0.0026841147881078073
167,0.015488255078923218
168,0.007296700590804968
169,0.05486193640989115
170,0.0002681099302953817
171,2.0792710686737243e-06
172,0.0323323246674643
173,5.191153895454271e-05
174,0.00017751643780970105
175,0.004643689808551485
176,0.0004954359522857155
177,1.5539807249154842e-05
178,0.002966597033435559
179,3.21563355341821e-05
180,0.005107628452392079
181,0.0006923063775863201
182,3.262336919127975e-05
183,0.0006602893388294995
184,0.00033178214336709947
185,0.012220059034126556
186,0.001812501193800554
187,0.05741150585154339
188,0.0016518166820390292
189,0.002862248337570783
190,0.0008748688356330045
191,0.018503977462536278
192,0.007908594034915811
193,0.01785856531960539
194,0.0016480184276090493
195,0.04415161729096987
196,0.00016544756967376423
197,0.0018140928279086364
198,0.0316325492932664
199,0.004984127491189932
200,0.006098533655003056
201,0.0026578689956516803
202,0.0006603507225494692
203,0.00889785534989291
204,3.1090307164409262e-06
205,0.0014953654231438082
206,0.0021805819695591986
207,0.0013866732988544724
208,0.005766920572692107
209,0.0005641848636792467
210,0.06227428411134958
211,0.004520778457175944
212,0.005186451174239499
213,0.002965467943173517
214,0.0018130572498699805
215,0.018122883390107983
216,0.008282864815868183
217,0.018318826122518582
218,3.870288637163736e-08
219,0.0012084718718106706
220,0.00016495465726682368
221,0.0014832475289724121
222,0.019471628391779804
223,0.03908891006553996
224,0.0021428926992881746
225,0.0406934114278722
226,0.000989825380606494
227,0.00034884102937573683
228,0.002143614319502854
229,0.00321888466399262
230,6.727578326996489e-07
231,0.0007562032814302333
232,0.003958360616034509
233,0.038715878758349156
234,0.006590742926927538
235,0.04349367809030447
236,0.03035775701999766
237,0.020153364738914888
238,0.016687728726079345
239,0.013180211106825263
240,0.0004947441272058966
241,0.008276698198103727
242,0.005416501847010887
243,0.00510732439713023
244,0.0027108110553613605
245,0.008789052108362817
246,0.0011549189266964579
247,0.000738584095058838
248,0.005528868896275188
249,0.019468447612583678
250,0.006313559047366818
251,0.004947288395674528
252,0.0031305500459719777
253,2.165052551277451e-06
254,0.012851222186457126
255,0.0028041803522523877
256,0.00016904776715583563
257,0.007910047650693372
258,1.4220977911040913e-06
259,1.9936271223673156e-06
260,0.00033068891110427654
261,0.007413539121356564
262,0.0004963256506927195
263,0.00033045945291072104
264,0.001359098595274599
265,0.0001874863830426157
266,0.0005778490476272784
267,0.002637748104296693
268,0.0004942339372341898
269,0.008933383035484016
270,0.0073321087641372105
271,0.00015687159912599843
272,0.0001944051810092953
273,0.002307106886707512
274,0.0003309982317624767
275,2.9409260125682265e-08
276,0.0008239815808241828
277,0.011951294383086637
278,1.6408345405476868e-06
279,0.008732774580831732
280,0.0011548326855759332
281,0.007281817974329396
282,0.032948957522633326
283,0.012192264841915998
284,0.0005695717047855056
285,0.00230676932656415
286,0.013809040763814616
287,0.009571918066023954
288,0.004458515574221465
289,0.037069521784013265
290,0.007579148732634864
291,0.010709448893930355
292,0.00033057707003686436
293,0.005979213691538755
294,0.008566721682524795
295,0.07239217667505721
296,0.019936407408339917
297,0.02570098763601517
298,0.0018125397663387454
299,0.04798942635709471
300,0.01680464589148821
301,0.07232446581827545
302,0.010710848358947618
303,0.01795721435089167
304,0.0003308106760519881
305,0.0013975965189052368
306,0.010114577360105624
307,0.025867706044403097
308,0.0009442333707111072
309,0.0011540960691135468
310,0.01598094247621146
311,0.007579380339099324
312,0.03400781061418573
313,0.0019776521899934696
314,0.009062068634430164
315,0.02264004032643112
316,0.005603368829290301
317,0.0028020819086850375
318,0.021866473125703674
319,0.033114769145321576
320,0.030149069732879077
321,0.0013189203781105352
322,0.0016483714382054574
323,0.007743828076503188
324,0.007579626481609902
325,0.008238678239979414
326,0.02108889713350243
327,0.010873909815671504
328,0.000989180799603572
329,0.07001885326948068
330,0.018088802635527278
331,0.021326169162349484
332,0.008074254869868815
333,0.0360451108546005
334,0.009228501648827825
335,0.020593971798946897
336,0.008258153643124617
337,0.0008244304713499109
338,0.0013180480621287636
339,0.007249907677012784
340,0.02586503485096579
341,0.0016476421539152073
342,0.019604665068245132
343,0.011038170227169035
344,0.007743275157279502
345,0.024548039839217
346,0.004946562478092777
347,0.00016922501731998074
348,0.0035756182434805075
349,0.02010084716233175
350,0.022993474009829228
351,0.0018130226158867436
352,0.0074138365257933
353,0.011743019840695085
354,0.034226115488349015
355,0.002867746361003483
356,0.007432174016214656
357,0.02257048118531694
358,0.008567601168128465
359,0.01120263948010707
360,0.026525673465201422
361,0.0009900213998647136
362,0.005298022357470182
363,0.006096867395617681
364,0.0072488011859803215
365,0.02438319161929522
366,0.016811043374082475
367,0.011533522017660926
368,0.04052868429454656
369,0.03953971826658057
370,0.02092544924490507
371,0.004945846045015026
372,0.011533490418353297
373,0.006681605460588758
374,0.05617842755144382
375,0.025070575185396866
376,0.02108961922432048
377,0.013509179108703008
378,0.018122365448666147
379,0.0023776701333242
380,0.00527520705902302
381,0.049407498547509025
382,0.05425601344061436
383,0.0327849273027163
384,0.01631080744042873
385,0.08237479912370489
386,0.02499943910304313
387,0.010873154303589616
388,0.06606278517430077
389,0.015684858830666226
390,0.0367402308215941
391,0.005217352853112893
392,0.0034629162259093957
393,0.003790072939913059
394,0.03937550697637039
395,0.06622914175771666
396,0.008920008203552519
397,0.0052739892197192885
398,0.07265373309474553
399,0.01021426599806753
400,0.022570078907816978
401,0.11927690758966521
402,0.052718989551230985
403,0.02059351214659378
404,0.01581688699783823
405,0.021582268616278318
406,0.009061836599136107
407,0.02471169686170949
408,0.038551542153568055
409,0.0265941457314992
410,0.03014846110415843
411,0.025783297596334104
412,0.003006179309304531
413,0.04332931409195609
414,0.02405271827873057
415,0.032125251978317754
416,0.006425400207107491
417,0.021747759825035885
418,0.09538738101683565
419,0.014502965064860813
420,0.025042250372677814
421,0.03986896039307982
422,0.013839814234465612
423,0.005108550575375865
424,0.00796690345421797
425,0.008237576094261316
426,0.04695227972694418
427,0.0426715675982266
428,0.01812275474307944
429,0.048765753376609856
430,0.0016482938333990673
431,0.047941137340178346
432,0.02850089699968958
433,0.08336124557276686
434,0.026030130214121296
435,0.004119427790460351
436,0.027267365022512115
437,0.013016088303077733
438,0.08517653658711598
439,0.012521243367471013
440,0.04909508597883283
441,0.01351006093237072
442,0.021087715478581626
443,0.06425111746632503
444,0.009886384506535112
445,0.027680932483573673
446,0.04134150159031123
447,0.048764522238542066
448,0.009060977290640704
449,0.07733573775410428
450,0.021746440572302957
451,0.026717056098234403
452,0.04366099692462385
453,0.03212708467001064
454,0.011862371546733924
455,0.005272168765317431
456,0.009555514550224737
457,0.0011536562897770805
458,0.0003674470677523502
459,0.0037905977739743596
460,0.0013215541607117093
461,0.00033240477268488397
462,1.982329885343122e-06
463,0.0006627834939870732
464,3.0556619284714397e-07
465,1.9555116498722034e-08
466,0.005111669172755609
467,0.00016543289731836655
468,0.0004948176723200775
469,0.002635914331915679
470,0.0014831563259669579
471,0.0012471876670247617
472,1.8948373781187687e-06
473,0.00419360501684146
474,1.1357158688843862e-06
475,0.0028852732137612407
476,7.008724173071393e-07
477,2.6334003168412557e-07
478,0.000329820128982483
479,0.00016534633224440291
480,0.00032956659530276373
481,0.0075783318566439006
482,0.0003325038786918161
483,0.0014843267776635317
484,0.0016707959320218055
485,0.00508079925612941
486,0.00033039898880089693
487,0.0015000750196289651
488,0.0013181289341442392
489,0.00013268464807047553
490,0.0013188910868757483
491,1.8931666763466605e-06
492,0.011534053565407055
493,0.0023072427088238457
494,0.00029767548255040937
495,3.1500189998165634e-06
496,0.00033146841261571126
497,0.0016502385319167516
498,4.612545424817622e-07
499,0.0024715741288026368
500,0.002834340778567187
501,6.506607200863186e-06
502,0.0006594850344538633
503,0.00042572425134745895
504,0.00011022884324885722
505,0.0009222848117454414
506,1.0311414718872775e-06
507,9.216064899274254e-07
508,0.01591599987548777
509,3.5654876013260576e-07
510,0.0011545775110888147
511,0.0003298453140228695
512,0.002568174192037558
513,0.0008255501328881999
514,0.00494357999582789
515,0.001319149383221957
516,0.01779360779332641
517,0.000330933235546125
518,0.0018128948771494436
519,0.005766830903077393
520,5.407441308060678e-07
521,0.00023120496181443676
522,0.00019705631157569995
523,0.004313964081375407
524,0.00016847669209676665
525,0.0006598829637715952
526,0.005272952128515995
527,0.5001647446457449
528,0.0001655870852135819
529,0.006755554082416152
530,0.005437443143975842
531,0.0003311019203419186
532,0.0013188640638526795
533,0.00016577344776272805
534,0.022570744419661896
535,0.000659381808513103
536,0.002965626489021213
537,0.0016491513152149663
538,5.385939400602763e-07
539,0.006755166299074552
540,0.011534283464420649
541,0.010379118364377311
542,3.903031505660172e-07
543,0.0026362810121900596
544,0.010134706192320523
545,0.01878208030297515
546,0.06968829485206711
547,0.02621423307301289
548,0.025373403355823245
549,0.08092497213002973
550,0.10823917637266563
551,0.05239445684479679
552,0.023560832716151166
553,0.017175157688549016
554,0.017227410871269562
555,0.06524073937362018
556,0.046128564297556206
557,0.03262358238890353
558,0.030478386766695748
559,0.03278420405831776
560,0.009390444807449607
561,0.004380576571889511
562,0.008237893429782287
563,0.06458206495801536
564,0.02069023422836211
565,0.022736942122927782
566,0.007249459248580356
567,0.0013183948849467898
568,0.0008244787834982735
569,0.004119533946000594
570,0.004449519976932958
571,0.0003295136802749446
572,0.0006597650654319091
573,0.004283549886701067
574,1.1727848294862917e-06
575,0.010873166188846052
576,0.059967158813456774
577,1.228094664682934e-05
578,0.00016598892798131158
579,0.012356104221453402
580,4.696186399006517e-07
581,0.010712101098443623
582,0.008896210870215417
583,0.000494520087627821
584,0.01070861078207374
585,5.21473150282808e-05
586,0.052883714648368475
587,0.00039715535346811155
588,0.0355877064147272
589,0.0026308302717435567
590,0.041681481969406395
591,0.0014851035027329449
592,0.008897274694069306
593,0.0008246695492186986
594,0.003954503206919647
595,0.0006590764327128032
596,0.0033235554524980774
597,0.026029855642400762
598,0.006096537143914472
599,0.009063570060479002
600,0.005903033210579052
601,0.0026373265876465653
602,0.0013200201576521852
603,0.0004966116815880107
604,0.002801314536256655
605,0.00033011009030453837
606,0.016969003775981872
607,0.00593643885641055
608,0.00033212232200439766
609,0.007085821390051633
610,0.008402692349919055
611,0.008897646635438307
612,0.004777636649238215
613,0.0020803319429608734
614,0.0018141692905431098
615,0.004943525391517435
616,0.00658982490900134
617,0.011533166551524992
618,0.012191116819633198
619,0.0014827769249538831
620,0.020428429306264463
621,0.0016484819291656039
622,0.001977317950014466
623,0.0011542153020388192
624,0.01680445637745005
625,0.02092399959837387
626,0.005272207489340264
627,0.009720221474725966
628,0.00675455428409275
629,0.023558840376676736
630,0.011203402000030855
631,0.005766062601065548
632,0.01526076738608327
633,0.0006626831066845846
634,0.062275010561816876
635,0.0059344972976384455
636,0.0075783742743733545
637,0.0441526267153378
638,0.0004975861601941245
639,0.049095475188512795
640,0.02800719567468336
641,0.004960322410023655
642,0.006755143253004432
643,0.008899059443225858
644,0.026359206196957995
645,0.06723524479082124
646,0.024218515817391102
647,0.01738027611358974
648,6.721784897867978e-07
649,0.02504199580267626
650,0.043163721574505085
651,0.004942509491242601
652,0.02635915113946107
653,0.015321252054259885
654,0.012521358321402805
655,0.0077441225170494345
656,0.015488484740070932
657,0.006754759518494974
658,0.005588264439067659
659,0.012028517183764633
660,0.009063182914766828
661,0.020757999109829128
662,0.0023089196129394266
663,0.05815545401613397
664,0.049753341509559984
665,0.03673810027375466
666,0.0019803704467807595
667,0.006919342058016644
668,0.004614109722178109
669,0.01795908492771468
670,0.006261899410232488
671,0.006095870899439601
672,0.00348348127551627
673,0.0074146161269146305
674,0.0032949831207081002
675,0.0054366622082600855
676,0.009555249097752986
677,0.0031301993660481434
678,0.015980348413434157
679,0.011861684930399945
680,0.02290042254722899
681,0.06811586513563993
682,0.016309819634294717
683,0.020587817650170887
684,0.04381710528155695
685,0.02553721158524759
686,0.04069505434888291
687,0.005275553387642983
688,0.012030609143609058
689,0.05815527249058939
690,0.00016553316248748195
691,0.007743987542660659
692,0.006755113357542975
693,0.023508802976760508
694,0.01322225212894366
695,0.0003333231637474342
696,0.031498564632959844
697,0.04168226586697068
698,0.001647729206283937
699,0.034102838364277833
700,0.009720637108926596
701,0.0074424034059209394
702,0.017794103485413448
703,0.010215668785870716
704,0.016805247614638315
705,0.010708476288687546
706,3.5043179295450964e-06
707,0.009720734364452605
708,0.004120025887618156
709,0.008072623002541255
710,0.0009374099355953412
711,0.0026377331614127605
712,0.018451486758796532
713,0.0047794227901787785
714,0.00033191321117912934
715,0.07281950974948849
716,0.013838843330932604
717,0.08171356731403968
718,0.010708910727254701
719,0.02932678686994887
720,0.024217819591557648
721,0.01960472792005356
722,0.05865351649816152
723,0.05947285576023648
724,0.02800658977660409
725,0.11433298088183147
726,0.10115328608404317
727,0.02586514731944592
728,0.04942396969689283
729,0.03246391481803783
730,0.02668968086745337
731,0.011367551136868539
732,0.013841172138706361
733,0.055519767738456724
734,0.0013181700004127304
735,0.10296599972965961
736,0.004119140198166145
737,0.21697077668103615
738,0.08632942549050987
739,0.001483622983096309
740,3.5879639137926895e-06
741,2.6154925498777906e-06
742,0.0011540479933856683
743,0.0013186897168319571
744,0.0019779546971632105
745,0.021911127541180773
746,0.02092422338698617
747,0.0031313058021179992
748,0.01212422453531483
749,0.0037893770505596468
750,0.0026367593302785842
751,0.03772920476550179
752,0.00016769622597986023
753,0.0003340321926169164
754,0.0005153537321111938
755,0.0009894248377599725
756,0.0001663358644400522
757,0.0016482837212183142
758,0.0006592075181690633
759,0.0018127195318870673
760,0.5003294892914896
761,0.0011547336733820572
762,0.00296575984701259
763,0.048270847181716044
764,0.0006589785829789198
765,0.023888356638067074
766,0.040856913010046896
767,0.0019769357489367594
768,0.012928324064900324
769,0.015475873242035865
770,0.013509773189151562
771,0.015486511108996232
772,0.00016617555955852884
773,0.02059349761241239
774,0.0005894939403114852
775,0.0069208518433209335
776,0.06836918073926256
777,0.011523153116332788
778,0.006096089958389231
779,0.025536248293827862
780,0.14958821766250577
781,0.010543985616904429
782,0.019439952364951652
783,0.04530561743354361
784,0.013345815749010611
785,0.003790196016637847
786,0.06194432819705052
787,0.019869629508607642
788,0.0171335002242659
789,0.04629325451820638
790,0.21153214626635383
791,0.13179575024030926
792,0.022075940818350896
793,0.04349310121997703
794,0.020428336072346513
795,0.005271828663831358
796,0.002966880554784111
797,0.0013179571659578395
798,2.9784868000073962e-05
799,0.0016496762376335577
800,1.328063759320233e-06
801,0.0013376600201656244
802,0.01598370773206152
803,0.0004945824540712846
804,0.005285466528883653
805,0.010214168036173256
806,6.721106424874716e-08
807,0.00035879322522863494
808,0.008731516281716378
809,0.0009890094674351387
810,4.515283150730827e-07
811,0.0004944656612377571
812,0.0069200611974989945
813,0.0021444266553791672
814,0.005271889286799477
815,0.005931493627636283
816,0.0006589785829789198
817,0.0024715779686314138
818,0.014169102237696189
819,0.0009886065551384907
820,0.002635914331915679
821,0.0028008398029456846
822,0.007743759143203045
823,0.0019805893283122316
824,0.031961618662685
825,0.0049443530590641644
826,0.022735791820742455
827,0.005442413639246456
828,0.01960468468999351
829,0.010378927549933538
830,0.007908979241076608
831,0.006919407192487472
832,0.007909001085059647
833,0.0021417137663721376
834,0.00016485359299951016
835,0.0008237232287236497
836,0.002800658977660409
837,0.011861614493620555
838,0.004119062558822634
839,0.011204563337688487
840,0.008403355661789451
841,0.0009904155478746453
842,1.2576857549347983e-06
843,0.06013179569682643
844,0.03476185828274806
845,0.015157828188373476
846,0.017054985884971327
847,0.015321920297428973
848,0.03542147641429711
849,0.1029654872419891
850,0.04942497872872039
851,0.019770027379233633
852,0.023724431867413267
853,0.037397842827681424
854,0.0634295490718688
855,5.7399547368565564e-08
856,0.0003295451628092243
857,0.00033048401728269316
858,0.0034596742633368157
859,0.000329720563400358
860,0.054366443070451284
861,8.153363019533484e-08
862,0.013838901625891515
863,0.030807717554113313
864,0.001482751399596759
865,0.0001652287334754077
866,3.5537929059357593e-07
867,0.001812219393624823
868,6.767187524338785e-07
869,0.00021727731395000433
870,0.0013194359336801645
871,0.0007612154167003721
872,0.003295355228577165
873,0.016639209220217725
874,0.014168947150501574
875,2.6971902737635667e-06
876,0.00115438316234253
877,0.00020948048221250913
878,0.0016481611828021332
879,0.056014573479819765
880,2.6168653339085705e-08
881,0.007413607990092491
882,0.0008250634714675753
883,0.05898129484826531
884,0.00032959855481075345
885,0.0006880100627956922
886,0.0013200638684488653
887,0.0036244357278397165
888,0.03443201603154099
889,0.0
890,0.006919949619321951
891,0.0016490033696504483
892,6.483951006649548e-05
893,0.0006597981038101869
894,7.789168112638986e-07
895,2.6095705723737384e-06
896,0.009061515907042302
897,4.790283124888717e-07
898,0.014169313468704092
899,0.00016750271811246374
900,0.0006609681018010772
901,0.0011532125202131096
902,0.0037900350353983142
903,0.0013179571659578395
904,0.000824403381315742
905,0.0003302391522768281
906,0.003624953565118852
907,0.003624382206384059
908,0.0056020009682502744
909,0.023064362231157477
910,0.003956570142273128
911,0.006095974961471334
912,0.0054367791872828655
913,0.028502691298775265
914,6.769701708551929e-07
915,0.0002602197378232379
916,0.02009932040499805
917,0.020416818575834415
918,0.0818799165410105
919,0.0032948929148945987
920,0.014333673675315605
921,1.122662376254671e-07
922,1.5493254632116162e-06
923,0.03426689093495772
924,0.0018121911031920295
925,0.01713386187812845
926,0.010380274248772758
927,0.018451490581008968
928,0.0
929,0.0006590398949811796
930,0.00675454613713654
931,0.0014833488793542828
932,0.014168761773545768
933,0.0001651392189000116
934,0.0034607426170298354
935,5.606805593703232e-07
936,0.00016475368457681604
937,2.1846430397555354e-05
938,0.011204020684398141
939,6.894746767329533e-07
940,0.0004943399671197928
941,0.00030400087574837694
942,0.0186619367930577
943,0.0038312376101161407
944,0.007087577876088515
945,0.0023068421971913977
946,0.006920535350823642
947,0.006425966314449019
948,0.00032972084970249357
949,0.001154267568392383
950,0.0008239631943940067
951,0.005768048634840719
952,0.02026372317111367
953,0.008237583498791412
954,0.02290049333796313
955,0.020100393535188686
956,0.007084817665469
957,0.013345631485643428
958,1.035924554047737e-06
959,4.346716790627871e-07
960,0.0018145425707507933
961,0.005162853923814013
962,0.000711661956263932
963,0.00016491306267347897
964,0.0021420259034813332
965,0.0341022823683843
966,0.00494449364571904
967,0.00033194265649713606
968,0.0013180152567004758
969,0.015981912241919995
970,0.009390444807449607
971,0.015980703200725123
972,0.020757890208668757
973,0.04382324910393225
974,0.007744793431459755
975,0.03509121884050272
976,0.028830662897508096
977,0.0006589785829789198
978,0.5021416803946817
979,0.019440394475916476
980,0.012029006439038266
981,0.01489234402469119
982,0.008896556542602251
983,0.01664073514992873
984,0.0037896313224334405
985,0.00939050626723256
986,0.007047577694790791
987,0.00976747767162005
988,0.007744186111211907
989,0.018287624872850624
990,0.006261002198288369
991,0.016804080727455286
992,0.005110600584817676
993,0.035753407858815936
994,0.026359603923633578
995,0.004782022879349229
996,0.024218282847775933
997,0.03591452291793733
998,0.017137658190217318
999,0.030645801819497283
1000,0.0047776637257254725
1001,0.004284675971592737
1002,0.014499453195507423
1003,0.013015995786873213
1004,0.019277588577922472
1005,0.0169688621409503
1006,0.008072543996106043
1007,0.00494239903581141
1008,0.01943992458754827
1009,0.015449366963322775
1010,0.002306740207738514
1011,0.01647479283129819
1012,0.007413549025075526
1013,0.016639271571728665
1014,0.061285183312269696
1015,0.009555319455339184
1016,0.02586495173774763
1017,0.004942556913950488
1018,0.01087363089085143
1019,0.006589785829789197
1020,0.042347993760383146
1021,0.019693383533017455
1022,0.010548829420042505
1023,0.058981284648158064
1024,0.04991780236897754
1025,0.017463706581878555
1026,0.007907950054416154
1027,0.018781026163542477
1028,0.02685337725639098
1029,0.09506018043068834
1030,0.010219632717973437
1031,0.01614634525163383
1032,0.015817051504015484
1033,0.023118599710754542
1034,0.00016737870414161747
1035,0.026698869840736977
1036,0.0261978672347138
1037,0.019934116298353618
1038,0.0005376791449388349
1039,0.00016618573595792233
1040,0.00033021838686060325
1041,3.997790349973833e-05
1042,0.0004983397317846652
1043,0.000167566237607997
1044,0.004612958369181538
1045,0.0011551545757837788
1046,0.0014831102637806346
1047,0.0004955251702568887
1048,0.00016706495141959
1049,0.0029654411040294696
1050,1.4399094968668515e-07
1051,0.0006599803476932166
1052,1.5802529029739028e-07
1053,2.6613711503674327e-07
1054,1.5998112423287898e-06
1055,0.0003302375760334873
1056,0.006261544547126897
1057,0.00214245277134496
1058,0.0009900311153991505
1059,0.011854694124368244
1060,0.00016832827789455473
1061,2.9871241028797955e-06
1062,1.3105953800024858e-06
1063,0.00032973760903975323
1064,0.0011548318666983542
1065,1.1873649397861794e-06
1066,0.0011533111293293848
1067,0.00016947111267786235
1068,0.00016676379575778722
1069,0.014168722768614011
1070,0.00016474464574472994
1071,0.004283453188422017
1072,0.0021424355233707728
1073,0.0031309139996526397
1074,2.501581401572383e-07
1075,0.06540362436065779
1076,1.58591877222651e-06
1077,0.005767940107353073
1078,0.00033097446186797225
1079,1.2341959381582937e-07
1080,0.00016591556978616943
1081,1.8794340129524956e-06
1082,1.1709240414394864e-06
1083,0.02042923721836627
1084,0.0019777802721229463
1085,0.0044487474963573175
1086,0.0016479812913680952
1087,0.00016692470992816434
1088,0.0003298156709797171
1089,0.00032960914641921456
1090,0.0013440157336155416
1091,0.0004948608024143742
1092,0.0
1093,0.0018124465170440422
1094,0.0019770920527776227
1095,1.608708031801943e-06
1096,8.013273678916099e-07
1097,0.0
1098,0.0024330497728323997
1099,0.000991154083914068
1100,1.179632851900998e-06
1101,0.00033075242027807777
1102,0.008896562500423984
1103,0.0031301721057379974
1104,0.0014849928958054254
1105,0.004295988172555309
1106,0.014663129123277488
1107,0.0031321903768727686
1108,0.03344358286783799
1109,0.005606224756281971
1110,0.007248764412768118
1111,0.0522259575443715
1112,0.011532197575150598
1113,4.417401211486331e-08
1114,0.0047777781428655994
1115,0.00016985013088848108
1116,0.0003299346085613263
1117,0.00016481640921435097
1118,0.001483224493142256
1119,0.005271905107127272
1120,0.010708585144386234
1121,0.0011532188402397635
1122,0.002800727925508842
1123,0.005107112267975267
1124,0.005271877443374504
1125,0.001978958904783452
1126,0.008072494262212215
1127,0.003425588603862226
1128,0.016560581391699376
1129,0.04678788507316397
1130,0.0009895469778464002
1131,8.07272716383925e-07
1132,0.0009902074701365125
1133,0.004121200370746641
1134,0.00016595555458455332
1135,0.0013179571659578395
1136,0.0006603523742741716
1137,0.0003749036710246705
1138,0.00016474464574472994
1139,2.085812215879672e-06
1140,0.00033151868795214213
1141,0.0004954773914946504
1142,0.005766237745621854
1143,0.0046208295706269475
1144,0.007249863476790934
1145,0.005934153556117569
1146,0.000495782477640231
1147,0.013510298391324983
1148,8.449715497871423e-07
1149,0.0019775500003235895
1150,0.001318963501800454
1151,0.0008250010940042976
1152,0.01861878686743763
1153,0.0031358009012522024
1154,0.00016573060979474115
1155,0.0006589785829789198
1156,0.004741335668802808
1157,0.010873936738641838
1158,0.007908076955654717
1159,0.0003716922124356487
1160,0.0011532839560370897
1161,0.0062604974907315165
1162,0.0006869495319341685
1163,0.03690423754595632
1164,0.0835268162533659
1165,0.008075706856254694
1166,0.009390716774342294
1167,0.026690514817527617
1168,0.0023066208255571826
1169,0.006754848986707692
1170,0.010717649585884005
1171,0.02866697640252956
1172,0.06787498271349539
1173,0.05848533777258219
1174,0.021252370780201615
1175,0.0049250052324452285
1176,0.010708401973407446
1177,0.05370688600855302
1178,0.07652864307259913
1179,0.1920931248782815
1180,0.008238215512589011
1181,0.03509425589002448
1182,0.012191209742934247
1183,0.004118828004151433
1184,0.010874108308243665
1185,0.027018752483774718
1186,0.015158177497282717
1187,0.001978098147901003
1188,0.0009887606037544939
1189,0.009886090357966911
1190,0.04926050245949402
1191,0.09654294487460242
1192,0.014500091707601775
1193,7.796171060469757e-07
1194,3.2813055838111917e-07
1195,0.0008240622930654332
1196,0.0037892741245489922
1197,0.000989622111118196
1198,0.00016532747823086251
1199,0.00033013883067011516
1200,0.015815485991494075
1201,0.0008238495049323349
1202,0.0011537737201361231
1203,0.0
1204,0.013673805596812584
1205,0.0011532125202131096
1206,0.021581548592559622
1207,0.04200994680437075
1208,0.00016479754062936254
1209,0.005199135009187573
1210,0.0032950867293043383
1211,0.006754530475533927
1212,0.003296101196562191
1213,0.0
1214,5.323791715007024e-07
1215,0.0006589785829789198
1216,0.0004946486088186857
1217,0.0006589785829789198
1218,0.00873199833421012
1219,0.01631529093607816
1220,0.0001652146766349105
1221,0.0014828734121203173
1222,0.00031732198849029544
1223,0.0013179571659578395
1224,0.034433130059433555
1225,0.016074205784050458
1226,5.677262621034529e-07
1227,0.00988488376164341
1228,0.006754945147118423
1229,0.0026359897956723783
1230,0.005439598070288506
1231,0.002635914331915679
1232,0.006758088930557102
1233,0.008403723725407949
1234,0.003790601704279928
1235,0.0021420800272056416
1236,0.006426430225967098
1237,0.004448193417283494
1238,0.01466242300684498
1239,0.004613434714670084
1240,0.005601381248488192
1241,0.0026366504611892417
1242,0.0018121911031920295
1243,0.010873521761914359
1244,0.0014828499806838996
1245,0.0042836093850169635
1246,0.012850155988145283
1247,0.07528842025477527
1248,0.013674968878306932
1249,0.010214256264166536
1250,0.013014912990312086
1251,0.007413613666203949
1252,0.006095717246734234
1253,0.009225794107092546
1254,0.025106555605110926
1255,0.03179589078773198
1256,0.033608002105393685
1257,0.003130157028219194
1258,0.025206669061620578
1259,0.022572339812977904
1260,0.0006590554680570163
1261,0.0013180574509727096
1262,0.012355894103261723
1263,0.015325998466890384
1264,0.013675313490744103
1265,0.01219111226178821
1266,0.00016475498424342415
1267,0.0029658412099333757
1268,0.03756624232162306
1269,0.0004952828793375483
1270,0.003958073178780366
1271,0.00856763720754813
1272,0.02389053546288581
1273,0.002471578207988529
1274,0.06227360404286603
1275,0.006260300923216894
1276,0.03163182819260617
1277,0.014168039534046774
1278,0.007579198767106834
1279,0.0008240911845772067
1280,0.005767359577353256
1281,0.0006589878119766643
1282,0.0004951545228660964
1283,0.04448181233574462
1284,0.0021426648859396037
1285,0.005437671121563233
1286,0.0011532125202131096
1287,3.5778858337363552e-06
1288,0.046129510376308566
1289,0.0014841714024252755
1290,0.0034606002364058067
1291,0.0003296592439883093
1292,1.1618527372714626e-06
1293,0.008567149399627522
1294,0.0019347674070529235
1295,0.0018128885135311268
1296,0.0062602965382997375
1297,0.004448122739516919
1298,0.0008708855477359464
1299,0.013179762772400192
1300,0.001486982117774389
1301,0.023395206997430928
1302,0.0004948408507480308
1303,0.004118872415921768
1304,0.048281966684475174
1305,0.018123849685049338
1306,0.0059321542383057035
1307,0.0013194336989437274
1308,0.0008251318581824051
1309,0.026010409579992646
1310,0.004778872591877816
1311,0.0014839154956448946
1312,0.031468844034405134
1313,0.008073221145242322
1314,0.025042343954300012
1315,0.03261963970684823
1316,0.0199344594691044
1317,0.003625047907373486
1318,0.01334532659408345
1319,0.010708401973407446
1320,0.002142775895646519
1321,0.010214168036173256
1322,0.007287294509116136
1323,0.04744766995955263
1324,0.021088746679918547
1325,0.000990446697286583
1326,0.00016537632264551212
1327,2.1875648024156035e-06
1328,0.0003307326402187189
1329,0.0006589847243222575
1330,6.4884552354101996e-06
1331,0.0006597432565652391
1332,3.569286113629754e-07
1333,0.0004944117138758976
1334,2.010514215053438e-07
1335,0.0003295909513384919
1336,0.001154286283063842
1337,0.00033126386997843975
1338,0.00016511575641912657
1339,0.0001649264284058874
1340,0.0006596059991872258
1341,0.00016474464574472994
1342,0.0004955060832504961
1343,0.0010559755675366596
1344,0.00016483959276478836
1345,0.0006589785829789198
1346,0.02009976700438274
1347,0.0004946927693026204
1348,0.00016543239363217983
1349,0.002476164740024781
1350,0.005437024837891161
1351,0.0011565855600258871
1352,0.006920837451073604
1353,0.005931832140322941
1354,9.11701293889019e-08
1355,1.8191447202483777e-07
1356,0.00032979558300229035
1357,7.571778587547471e-06
1358,0.00032979558300229035
1359,0.005272460444873606
1360,0.0057666905518933146
1361,0.0038755998153801566
1362,1.0629309553536112e-06
1363,0.0004956530835304628
1364,0.0014828056029590729
1365,0.005766224238612507
1366,1.712821768847259e-07
1367,0.0001666311081843415
1368,0.01792193528828771
1369,0.0011533839283433026
1370,0.011698728089171757
1371,4.515283150730827e-07
1372,0.0023070895901912596
1373,0.0003303431841745737
1374,0.0011542239971764731
1375,0.0016511306102065793
1376,0.0008244959187971649
1377,0.0003296477718113967
1378,0.0035033104990819484
1379,0.01384039304095951
1380,9.707139529442445e-05
1381,0.0008248678408127516
1382,0.0004949186934913995
1383,0.000659571271550257
1384,0.0014827018117025694
1385,0.00016474464574472994
1386,8.732903321860151e-05
1387,0.0011585246153301054
1388,0.0019773120469070826
1389,0.5046128500808525
1390,0.05140032947235574
1391,0.0018121911031920295
1392,0.03558607707967032
1393,0.01680501746745965
1394,0.008731466224470687
1395,0.002800658977660409
1396,0.05799074260606565
1397,0.03805601316703262
1398,0.10263699041504488
1399,0.06425121600739023
1400,0.04069258315374373
1401,0.08612478976869754
1402,0.013513342106240413
1403,0.02883031300532774
1404,0.00955634202513223
1405,0.061450527043979915
1406,0.02553542009043314
1407,0.02570016473617787
1408,0.015485996700004615
1409,0.060816092405089596
1410,0.0034596375606393286
1411,0.038385502458522076
1412,0.0258649093819226
1413,0.0011547088492543287
1414,0.0031301482691498688
1415,0.0015705322624700005
1416,0.0008248941527650892
1417,0.004119772879950497
1418,0.0003294892914894599
1419,0.0011657469553371226
1420,4.085730929138494e-07
1421,0.00042581451857437924
1422,0.0009896387985098192
1423,0.009225826733518619
1424,0.021585249033668312
1425,0.0003325407221020021
1426,0.0001649081719323849
1427,0.00047755051565795436
1428,0.02092302339125144
1429,0.062275080426257144
1430,0.014004370420042217
1431,0.014498069052462058
1432,0.0726563587167322
1433,0.01993653473242497
1434,0.02158171222180274
1435,0.017627690686293527
1436,0.029818993425364388
1437,0.03525723183621231
1438,0.042998464435270785
1439,0.022405524474438932
1440,0.10181260396445652
1441,0.014497655430474342
1442,0.010214689789201708
1443,0.01383861836235293
1444,0.00131808096676955
1445,0.010544280090966876
1446,0.01993411411722176
1447,0.008237232287236497
1448,0.010380561068900849
1449,0.0036268719444522636
1450,0.011861716232320671
1451,0.000494336621712498
1452,0.0013180028159916106
1453,0.006755789350436767
1454,0.004945054028926347
1455,0.0133444376678657
1456,0.0019786131760166662
1457,0.010215214712859239
1458,0.002956802869690944
1459,0.003854330290059924
1460,0.02734827986759734
1461,0.002965582405185908
1462,0.0060956466126699995
1463,0.018617090863380734
1464,0.000164799165495437
1465,0.00922591038477062
1466,0.0047776501086181635
1467,0.0014827422984912018
1468,0.000495884274793096
1469,0.005272024168323277
1470,0.003463603704312913
1471,0.044317762014103486
1472,0.02421769752848703
1473,0.004121165331219006
1474,0.0029654136529313232
1475,0.017323817971787565
1476,0.03739778412457499
1477,0.0042837668689048045
1478,0.001979746924438986
1479,0.012522260607255567
1480,0.0014827840090913312
1481,0.010712306936430539
1482,0.001318746961211027
1483,0.02355920083319266
1484,0.006920958240472482
1485,0.0026375303623888385
1486,0.0024724840903555304
1487,0.005425019837208026
1488,0.00016556889248694784
1489,0.0062645282232592315
1490,0.008073169755036065
1491,0.0024722908003347753
1492,0.00164824553331654
1493,0.001483403579283985
1494,0.013497006239044715
1495,0.009391444055529713
1496,0.007586791043099613
1497,0.003954252058765402
1498,0.0225709547562709
1499,0.0004942339372341898
1500,0.0014828499790619021
1501,0.01713679154704587
1502,0.0013189265274307642
1503,0.022078399226955522
1504,0.006593476305809688
1505,0.0011554971463037884
1506,0.008900505399472822
1507,0.017958191522516317
1508,0.005931182484470717
1509,0.022076348673873727
1510,0.014828116789674802
1511,0.005438067963755166
1512,0.021582762276501948
1513,0.0024718567123528847
1514,0.019607071846511257
1515,0.010378912681917986
1516,0.13509137245724423
1517,0.008568663934802025
1518,0.014561949108539796
1519,0.015329011045017944
1520,0.026854721886040357
1521,0.03294913032761993
1522,0.010708586764348634
1523,0.00839205873404411
1524,0.010049896786577747
1525,0.0011538962435649856
1526,0.008569989952965524
1527,0.008078716517736749
1528,0.008566887779902537
1529,0.009226067054930806
1530,0.017298252685717972
1531,0.004448239365182771
1532,0.022405416032846456
1533,0.021746485007184107
1534,0.0057664294942914775
1535,0.008896918544869344
1536,0.006261142782388041
1537,0.007413658245040391
1538,0.0009889324349228621
1539,0.011697050154959652
1540,0.028171731329725818
1541,0.009721183321395547
1542,0.006755536616961905
1543,0.007088006513746818
1544,0.007908092749088446
1545,0.004777965837271565
1546,0.018122391465428933
1547,0.003954242608547915
1548,0.0013186367728929907
1549,0.0023098191981137666
1550,0.0034615710431891286
1551,0.00955794752556207
1552,0.010873693651271261
1553,0.005767271014899813
1554,0.012687131732734393
1555,0.0004945803655424095
1556,0.003382724726170528
1557,0.0028019074670515317
1558,0.02685372093856427
1559,0.0008250273788018869
1560,0.0021419897289036904
1561,0.032788357957944554
1562,0.003955173468871026
1563,0.0019770388772927493
1564,0.00939197424695493
1565,0.005271923095889482
1566,0.00552413987941337
1567,0.006425298508699861
1568,0.00401170569760477
1569,0.0009892644960059723
1570,0.0014828641301947007
1571,8.670548399064862e-05
1572,0.029677915726819243
1573,0.0028012260760347397
1574,0.0393751773079041
1575,0.005605817031743483
1576,0.04266923435855945
1577,0.0612858983310411
1578,0.0004172390571267286
1579,0.004614145964124948
1580,0.020099073728232813
1581,0.017958266491273116
1582,0.007249376879456708
1583,3.573339920781793e-07
1584,0.5009884678744685
1585,1.115714585012821e-07
1586,7.980712208110413e-07
1587,0.005271828663831358
1588,8.165983575634649e-07
1589,0.012192462074382118
1590,0.0006598065905930071
1591,0.0
1592,0.0011533108549095143
1593,0.0016495753257613423
1594,0.0004949843480053285
1595,0.0
1596,0.033278637245535064
1597,0.0004970172465159614
1598,0.0003294892914894599
1599,0.0
1600,0.0013198545260231936
1601,0.0018132803273054878
1602,0.002636978551394545
1603,0.0001300227089441957
1604,0.005107084018086628
1605,0.0011556473613338557
1606,0.07248777134404268
1607,0.005602491180046727
1608,0.0013179571659578395
1609,0.004777594726597168
1610,0.0014830715269887184
1611,0.0021420285951876503
1612,0.002635983700013466
1613,0.05436634657553725
1614,0.012520636082258445
1615,0.021581811905256484
1616,0.0056036085677948246
1617,0.07117859555694404
1618,0.023233258115747925
1619,0.1291605880986731
1620,0.0713368612992108
1621,0.12652442323859164
1622,0.0174630533646875
1623,0.08682046792357943
1624,0.0031321023526834166
1625,0.004777747345853034
1626,0.015815569393792733
1627,0.002311259241204089
1628,0.0021419605817648
1629,0.029818867623128555
1630,0.010049519494520586
1631,0.0037893104185120845
1632,0.009109967038817663
1633,0.0013182001837336518
1634,0.007413509058512848
1635,0.04753369638312042
1636,0.019605421120320297
1637,0.004612850080852438
1638,0.013838844133397773
1639,0.0060956699526857495
1640,0.015321447729014465
1641,0.01713348073929216
1642,0.037727589390031756
1643,0.0021416803946814893
1644,0.0026370831802391393
1645,0.003294999845085077
1646,0.018780889614899213
1647,0.01713411309894462
1648,0.011205061283565047
1649,0.01433369213436474
1650,0.006754660772090336
1651,0.0031315937555908844
1652,0.00823747305595953
1653,0.0037892145192300487
1654,0.009720099411164172
1655,0.020922758072436924
1656,0.016969098760745416
1657,0.004777706555290934
1658,0.020100450845670477
1659,0.010379095038705988
1660,0.002142028916451574
1661,0.004612919966267604
1662,0.0008241896613250654
1663,0.008731596521027096
1664,0.0011535822354992586
1665,0.018122775825959957
1666,0.003624613044024952
1667,0.001976998314768445
1668,0.0029656522190591238
1669,0.00510714268858939
1670,0.0028007892742168182
1671,0.0004942512338095827
1672,0.0001648749423011391
1673,0.00807320611100836
1674,0.008072571444377986
1675,0.0036244153333994744
1676,0.006260340208040962
1677,0.0107084200216829
1678,0.008403041152460093
1679,0.0006589785829789198
1680,0.00576607893804491
1681,0.0021418106912378986
1682,0.0008237232287236497
1683,0.0018135425544795786
1684,0.007248895540118998
1685,1.0524865423351995e-06
1686,0.0011532268632806293
1687,5.956608494352412e-08
1688,0.00016480151082799816
1689,0.0003308819332050148
1690,0.011203410788047652
1691,0.0075807920032208145
1692,0.004777879876604215
1693,0.00025230530670615784
1694,0.008898113785307415
1695,0.00560516975427157
1696,0.00035427239203877507
1697,0.005272368737282898
1698,9.328086367345012e-09
1699,0.011696972007282619
1700,0.0006594810944665153
1701,0.004777627720594108
1702,0.00873265809114913
1703,0.000661138439522874
1704,0.0008242257402112452
1705,0.003791144390866722
1706,0.0003311133234105997
1707,0.004612850080852438
1708,2.2805879960624038e-06
1709,0.011622268146906863
1710,0.0003295346213593986
1711,0.00041457138526407707
1712,0.05486887562821577
1713,0.010379166697878625
1714,0.016640467849755345
1715,0.015815928033696913
1716,0.03690313442965628
1717,0.011862153169351054
1718,0.025700476186852762
1719,0.18780897834638088
1720,0.007745242096989142
1721,0.001483578352978236
1722,0.000173653240965434
1723,0.0
1724,0.0016477020296942553
1725,0.008072487641491767
1726,0.0018122567965763406
1727,0.009390800815840084
1728,0.002141762592070251
1729,0.0003310936262386823
1730,0.008238912118019307
1731,0.006261065006249807
1732,0.006096596846646935
1733,0.0019769905161115295
1734,0.0011542751343922239
1735,0.0042853353060556655
1736,0.003630746013933681
1737,0.001483597852825033
1738,0.02718303471910181
1739,0.00016519141507528824
1740,0.014170379991790558
1741,0.013674708783190985
1742,0.004119092805716183
1743,0.00016678497287212762
1744,0.00016474464574472994
1745,0.0001648237490437552
1746,0.0004952609064563129
1747,0.02767710048511463
1748,0.02701812190213571
1749,0.0682052332712833
1750,0.011367594443326114
1751,0.04431630970533235
1752,0.010874762649625336
1753,0.11252320974081226
1754,0.04217593508156602
1755,0.031797504210714686
1756,0.08500823720428065
1757,0.0034609906075554835
1758,0.0037901279839775946
1759,1.6160304731596536e-06
1760,0.0006605462963339514
1761,0.013181633722280213
1762,0.010708927692926534
1763,0.021416803946814892
1764,0.0044493477015647796
1765,0.005108643265112172
1766,0.009227025966625956
1767,0.00016661859250928244
1768,0.005108361883367276
1769,0.00016540094487303895
1770,0.000332190215191257
1771,0.00016885044029520523
1772,0.0032959960191249462
1773,0.00412230661963874
1774,0.0036252344668559647
1775,0.008075541056302045
1776,0.0400335969582685
1777,0.006262804950920686
1778,0.033114909379758965
1779,0.011204265611341462
1780,0.008402811106816862
1781,0.0003307113854118036
1782,0.0018134689684726774
1783,0.023889668468783817
1784,0.00016641546794242407
1785,0.00035967829568628177
1786,0.006754669017117031
1787,0.0004963770973803948
1788,0.007501765806604241
1789,0.007087255990616872
1790,0.0001652677774286963
1791,0.00016543231217259116
1792,0.0006608750597895044
1793,2.1388693974833358e-07
1794,5.1114591464206e-07
1795,0.00032996432573277964
1796,0.00033024386662117194
1797,9.389044151781624e-07
1798,0.0004943115897608528
1799,0.0003295219923009636
1800,0.002802005969155835
1801,0.0003295209433464038
1802,2.26966386994381e-07
1803,3.9438430920806285e-08
1804,2.868356699609605e-08
1805,0.004289563681757092
1806,0.012192274168902614
1807,0.0003296232215645221
1808,0.0001648410651842734
1809,2.273527578475291e-06
1810,0.001153579413439039
1811,0.003133254180951469
1812,0.0011533873998226445
1813,0.020428502265251648
1814,0.024382317496717015
1815,0.04448199865549345
1816,0.01318019898938659
1817,0.03344352997940611
1818,0.010708773084081843
1819,0.0021425943732110804
1820,2.3003772664872916e-06
1821,0.0011532857369360402
1822,0.003461500128783883
1823,0.0011549151573678642
1824,0.0004942339372341898
1825,2.534231220645775e-06
1826,1.2777831617935916e-06
1827,0.0029654194493336106
1828,0.002306568334072144
1829,0.0019769357489367594
1830,0.00510980881073437
1831,0.006754669770443326
1832,0.006590701465666021
1833,0.0003303894056900625
1834,0.0011538162665239878
1835,0.01334483074627813
1836,0.0037537314347711394
1837,2.5415524846774078e-06
1838,0.00033005308895720534
1839,0.0014830081032153998
1840,0.010050517144018245
1841,0.0021439975950268216
1842,2.4558603432402047e-07
1843,0.0006602052760412415
1844,0.0028008318633131538
1845,0.011696932338168977
1846,0.008402414116811707
1847,0.005766729450861442
1848,0.0009885419549729468
1849,0.023229366160681317
1850,0.007413703145043427
1851,0.009225728631952174
1852,0.006097543397814567
1853,0.006755942227573291
1854,8.241798829905158e-07
1855,0.008897533800068962
1856,0.0008240389678756194
1857,0.03443173225865271
1858,0.0003294892914894599
1859,0.0008260266222759185
1860,0.006760354564033684
1861,0.000989803017688958
1862,0.001153257521199134
1863,0.011204159623260558
1864,0.0004972365621905131
1865,0.006595444237662256
1866,0.00032952044089966707
1867,0.0018128323102369983
1868,3.265118260919392e-07
1869,0.002471207426331851
1870,0.5011532125202133
1871,0.00016605649851185325
1872,1.6216612863395986e-06
1873,1.4133268229281323e-06
1874,0.0008237232287236497
1875,0.00016525371152183516
1876,0.0009487082529764188
1877,0.00032975250454989
1878,0.00016494152749122238
1879,0.005107170405108355
1880,1.6983086380148096e-06
1881,0.0001649274331846466
1882,0.009391606262911266
1883,0.011203515996458496
1884,0.003130615295487587
1885,0.020922733870421154
1886,1.679380966006644e-07
1887,0.0004948428521714061
1888,0.00016499391832616058
1889,0.00016733331175883333
1890,0.009722769519112301
1891,0.006095551892555008
1892,0.042339387005491474
1893,0.013015434549722824
1894,0.06474697099607797
1895,0.03937437054867519
1896,0.017792421740430834
1897,0.013015031838329028
1898,0.021416803946814892
1899,0.020593080718091242
1900,0.010050080821165356
1901,0.010049780724420605
1902,0.018451472168806528
1903,0.05815485994788967
1904,0.016968698511707184
1905,0.03294892914894599
1906,0.02916044254219751
1907,0.009555265293314685
1908,0.03789184336643628
1909,0.07940822961148743
1910,0.03426725603018998
1911,0.027843016054900797
1912,0.0334433275991443
1913,0.0011561055133079631
1914,0.01647478484609273
1915,0.009228186854868632
1916,0.0003310260297024559
1917,0.00032985465016340123
1918,0.054038255848754616
1919,0.0003304584866750602
1920,0.001153386973571448
1921,0.00041372330038595993
1922,0.0005415633855003287
1923,0.00016492692635983807
1924,4.9509769454888774e-08
1925,0.0018125608184781784
1926,0.0011540282862189319
1927,0.0009890002536398804
1928,0.0004996105407117275
1929,0.500658978582979
1930,0.001153819879409312
1931,0.0018122668383718699
1932,4.765138265892561e-06
1933,0.020098846780857053
1934,0.008566721578725957
1935,0.046132158524995574
1936,0.0005586646936119157
1937,0.0008237547538674001
1938,0.0004943097465082302
1939,0.00016607922972793906
1940,0.0001649342931582354
1941,0.0003296840903392075
1942,0.00016493991303485956
1943,0.0013179571659578395
1944,3.152514375048913e-08
1945,0.0011532125202131096
1946,0.0030537520572652237
1947,0.001978470172440054
1948,1.1503732945429966e-07
1949,0.0003295022305466263
1950,0.003294905853951765
1951,0.0001658356015532115
1952,3.573339920781793e-07
1953,0.0014828914591160749
1954,0.0004944412604848854
1955,0.002965459064179278
1956,0.0006590777105225594
1957,0.0004254511334716688
1958,0.0003295962216799382
1959,1.9256536583865378e-07
1960,0.0008238343881489703
1961,0.0008237232287236497
1962,0.0006590777648148748
1963,0.00065902652769023
1964,0.0004943499569377984
1965,0.0008250971717824901
1966,3.0113940207264743e-06
1967,0.0003302077622010331
1968,0.000659168164556325
1969,1.5681618197979164e-07
1970,0.007582256518067998
1971,0.0077430271950440915
1972,0.0004943408674246681
1973,0.00016836984322685125
1974,0.00016483110021576003
1975,0.039209367287706874
1976,0.5008237232287238
1977,0.00037862848541554407
1978,0.0003505016364546103
1979,0.017462932448941374
1980,0.00033914008886670597
1981,0.00016544309912677464
1982,9.159237174395039e-08
1983,0.0011535822354992586
1984,0.00033015963878787677
1985,0.0008238291948536666
1986,0.0014827018117025694
1987,0.0
1988,6.97026151007745e-07
1989,0.0014833622606311115
1990,0.0023065886696693352
1991,0.0037891842516761575
1992,7.073621896833088e-07
1993,0.0004942339372341898
1994,0.005108565695670053
1995,0.00033238228458431335
1996,0.00032966205674457485
1997,0.0008238959939787646
1998,0.0012045804512558333
1999,9.89972547871513e-07
2000,0.0005060644348278004
2001,4.783299158877311e-07
2002,1.064219478865825e-06
2003,0.0011535822354992586
2004,0.0003295880714448318
2005,1.0527509102414647e-06
2006,0.010472887828729639
2007,5.662806935061874e-07
2008,0.023888130320912238
2009,0.0001648268507646587
2010,0.00016493330604604587
2011,5.4119342670773365e-08
2012,0.00033101328326260945
2013,0.0024712448475920088
2014,0.0011533302399034573
2015,0.00016474464574472994
2016,0.001651412601120884
2017,0.0009895320939472456
2018,0.0
2019,0.0018132794388873697
2020,5.078953533772716e-07
2021,0.0
2022,0.0021418383072355513
2023,0.007084019767023387
2024,0.009719934098939067
2025,0.029818948138158646
2026,0.0059308529192172565
2027,0.021290101293629193
2028,0.03476127816469208
2029,0.012355935952400577
2030,0.02586508516424766
2031,0.014497643864684917
2032,0.026688639533886248
2033,0.023724710799433255
2034,0.023888123538802594
2035,0.02537067544468841
2036,0.016968698511707184
2037,0.028171449582534768
2038,0.003954567728612136
2039,0.006260304362852621
2040,0.025370683269241294
2041,0.009721591179102484
2042,0.020757975269652725
2043,0.023229760665447748
2044,0.0016474627944266613
2045,0.018780950472442118
2046,0.026029848826517078
2047,0.02520593079894368
2048,0.006589989305899138
2049,0.026524018261457928
2050,0.010873176683274505
2051,0.018781210362019397
2052,0.03657347861369257
2053,0.010873388406134908
2054,0.015008274124186162
2055,0.009719936818575508
2056,0.013509063670704296
2057,0.016803956585598894
2058,0.0021416831143179303
2059,0.042339376676032034
2060,0.017792424460067274
2061,0.019439870917514573
2062,0.03723229265794541
2063,0.03739704488866905
2064,0.017627812855675114
2065,0.03163109324953908
2066,0.06968803310289733
2067,0.02042836926724975
2068,0.007084308222116465
2069,0.008402077624549335
2070,0.01153609134580468
2071,0.001483375041271416
2072,0.0001649018744221212
2073,4.1114942617603726e-08
2074,0.0026381504908766762
2075,0.013673805596812584
2076,1.0693019047834164e-07
2077,0.00016491525936101548
2078,0.0003294892914894599
2079,7.512666323169348e-07
2080,0.002637216308602009
2081,9.071882141177085e-09
2082,0.008237290131077973
2083,0.008402176888816792
2084,0.018451425855760973
2085,0.001482856805121517
2086,0.0006601008967840626
2087,7.546835472542397e-07
2088,0.013179571659578395
2089,0.0013181021365195065
2090,0.003789295009670337
2091,0.0006601008967840626
2092,0.003954381896743399
2093,0.0004944311760685292
2094,0.0018145556043043078
2095,0.001976946053552117
2096,0.00856686932310181
2097,0.006426455778384721
2098,0.00428340459481768
2099,0.0006594853087306114
2100,0.009719971746107347
2101,0.007908272037306244
2102,0.0037950098280100965
2103,0.0018131102049413596
2104,0.008896737917233255
2105,0.007910731960194118
2106,0.0018128776607395517
2107,0.00527191086122012
2108,0.005107266851094711
2109,0.008402166021668387
2110,0.019275186452770522
2111,0.016147011711798914
2112,0.009062647305629825
2113,0.050576963577624166
2114,0.0011534478663326267
2115,0.050576669144269205
2116,0.013179807005697911
2117,0.0013181375665282829
2118,0.057167537165487926
2119,0.007579721005936853
2120,0.08138393719528535
2121,0.005107364164567028
2122,0.0001661426077688557
2123,0.011865840983237329
2124,0.003954785587013114
2125,1.974516692686633e-06
2126,0.0008261495341364194
2127,0.0014829724775036947
2128,0.007748119829268533
2129,7.917351433106313e-07
2130,0.0005018833156414422
2131,2.1943329504488148e-07
2132,4.794144513247863e-06
2133,0.0
2134,0.0
2135,1.1345434368627152e-06
2136,0.00016499181504622224
2137,0.0003295714888782216
2138,0.0021419275639829815
2139,0.006756363224528121
2140,0.003954840693059119
2141,0.0
2142,0.004284057074096487
2143,0.0008263869834249331
2144,0.05650766065974386
2145,0.010051951548455135
2146,0.019605206343645088
2147,0.019110977153648023
2148,0.001977600268469523
2149,0.003965432953125163
2150,0.0028028944729482277
2151,0.024879774483543372
2152,0.012357335937220194
2153,0.012855159692660862
2154,0.001174555509333013
2155,0.004284460364887274
2156,0.011532346635513587
2157,0.01219123631904253
2158,0.004777640627778299
2159,0.003625849508063334
2160,0.021581630789948382
2161,0.037397175642915295
2162,0.010051898870824322
2163,0.008568337609199117
2164,0.012034008517772537
2165,0.0021437325995687273
2166,0.00032984662548153805
2167,0.001648148225028715
2168,0.013675413647964393
2169,0.032788902749849524
2170,0.0018142433080792673
2171,0.005438115190567646
2172,0.0004615546395442268
2173,0.0008258916051909317
2174,0.041193276454824644
2175,0.0023095294105433505
2176,0.014663572590394048
2177,0.00016536938820285843
2178,0.007249467026710926
2179,0.002311608647048452
2180,0.013183598059521158
2181,0.004448462769099787
2182,0.002471491310724384
2183,0.017300804500358355
2184,0.004781285202617659
2185,0.00494495606950361
2186,0.00412123284077996
2187,0.0028008694475774583
2188,0.0018160383245066631
2189,0.013179688596222417
2190,0.002143069941905919
2191,0.00972004900053172
2192,0.0028020266382101904
2193,0.001648110971366011
2194,0.00181700760116072
2195,0.018290682077607787
2196,0.006921156907170491
2197,0.022735764943440533
2198,0.015818102688655786
2199,0.0011544938869973386
2200,0.002307772031921645
2201,0.02751296302713546
2202,0.0009885621064772833
2203,0.002965403623405139
2204,0.0014834232289857232
2205,0.008077281786005015
2206,0.007249859397641742
2207,0.001154572004798796
2208,0.0014847799383365615
2209,0.0011548288704352257
2210,1.2466480987171259e-06
2211,0.0013192350312384875
2212,0.00560140870675986
2213,0.0004957931842597338
2214,0.0034596375606393286
2215,0.034268393649785824
2216,0.0041258993376694095
2217,0.01812312471586262
2218,0.03344328933058395
2219,0.007910296210621894
2220,0.012850082368088935
2221,0.008896210870215417
2222,0.015817396785729992
2223,0.006426450802368634
2224,0.012526893887904251
2225,0.006425446862740796
2226,0.02751434734462946
2227,0.06079113161379743
2228,0.055849781898958874
2229,0.021418575944399467
2230,0.027348397712849484
2231,0.012687544465900135
2232,0.02454695221596476
2233,0.0051073253643910636
2234,0.029818864281789315
2235,0.006095745330837789
2236,0.05074478256629333
2237,0.01005214598106131
2238,0.003295104212421733
2239,0.09522387254213317
2240,0.0031349243644364674
2241,0.015981545214023597
2242,0.004284168013100697
2243,0.0074138759517387775
2244,0.03839948057919546
2245,0.013675027690734929
2246,0.008077263736778367
2247,0.003953871497873519
2248,0.02520601705955001
2249,0.01696905584569926
2250,0.006876893999048533
2251,0.01334437262681949
2252,0.009061605409065055
2253,0.0055730959390119005
2254,0.012850669002261244
2255,0.018123303676727848
2256,0.01005049161911411
2257,0.0011535906298019902
2258,0.0018123371841494273
2259,0.000988693855507624
2260,0.0018125484371841077
2261,1.0835598300994248e-07
2262,6.062296811862837e-08
2263,2.10397524200147e-07
2264,0.011544519639455247
2265,0.012026448852706723
2266,3.6689322592935616e-07
2267,1.886666666457516e-07
2268,0.004613053076193279
2269,7.542516458067628e-07
2270,0.002471358352837595
2271,0.0001686850758496057
2272,0.009719973537369987
2273,0.0
2274,0.0031305998056210724
2275,0.016639576113443653
2276,0.01104157500313166
2277,0.003789493745354718
2278,0.0014828275894803332
2279,0.008731497876327632
2280,0.0001659260381893631
2281,0.011208120823073884
2282,0.000988825208460458
2283,3.6689322592935616e-07
2284,0.01696888717837383
2285,0.017792618213255614
2286,0.006755118501255464
2287,0.010379027479790763
2288,0.019275123552133403
2289,0.005768387819464656
2290,0.021087685765999828
2291,0.007413880169187244
2292,0.0028026782798240123
2293,0.0006598814853690042
2294,0.009225700161704877
2295,3.711106743966231e-07
2296,0.0
2297,5.988651438906674e-08
2298,2.220158688130869e-07
2299,1.5542443277277142e-06
2300,3.711106743966231e-07
2301,0.004119289697966168
2302,0.00560198972309496
2303,0.025535451742290084
2304,0.0009898312366110155
2305,0.003789704665671323
2306,0.001483072922376966
2307,0.005271828663831358
2308,0.004614031473297072
2309,0.0018126828557759487
2310,0.003130935758776822
2311,0.00378980645906394
2312,0.0032948929148945987
2313,0.0016474464574472993
2314,0.0011593575586945652
2315,0.0006592848744917503
2316,0.012850234544403675
2317,0.0034604134807321336
2318,0.024548516372884792
2319,0.003133565796785085
2320,0.006260958414931119
2321,0.0029657747340795355
2322,0.007416926586148064
2323,0.0019771064933346507
2324,0.01005153772366519
2325,0.002636070523865219
2326,0.0016478979857623725
2327,0.005601317955320818
2328,0.015981964787662457
2329,0.001985221601487202
2330,0.0004179006100332509
2331,0.001812547385113814
2332,0.0003304462547810528
2333,0.0021076900812776913
2334,0.0031304545606626994
2335,0.0070848484967653514
2336,0.0033169076438071964
2337,0.007578511028912971
2338,0.004119061330553414
2339,0.010543733707295116
2340,0.002141883433023126
2341,0.005108476662894183
2342,0.008404126723617907
2343,0.008897744895185812
2344,0.010708556753883164
2345,0.001647515456575603
2346,0.00016511575641912657
2347,0.00016561128719932581
2348,0.0011573180681481558
2349,0.005436814013171998
2350,0.0004951073155969515
2351,0.002141756409093149
2352,0.0004945747912842538
2353,0.00016511575641912657
2354,1.77715714528815e-06
2355,1.707443978914527e-07
2356,0.005440286799740714
2357,0.0001753646027353983
2358,0.0007174076085488463
2359,0.0003295816894026648
2360,0.00032950038312193277
2361,0.004778278601560049
2362,0.011204225446989778
2363,0.0006616375157502303
2364,0.004119019383609397
2365,0.0028030243940672184
2366,0.009884764756001736
2367,0.008072487641491767
2368,0.0006589785829789198
2369,0.011038550824207323
2370,0.002141724671355306
2371,0.0258652567499176
2372,0.0034157134319523653
2373,0.02257417763815135
2374,0.0009887893684742083
2375,0.0443202265579765
2376,0.007085399490435249
2377,0.007743342246159108
2378,0.0009894393283503254
2379,0.00807305813999166
2380,0.005110184362170499
2381,0.016806584912260242
2382,3.60578190835984e-06
2383,0.00098851793171407
2384,0.0018126426315071026
2385,0.004448781544058656
2386,0.012521507055129066
2387,0.0008252818703077437
2388,0.00016590191494289945
2389,0.0003318547078962692
2390,0.00016486437747592159
2391,0.0013182656693203482
2392,0.0006642186838339092
2393,0.00016477727675411603
2394,0.0028017257317127617
2395,0.00016598319751819966
2396,0.0003325412320943948
2397,1.652853058219862e-06
2398,3.233509378908492e-08
2399,1.2453262284102143e-06
2400,0.00049795388954954
2401,0.0060961510133649656
2402,0.0009913032946416136
2403,0.00016645397818259504
2404,0.0009176983755353017
2405,0.0018125954290254592
2406,4.432757318780277e-07
2407,1.3129392945552462e-05
2408,0.01631192528644751
2409,0.0036246619068165797
2410,0.005772315846132474
2411,0.0019769357489367594
2412,0.00543811449268297
2413,0.0018121911031920295
2414,0.008568463264954747
2415,0.00659123746639913
2416,0.0003294892914894599
2417,0.00016526780074397251
2418,0.00016712287854129005
2419,0.008731466224470687
2420,0.007413509058512848
2421,0.0009885107414141778
2422,0.006754530475533927
2423,0.004612850080852438
2424,0.022570016467028
2425,0.011367380556386366
2426,0.0026362453660716805
2427,0.0013183600877839752
2428,0.005930807246810278
2429,0.005930807246810278
2430,0.009061031605516391
2431,0.0013179571659578395
2432,0.014497528825536236
2433,0.008401976932981227
2434,0.0003298605780613301
2435,0.02734761119362517
2436,0.0013198960414135968
2437,0.0034596375606393286
2438,0.0004954048612756293
2439,0.002801723197139275
2440,0.013179871997661947
2441,0.0003294892914894599
2442,0.0008247874482025155
2443,0.00016600514844389405
2444,0.038879736395756266
2445,0.0044484751503938574
2446,0.022005013030860734
2447,0.00016591556978616943
2448,0.008402334266973305
2449,0.004118616143618249
2450,0.0026362536462367684
2451,0.006425263879223749
2452,0.0004942834470036447
2453,0.006098309964922741
2454,0.002472233905649815
2455,0.006589785829789197
2456,0.000498339485169236
2457,0.0013180722984379343
2458,0.0036244973388641537
2459,0.0010824430212800318
2460,0.002141798244017608
2461,0.016145019281883076
2462,0.0011533852854682246
2463,0.007907774520890788
2464,0.050247289717397746
2465,0.0018132553226708954
2466,0.00017235230189951458
2467,0.0016485106769261652
2468,0.0013190213854367054
2469,0.004122721691553295
2470,0.007110687803165477
2471,0.013673978362067699
2472,0.00230665246021539
2473,0.0001669026901440765
2474,1.1784933611890724e-07
2475,0.002976595367623296
2476,0.009887281800913483
2477,0.00032958709553249267
2478,0.02158159712324434
2479,0.021913989924465433
2480,0.00032973079700699613
2481,0.0026360729427442617
2482,0.0009889640509369764
2483,0.0016502045298150332
2484,0.00032965462392648857
2485,0.002472233905649815
2486,1.1384301176609706e-06
2487,0.016309829694809916
2488,0.00487156987340882
2489,1.3173677521939947e-07
2490,0.006925115450949025
2491,0.003295008042829821
2492,0.004943403591820764
2493,0.0024712678287285685
2494,0.0006591889920300178
2495,0.013344375871408068
2496,0.009060955515960147
2497,0.024476182717031683
2498,0.032125563254214416
2499,0.012120334286176938
2500,0.00790781832544753
2501,0.026359292854720804
2502,0.006098593453036721
2503,0.0016476475088688046
2504,0.01023696486411892
2505,0.003459833697465238
2506,0.0016475544088463232
2507,0.008896276915775958
2508,0.010214250233562018
2509,0.009884744790244338
2510,0.0034601483759057303
2511,0.026854441475869843
2512,0.10610277224385811
2513,0.005272107133081367
2514,0.013838616288117856
2515,0.006260362583860278
2516,0.009390723276699615
2517,0.016639405357043634
2518,0.0006590446285394607
2519,1.3895472244300204e-06
2520,0.0001658830758623909
2521,0.0008293844031045147
2522,0.0006590446285394607
2523,0.00017015576681983217
2524,9.027075841057267e-08
2525,0.007910624244191672
2526,0.0059331717479225565
2527,0.004622329045023973
2528,0.040692010121414476
2529,0.0016475225456046695
2530,0.0001657443599343549
2531,0.00065994777816452
2532,4.351668640915014e-06
2533,0.00016484583469379357
2534,0.00032973305813725344
2535,0.010379019612108464
2536,0.00691929709193299
2537,0.014827131112732784
2538,0.014991875758477513
2539,0.0004944689195059466
2540,0.002800689640999889
2541,0.00972297565942078
2542,0.00543671027331439
2543,0.0023064422258972806
2544,0.0051084186020698375
2545,0.00016662407975768243
2546,0.005107166795619813
2547,0.0077431179974966355
2548,0.014003363887430348
2549,0.013344568958478785
2550,0.0003294892914894599
2551,0.0032948929148945987
2552,0.0014828990505369088
2553,0.009390632870305829
2554,0.012026529088020748
2555,0.001317969337788011
2556,0.009226069876991027
2557,0.011369188384444121
2558,0.02454834176318919
2559,0.010708759307399524
2560,0.010708467205913706
2561,0.024879960014824825
2562,0.011202742840832114
2563,0.019934102135112323
2564,0.0003313687255024124
2565,0.018122280747206444
2566,0.006757541869554654
2567,0.0004943484830856307
2568,2.3229334707411486e-06
2569,0.00016485919159617073
2570,0.0008238959939787646
2571,0.0008237232287236497
2572,0.0028009116308160696
2573,0.00016474729640522513
2574,0.006919407858659229
2575,0.0001649972989003907
2576,0.00510716621547539
2577,0.014828367513836468
2578,0.5001647446457449
2579,0.0001652871651311703
2580,0.0006591069135541612
2581,0.00032961929363430835
2582,0.0014840913589269995
2583,9.628996880809138e-08
2584,0.00033181222496020103
2585,0.0001649025582987921
2586,0.0001651019797368081
2587,0.0003294935735473852
2588,0.0006590537443999795
2589,0.00032965654985198296
2590,0.007424988742968602
2591,0.00016501091785097268
2592,0.00016476269402018444
2593,0.0003429208982149328
2594,0.00017121290106172611
2595,0.0008238054261124115
2596,1.1213071013695107e-06
2597,0.0003294892914894599
2598,0.00016493422732213515
2599,0.0031301822253115225
2600,0.0011532258872105445
2601,0.0008238392484272582
2602,0.010543815240216779
2603,0.0004942991697404499
2604,0.000494391849788252
2605,0.011367380556386366
2606,0.001153228858587207
2607,0.004777725023153577
2608,0.004777594726597168
2609,0.0008238559661042213
2610,0.00016681791788673576
2611,0.0004972453312549163
2612,0.0032949229790169275
2613,0.0009885774283859199
2614,0.0014827018117025694
2615,0.002306523907641842
2616,2.7196364408194715e-09
2617,0.00016474736538117077
2618,0.0004972453312549163
2619,0.005930807246810278
2620,1.5791255406215378e-07
2621,0.0004942401355478899
2622,0.001153348512343909
2623,0.007250246224960261
2624,0.00016474464574472994
2625,0.00939192661964175
2626,1.947988497475788e-07
2627,0.000988491967130448
2628,0.0008252050409157925
2629,0.008237317008643778
2630,0.022409237964956856
2631,0.018174056366198628
2632,0.009225700161704877
2633,0.012685337722344205
2634,0.01812193878354218
2635,0.02322899505000692
2636,0.042009884664906134
2637,0.03393747922080313
2638,0.025372142746367687
2639,0.022899638495898034
2640,0.02570023742536107
2641,0.020428373598965648
2642,0.007743105280192786
2643,0.048764463645356804
2644,0.028995084776966076
2645,0.00790781568493024
2646,0.012520682326105644
2647,0.02273476111277273
2648,0.012520785641965314
2649,0.02388799331202297
2650,0.03961464528090929
2651,0.02191103788404908
2652,0.0378914864329203
2653,0.012026359139365285
2654,0.023065250118451817
2655,0.01285017148560661
2656,0.05453055993889437
2657,0.00016474464574472994
2658,0.00016492042806978875
2659,0.0036246576891418524
2660,0.00016474464574472994
2661,0.00032960531119306834
2662,6.598868255790961e-08
2663,2.0732721420058306e-06
2664,1.620523480213336e-07
2665,0.0
2666,4.4894167191055645e-09
2667,1.5155102364672952e-06
2668,2.0282863030966395e-07
2669,0.001153223140327287
2670,9.997141896249496e-07
2671,0.0014827910612087393
2672,0.010379912396107612
2673,0.0008237232287236497
2674,0.0003296442849084075
2675,0.006590286446795737
2676,0.0026359312040940878
2677,2.3534611951700567e-07
2678,0.021582548306749248
2679,0.0009884678744683797
2680,0.0032949082416825347
2681,0.0003295741233619808
2682,0.003790461436111998
2683,0.0001657443599343549
2684,0.002967455828292377
2685,0.03640876150843506
2686,0.014827018117025696
2687,0.031631329316980226
2688,0.01812291074610992
2689,0.0009885613960310328
2690,0.0174642794404368
2691,0.0024712448475920088
2692,0.007743087599508478
2693,0.01499310975426585
2694,0.03822175752696697
2695,0.006589785829789197
2696,0.033772847176519384
2697,0.005271828663831358
2698,0.0028946341244720612
2699,0.005766062601065548
2700,0.006425041184044467
2701,0.0006640105505784556
2702,0.00181340644005419
2703,0.007084069637352604
2704,0.02257009978751926
2705,0.004448190266980229
2706,0.005272828378020983
2707,0.013838550242557314
2708,0.01268633743653383
2709,0.002635914331915679
2710,0.023230342041502348
2711,0.00345975663150823
2712,0.018945660909749727
2713,0.02833607906809355
2714,0.031304810239674956
2715,2.653337007992063e-08
2716,1.469093941746172e-08
2717,2.3645011122783623e-06
2718,0.0008237548805805936
2719,0.00017322868884175384
2720,5.840329670368342e-06
2721,0.0009884944078384595
2722,2.8273590770336897e-08
2723,0.0016484461716369243
2724,3.752661913458213e-08
2725,3.573339920781793e-07
2726,0.000988495660362742
2727,0.00016769668616107978
2728,0.010049460917047661
2729,0.013838817143978489
2730,0.00016475801274216495
2731,0.0004945912712262681
2732,0.0026360417748605906
2733,0.0009885433382250792
2734,2.3534611951700567e-07
2735,0.0021417460637527187
2736,0.0018124580046132033
2737,4.1393604794534434e-08
2738,1.974516692686633e-06
2739,0.0036247029535042418
2740,0.00016474464574472994
2741,0.0044483407812272256
2742,0.0008240805627157279
2743,0.0032948929148945987
2744,0.016144975282983535
2745,0.00016474464574472994
2746,0.005436930643568166
2747,0.0034596375606393286
2748,0.00675785035357304
2749,0.0013189568801474645
2750,0.016474464574472995
2751,0.007907742995747037
2752,0.004942339372341898
2753,0.0004943463302234986
2754,0.008402334266973305
2755,0.001977009590549255
2756,0.000988825208460458
2757,0.020263667495563277
2758,0.0009898148659638053
2759,0.004943477802459559
2760,1.7073849628497145e-06
2761,2.959734976554394e-07
2762,2.959734976554394e-07
2763,0.00016474464574472994
2764,0.0004942339372341898
2765,1.0145325919237204e-07
2766,0.0003294892914894599
2767,0.00016474464574472994
2768,0.00049851137126788
2769,0.0016474658620649163
2770,0.0004959413221970395
2771,0.0021416803946814893
2772,0.0016474464574472993
2773,0.000660445884658195
2774,0.0004942339372341898
2775,0.0308072487542645
2776,8.484043097023902e-06
2777,0.00016645203070757967
2778,0.0004956234844586199
2779,0.0004945912712262681
2780,0.0001651019797368081
2781,0.0034613449456021785
2782,0.002800658977660409
2783,0.00016474464574472994
2784,0.0004945912712262681
2785,0.001162159326637979
2786,0.010049423390428526
2787,0.0021446613223629883
2788,0.005601317955320818
2789,0.0016507663354864122
2790,0.0006592019676441989
2791,0.005271828663831358
2792,0.010544104096993275
2793,0.002635914331915679
2794,0.002965403623405139
2795,0.000988825208460458
2796,0.00840222410228272
2797,0.0004942339372341898
2798,0.006098884868644161
2799,0.0018123754011687436
2800,0.018125134761119908
2801,0.0001651019797368081
2802,0.005109382950957345
2803,0.005767409592560974
2804,0.00741375622781434
2805,0.003955086834735679
2806,3.573339920781793e-07
2807,4.142448884242253e-06
2808,3.573339920781793e-07
2809,1.1213071013695107e-06
2810,0.012520593076599475
2811,0.004942591005352183
2812,0.002306425040426219
2813,0.005930807246810278
2814,0.010708759307399524
2815,0.0023147697088712654
2816,0.004613075640280312
2817,0.007414976360192123
2818,0.0018124382724935219
2819,0.0029671110083679887
2820,0.0018125484371841077
2821,0.019935142656892623
2822,0.0004961133712471424
2823,0.00032984662548153805
2824,0.000659200016361411
2825,2.471693014923089e-07
2826,0.007578611038249656
2827,0.013179571659578395
2828,3.3198780391128153e-06
2829,1.5377540100592764e-10
2830,0.0
2831,1.0269628055751775e-07
2832,0.0006666279613861721
2833,0.001977062196370558
2834,2.5627230351964497e-07
2835,0.003789126852128789
2836,0.0008238141030531096
2837,0.00016474464574472994
2838,0.0011552647251003474
2839,0.005271828663831358
2840,0.0008261987091194465
2841,2.4754803957968416e-06
2842,2.0732721420058306e-06
2843,0.0008237232287236497
2844,9.686486663469858e-07
2845,0.0001651019797368081
2846,0.0004945912712262681
2847,0.0009900839049415393
2848,0.004448462769099787
2849,0.00016736134290644154
2850,0.0001663606762178896
2851,0.003301361170211595
2852,2.228465606748168e-06
2853,0.0013202471852266392
2854,0.0003348299507766613
2855,0.0008257754336108875
2856,0.000500702192551186
2857,0.004451086574667083
2858,0.002635914331915679
2859,0.005271828663831358
2860,0.006095912272472498
2861,0.02026520745707494
2862,0.003132200474037107
2863,0.012522209107072635
2864,0.033445215291067414
2865,0.01894684794458627
2866,0.013180740737788379
2867,0.02537329214185012
2868,0.004283360789362979
2869,0.009556467318474985
2870,0.005436930643568166
2871,0.015159124105676868
2872,0.011043231924184107
2873,0.014497528825536236
2874,1.6160304731596536e-06
2875,2.6166971617116005e-06
2876,3.573339920781793e-07
2877,0.0001648852523365454
2878,0.0006600998900802892
2879,0.000991800850557533
2880,1.1503732945429966e-07
2881,0.0019769357489367594
2882,0.0006593767085343921
2883,0.0037892418894582432
2884,0.0009910845716300913
2885,0.0004942638412461131
2886,0.00016877104568749392
2887,3.3329760891532224e-06
2888,0.006260463445282537
2889,0.0016487243227279473
2890,0.0014828452610688176
2891,0.00082469242390925
2892,0.001153409759047449
2893,0.020432362472289276
2894,0.0006609700882384795
2895,0.003130433334416987
2896,0.02289950575851746
2897,0.011532382522699816
2898,0.0021416803946814893
2899,0.016474587290651148
2900,0.00263604260043703
2901,0.0026360788448798003
2902,0.004452131835050472
2903,0.0009884678744683797
2904,0.008731466224470687
2905,0.0067547195955849374
2906,0.011205111391037432
2907,0.0008240805627157279
2908,0.00609760614478732
2909,0.007908100329739116
2910,0.00032973549275697514
2911,1.2153368621605485e-06
2912,3.0754709321922924e-07
2913,0.00032951988905080705
2914,0.0004967094176299867
2915,0.0034608512445816536
2916,0.0008240029349367602
2917,0.0009910845716300913
2918,0.0
2919,0.0
2920,0.0004942339372341898
2921,0.00025814351475005547
2922,0.0014839796769832174
2923,0.002472447551451597
2924,0.002966574007197737
2925,0.00016491695152651657
2926,0.00016474464574472994
2927,0.0023067823744182974
2928,0.005436776897307327
2929,0.0023065684897924676
2930,0.002306794755712368
2931,0.004449320771969869
2932,0.006097787387842826
2933,0.011862829830482716
2934,0.00016673615100428976
2935,0.0013191275497504375
2936,0.003460996454483476
2937,0.005271993176795479
2938,0.009225743354690525
2939,0.010875138124411736
2940,0.0003296652499886837
2941,0.002965403623405139
2942,0.003459994894631407
2943,0.00461819074013964
2944,0.0042837305046491275
2945,0.0003294892914894599
2946,0.007742998350002308
2947,0.0019769357489367594
2948,0.0036423720163985783
2949,0.008566865028092206
2950,0.010214537751459406
2951,0.001815240095506469
2952,0.000659335916970998
2953,0.002800658977660409
2954,0.0019773054642229083
2955,0.005035738241347224
2956,0.03361734778325164
2957,0.0042847503365874085
2958,0.010050593774221125
2959,0.00016491605387492305
2960,0.012691303361094136
2961,0.01367515258830801
2962,0.0013183144999499177
2963,0.008732636608263285
2964,0.006425041184044467
2965,0.007583029799544176
2966,0.003459994894631407
2967,0.0009909433548641764
2968,0.0029665249305065085
2969,0.06754536284608191
2970,0.005108152246772212
2971,0.0011532375488359549
2972,0.006755064589876719
2973,0.001318051463520303
2974,0.003624613044024952
2975,0.005930807246810278
2976,0.003954875335909266
2977,0.010050867204044498
2978,0.007743096705507663
2979,0.006425073375078544
2980,0.020595223878237447
2981,0.005767340466346195
2982,0.007578371693507168
2983,0.0029655019789104945
2984,0.017792488951495083
2985,0.014168243395451937
2986,0.0034610271078637585
2987,0.0021429582599621372
2988,0.008238402671029096
2989,0.0004942339372341898
2990,0.011861895264179984
2991,0.030148485001638605
2992,0.014828725501988545
2993,0.0009886619609989586
2994,0.0011534277396647215
2995,0.04135596540256114
2996,3.573339920781793e-07
2997,0.0004942339372341898
2998,0.0011563133699991175
2999,0.0006589785829789198
3000,0.0013179571659578395
3001,1.929216009121164e-07
3002,0.0006601473161934964
3003,1.1703837925980126e-06
3004,0.008566721578725957
3005,0.0021420702306553054
3006,0.002965403623405139
3007,0.0034784477312948276
3008,1.4796023805000602e-07
3009,0.0009900895357547192
3010,3.573339920781793e-07
3011,0.0004955118025148378
3012,2.080832390258117e-07
3013,0.0006589785829789198
3014,0.02306563995148662
3015,0.0018122227550489735
3016,0.0009896382582609776
3017,2.879670299958905e-06
3018,0.0009171220977289752
3019,0.001156296578147903
3020,3.573339920781793e-07
3021,0.00082396784200553
3022,0.00016591502953732795
3023,0.0016478037914393776
3024,0.00016474464574472994
3025,2.8077055942805637e-07
3026,3.573339920781793e-07
3027,3.573339920781793e-07
3028,0.003553036429644654
3029,6.062296811862837e-08
3030,0.004942349797160653
3031,0.0014898094582052343
3032,0.00016477629760167385
3033,0.009391414002635207
3034,0.0009887465044843
3035,0.004283411870632295
3036,0.00032985618471538926
3037,0.004613216974078368
3038,0.001153579413439039
3039,0.006260663431525667
3040,0.006095781095039323
3041,0.00016492809235769463
3042,0.0018125484371841077
3043,0.006590967222233831
3044,0.015156507408515155
3045,0.0001651115389706593
3046,0.0001651115389706593
3047,0.0019773026421626887
3048,0.0016474464574472993
3049,0.005436573309576088
3050,0.00032985618471538926
3051,0.0006593454762048491
3052,0.0013179571659578395
3053,0.0034609845521347544
3054,0.013015193907059594
3055,0.003954137402084928
3056,0.0019773026421626887
3057,0.002965760957397217
3058,0.0041187775342366615
3059,0.006919275121278657
3060,0.0016478133506732287
3061,0.003130515162375798
3062,0.014332784179791506
3063,0.002471201338027893
3064,0.009885036078675875
3065,0.03657331135533005
3066,0.0013184086942729127
3067,0.0011647881558588362
3068,0.0016478037914393776
3069,0.019275123552133403
3070,0.0018125484371841077
3071,0.016639209220217725
3072,0.002965770516631068
3073,0.004448472328333638
3074,0.0019788462323493084
3075,0.008072854534717696
3076,0.010873513512378105
3077,0.009720020110257006
3078,0.00016474464574472994
3079,0.0011561287380124912
3080,0.0016485146861328838
3081,0.00016483065706266974
3082,0.006756673635680132
3083,0.006754530475533927
3084,0.002965403623405139
3085,0.005930893258128217
3086,0.002306425040426219
3087,0.004118987254292645
3088,0.0006591572499749589
3089,0.004942706265567828
3090,0.004287347536086409
3091,0.0008237232287236497
3092,0.019605064371937937
3093,0.00016483065706266974
3094,1.8912005101030994e-07
3095,0.00016474464574472994
3096,3.2567985632747527e-07
3097,0.0011634183372967565
3098,0.004118702154936188
3099,0.0028007196006285275
3100,0.0016485146861328838
3101,0.0009884678744683797
3102,0.002635930157844151
3103,0.005601317955320818
3104,0.015650827357067285
3105,0.005272199774505755
3106,0.011038100632957851
3107,0.01169712717253122
3108,0.002308900520822016
3109,0.003459732507659387
3110,0.0042836886714819325
3111,0.004448462769099787
3112,0.013839030676065952
3113,0.0013179571659578395
3114,0.016145090080856312
3115,0.014003463305230793
3116,0.010801800842412772
3117,0.009721104482731665
3118,0.012356205764846823
3119,0.008567088471951886
3120,0.019110700995057742
3121,0.0009885284974364983
3122,0.0009898574216928098
3123,0.0004943199485521296
3124,0.010378912681917986
3125,0.0008248936125162477
3126,0.0003295753028073997
3127,0.0006593496936533164
3128,0.00016474464574472994
3129,0.0013179571659578395
3130,0.0009885538857863196
3131,0.0023998239094315445
3132,0.001483072922376966
3133,0.0037906728014336626
3134,0.004613761571210166
3135,0.0016474464574472993
3136,0.0008237232287236497
3137,0.004285949615735196
3138,0.03525877171700743
3139,0.0011535698542051878
3140,0.0028006930827416095
3141,0.0024715270201630273
3142,0.004283718123355057
3143,0.01746328978293345
3144,0.006095918785780937
3145,0.006591383678203499
3146,0.00643572995717219
3147,0.004284373254891486
3148,0.002965403623405139
3149,0.005766419935057626
3150,0.0003295753028073997
3151,0.0018247197784944092
3152,0.003789126852128789
3153,0.0021456671414049203
3154,0.0031305193798242654
3155,0.012521044604914548
3156,0.0019779931838361867
3157,0.0008275036007253433
3158,0.0006594301112939928
3159,0.003388291783899924
3160,0.005602851980291212
3161,0.00016483065706266974
3162,0.006095705441309403
3163,0.002471169686170949
3164,1.0682286855844464e-06
3165,0.004779128751567562
3166,0.00033050965555557547
3167,0.010873503953144254
3168,0.0112519784036026
3169,0.0019802632971130225
3170,0.0016475574819717553
3171,0.0006646369908519782
3172,0.013673947025322765
3173,0.022240884509530618
3174,0.03492586489788275
3175,0.003298546494270071
3176,0.0032953444432096716
3177,0.008401976932981227
3178,0.011861628901053215
3179,0.0016482279120866542
3180,0.010708795602561955
3181,0.01680432497663685
3182,0.014333036832947166
3183,0.002306425040426219
3184,0.009060955515960147
3185,0.011040148124074058
3186,0.010708401973407446
3187,0.006096122391054901
3188,0.0004944867221215543
3189,0.024217820258467377
3190,0.0001650680435232953
3191,1.0682286855844464e-06
3192,0.0006589785829789198
3193,3.573339920781793e-07
3194,0.000165114361030879
3195,0.0003294892914894599
3196,0.002636000343233619
3197,0.0004976897811221398
3198,0.001647817568121696
3199,1.6740594104888654e-07
3200,0.0004946050479085865
3201,0.003459719094269524
3202,0.0031301482691498688
3203,0.004777965837271565
3204,0.010873167905840147
3205,0.0008237395657030117
3206,0.0013187679966010094
3207,0.0016474652395360046
3208,0.00016474464574472994
3209,9.729599749130782e-08
3210,0.005601675289312896
3211,0.007578611038249656
3212,0.0008239272886271921
3213,0.0016476106583588985
3214,1.9383479262939596e-07
3215,0.0011532125202131096
3216,0.0032948929148945987
3217,0.0003294892914894599
3218,0.0009901772069062448
3219,0.011202635910641636
3220,0.010214332237084855
3221,0.0003298604021638565
3222,0.002471621214486022
3223,0.001977228258432885
3224,0.0014827018117025694
3225,0.00724886723641202
3226,0.0037908361845666537
3227,0.0014827018117025694
3228,0.0009884678744683797
3229,0.000330172526056696
3230,0.00017368670163249946
3231,0.0051087056793729674
3232,0.0013189714784934343
3233,0.000988825208460458
3234,0.01285109668062453
3235,0.00033240477268488397
3236,0.0006606002442652594
3237,1.6640731504163718e-08
3238,0.0001648574118375652
3239,0.0009887465044843
3240,0.0021416803946814893
3241,0.0036247490996099883
3242,2.685245499628988e-08
3243,0.0004982206839576207
3244,0.00016499880003595534
3245,0.0014830591456946476
3246,0.00016630755502343965
3247,0.00016474464574472994
3248,0.0004944928675733777
3249,0.03328240518715888
3250,0.0052720828181225836
3251,0.0009886320753799789
3252,0.00231041178714965
3253,0.0004952464027626972
3254,0.005767141246833464
3255,0.013838550242557314
3256,0.008896210870215417
3257,0.0036245710753684515
3258,0.0024713175662488714
3259,0.0016474464574472993
3260,0.0036247533170584555
3261,0.008571537241969305
3262,0.0034598192223722533
3263,0.0036244085209598703
3264,0.03426756242385478
3265,0.0026362554249334306
3266,0.008896584805462862
3267,0.0004944310335646173
3268,0.006260549323187102
3269,0.003958547902098802
3270,0.001812858136493197
3271,0.5014827018117027
3272,0.014991762762770425
3273,0.013849308331165433
3274,0.009555404028373978
3275,0.012520964187273873
3276,0.02438220757022003
3277,0.02289955581576315
3278,0.012191216024444384
3279,0.006425398518036546
3280,0.02142756203542301
3281,0.06491040473595919
3282,0.021420720799459038
3283,0.0014827018117025694
3284,0.028500823713838278
3285,0.014829606943397912
3286,0.009225814959577654
3287,0.001153312934259898
3288,0.00016481360764599736
3289,4.451869351655516e-07
3290,0.00032984662548153805
3291,0.00016481207134959306
3292,0.008896568204207495
3293,0.001648460769982894
3294,0.003134065121794016
3295,0.0003294892914894599
3296,0.0004942339372341898
3297,0.002472183998706544
3298,0.0004945912712262681
3299,0.00016475986571575226
3300,0.0016478037914393776
3301,0.0014827228777080086
3302,0.003789126852128789
3303,0.00016474464574472994
3304,0.001229142822387214
3305,4.515283150730827e-07
3306,0.017464234425627705
3307,1.6216612863395986e-06
3308,0.0004942339372341898
3309,1.6216612863395986e-06
3310,0.0
3311,0.0009885327193011632
3312,2.3654164068092932e-06
3313,0.002306425040426219
3314,1.8710606446748053e-07
3315,0.0006590137688596548
3316,0.000659335916970998
3317,0.00016474464574472994
3318,0.0006602805596652494
3319,0.0001651019797368081
3320,0.00016499416659645848
3321,0.01878480646754336
3322,0.0006589785829789198
3323,0.0008238900917519958
3324,0.0003295041595050109
3325,0.000329718493973776
3326,0.00016499446940700446
3327,0.005931025230789874
3328,0.0008240943393980463
3329,0.000659335916970998
3330,0.0001651019797368081
3331,0.00033240083783212226
3332,0.0001651019797368081
3333,0.00345980830503722
3334,0.0001648809269163116
3335,0.00016474464574472994
3336,0.00033111095277579947
3337,0.0001697802227409202
3338,0.006260346595545428
3339,0.0008237232287236497
3340,0.0024714192070226775
3341,0.003130505603141947
3342,0.0003294892914894599
3343,0.0004943870549246623
3344,0.0029671129558430038
3345,0.003790340536071114
3346,0.011865503858938435
3347,0.0009887638479660352
3348,0.0006606879154167849
3349,0.005766062601065548
3350,0.006920141762733253
3351,0.0008237232287236497
3352,0.020924279342018567
3353,0.0014827986898528457
3354,0.0006599928955145146
3355,0.0001651019797368081
3356,0.00016580886522359577
3357,0.0005015322618495364
3358,0.0006590475448801871
3359,0.0029655903189168523
3360,0.0026360674496061515
3361,0.002472879018608814
3362,0.0003312309777182502
3363,0.0013179571659578395
3364,0.0003317461506666121
3365,0.0034596375606393286
3366,0.00016575895828032478
3367,0.002306425040426219
3368,0.011203206409141528
3369,0.003953871497873519
3370,0.003789126852128789
3371,0.0014827018117025694
3372,0.003133890968588633
3373,0.0014827018117025694
3374,0.011861614493620555
3375,0.00032984662548153805
3376,0.005930807246810278
3377,0.006754530475533927
3378,1.2778652806479617e-06
3379,0.007909284178853919
3380,0.0006618140031521537
3381,0.00016687351405877284
3382,0.00016474464574472994
3383,1.4516366099328619e-06
3384,0.0013211035395533015
3385,0.0003294892914894599
3386,0.004777795769629367
3387,0.0006605197660858013
3388,0.5024711696861711
3389,0.0004944118482232853
3390,0.0
3391,0.010874939911789418
3392,0.007908404742379782
3393,0.0062602965382997375
3394,0.001647721497549463
3395,0.0034596375606393286
3396,0.0004962973207159417
3397,0.0006589785829789198
3398,0.02504118615319895
3399,0.0008237232287236497
3400,0.0006589785829789198
3401,0.0019769357489367594
3402,0.0003294892914894599
3403,0.016311282838006976
3404,0.0031316894522567503
3405,0.007264973504524382
3406,0.0003297148509173332
3407,0.0021416803946814893
3408,0.0008257866122054015
3409,0.000494431698895467
3410,0.03673922374941854
3411,0.002306425040426219
3412,0.004612850080852438
3413,0.0016474765950052316
3414,0.0026362716659077572
3415,0.011535174194445535
3416,0.0008238763464141221
3417,0.006095551892555008
3418,0.004612850080852438
3419,0.0023065455399321976
3420,0.03805849817499507
3421,0.0031301482691498688
3422,0.007084377101015465
3423,0.002800658977660409
3424,0.0016474464574472993
3425,0.0019769357489367594
3426,0.0034596375606393286
3427,0.0016474464574472993
3428,0.035914434608022454
3429,0.006919275121278657
3430,0.0003294892914894599
3431,0.017627677094686104
3432,0.008401976932981227
3433,0.008896210870215417
3434,0.011037891264896906
3435,0.0019769357489367594
3436,0.0011532125202131096
3437,0.0032948929148945987
3438,0.0021416803946814893
3439,0.007742998350002308
3440,0.011202635910641636
3441,0.0021416803946814893
3442,0.0021416803946814893
3443,0.0006589785829789198
3444,0.0008237232287236497
3445,0.005601317955320818
3446,0.0001648429185186508
3447,0.0003301165954101666
3448,0.005271828663831358
3449,0.0003294892914894599
3450,0.0009884678744683797
3451,0.0004944302780542196
3480,2.383928139434247e-08
3516,7.504406458852252e-07
3774,0.009885370979288675
3999,0.012359990879738988
4017,0.013014885709357635
4057,0.0003294892914894599
4311,0.0008237335452326468
4721,0.003459994894631407
4888,4.142448884242253e-06
4910,0.0019769357489367594
4934,0.00033149081453042194
5029,0.001153444223896571
5140,0.02010082129754974
5342,1.0022180099780475e-05
5389,0.0004943340524627527
5392,0.0008238394687181108
5415,0.007413509058512848
5446,0.00016474464574472994
5533,0.0003312825082914206
5660,0.0013180158614818098
5679,0.010545882685611668
5837,0.014003294888302044
6014,0.010266774981960863
6123,0.0003334848241423691
6131,0.015817396474906625
6157,0.002471169686170949
6166,0.011202635910641636
6257,0.0015586321138766738
6290,0.003626292689796608
6317,1.9104834125491477e-06
6336,0.0016474464574472993
6369,0.0016573699013804565
6434,0.000663121031863162
6644,0.0001649573158331039
6667,0.004120526627030798
6736,0.003791037335541338
6786,0.006593781362442107
6792,0.5107084019734076
6878,0.009226338176597808
6921,0.0
6958,0.002800755855810685
7063,0.004942966676262605
7087,0.0026375267045104637
7126,1.6216612863395986e-06
7161,0.002307052344346926
7163,0.0014827018117025694
7188,0.0004945912712262681
7198,0.0031302201145466434
7230,0.0006590049629275332
7273,0.00016481649114150472
7310,0.03426688631490383
7312,0.002965403623405139
7321,0.0009884678744683797
7325,0.0006589785829789198
7327,0.0003376681560188868
7328,0.0006611747189805983
7329,0.003789126852128789
7330,0.0004942339372341898
7331,0.0004942339372341898
7332,0.0032948929148945987
7333,0.000659122032345168
7334,0.0008264768845832724
7335,0.0014846969638277472
7336,0.0008239141199128435
7337,0.00016493728692446223
7338,0.002635914331915679
7339,0.0003294892914894599
7340,0.0003296757549021417
7341,0.003954311237403625
7342,0.002471169686170949
7343,0.0011532125202131096
7344,0.0008237232287236497
7345,0.00016474464574472994
7346,0.008566721578725957
7347,0.00016474464574472994
7348,0.0003294892914894599
7349,0.0003294892914894599
7350,0.0003294892914894599
7351,0.0004942339372341898
7352,0.0004942339372341898
7353,0.0016474464574472993
7354,0.0003294892914894599
7355,0.0008237232287236497
7356,0.0006589785829789198
7357,0.00016474464574472994
7358,0.0004942339372341898
7359,0.00016474464574472994
7360,0.0003294892914894599
7361,0.0
7362,0.0003294892914894599
7363,3.578942625448639e-07
7364,0.0013179571659578395
7365,0.0018121911031920295
7366,0.00016474464574472994
7367,0.0008237232287236497
7368,0.0013179571659578395
7369,0.0001688870946289722
7370,0.0014827018117025694
7371,0.002638950602165823
7372,0.004283931141544548
7373,7.752566404002277e-08
7374,1.8687850017621518e-08
7375,1.6521316589756978e-06
7376,0.0011532125202131096
7377,0.0031309234657730636
7378,0.00016474464574472994
7379,0.00016474464574472994
7380,0.0015211956134832975
7381,0.0016474464574472993
7382,0.0
7383,0.0008237232287236497
7384,0.0011532125202131096
7385,0.00016474464574472994
7386,0.0013185472650173128
7387,0.006425966558153524
7388,0.00017096126771415325
7389,0.0001650932814092185
7390,3.720796057616786e-05
7391,0.00016582634158644754
7392,0.010873146619152176
7393,0.0008237232287236497
7394,0.017463931929344954
7395,0.008566721578725957
7396,0.002471169686170949
7397,0.0024739460154024366
7398,0.0059313993692476094
7399,0.0018121911031920295
7400,0.007580345352884874
7401,0.002471169686170949
7402,0.0013189008381498171
7403,0.000622836278291495
7404,0.004283360789362979
7405,0.0032948929148945987
7406,0.001651577537205606
7407,0.002471169686170949
7408,0.007907742995747037
7409,0.006425041184044467
7410,0.0023076672153758758
7411,0.0001655596402807252
7412,0.007250112693784585
7413,0.00016475433649154914
7414,0.0011532125202131096
7415,0.0011534562388352792
7416,0.0008237663961095877
7417,0.0003294893229125365
7418,0.003961820370460888
7419,0.00016628841153631168
7420,5.026870743041036e-07
7421,0.006757119301906145
7422,0.002141955434783653
7423,1.0693019047834164e-07
7424,0.0003371086873704265
7425,0.0013179571659578395
7426,0.0026362661457671925
7427,0.00840220222986102
7428,0.000331501472614203
7429,0.011367407172730557
7430,0.0024712028560126393
7431,0.0031312474842379863
7432,8.856343235669705e-07
7433,0.0004960776182016954
7434,8.893518558571448e-07
7435,0.0019826965012837787
7436,0.0003296177524303787
7437,0.018945634260643943
7438,7.659911511970327e-07
7439,0.0014827018117025694
7440,0.0003300405634926303
7441,0.0
7442,0.0009898533450995455
7443,0.00030905592551157084
7444,0.00032997342461105655
7445,0.0031328334510497377
7446,0.00016474464574472994
7447,0.0006590475448801871
7448,0.00016474464574472994
7449,0.00016495505479582803
7450,0.00016474464574472994
7451,0.0003294892914894599
7452,0.0006589785829789198
7453,0.0009884678744683797
7454,0.003624382206384059
7455,0.00016474464574472994
7456,0.0004967094176299867
7457,0.0007974871552870787
7458,0.0006589785829789198
7459,0.0003294892914894599
7460,0.004777594726597168
7461,0.002639893710173852
7462,0.0003294892914894599
7463,0.00016474464574472994
7464,0.0009884678744683797
7465,0.0006589785829789198
7466,0.00016479204818945522
7467,0.0004942339372341898
7468,0.001323615573830898
7469,0.0003294892914894599
7470,0.007084019767023387
7471,0.005271828663831358
7472,0.0003294892914894599
7473,0.00016474464574472994
7474,0.00016474464574472994
7475,0.00016474464574472994
7476,0.0004945332100104809
7477,0.00016474464574472994
7478,0.00016474464574472994
7479,0.00016653793838197298
7480,0.0014827018117025694
7481,0.00016492255673382537
7482,0.00016533267146626675
7483,0.00032951116160467034
7484,0.014168039534046774
7485,0.003789126852128789
7486,0.002471169686170949
7487,0.005766062601065548
7488,0.006425041184044467
7489,0.0004942339372341898
7490,0.004942339372341898
7491,0.0016474464574472993
7492,0.0044481054351077085
7493,0.0006589785829789198
7494,0.0006589785829789198
7495,0.00016474464574472994
7496,0.002635914331915679
7497,0.00016474464574472994
7498,0.0003296145189344322
7499,0.0009902792240096896
7500,0.001318057580004628
7501,0.0006626021648552027
7502,1.4859539565395042e-06
7503,0.00280078450249034
7504,0.0016490741633725832
7505,0.011037891264896906
7506,0.0023064250718492956
7507,0.004449380944803088
7508,2.0766111958907116e-07
7509,8.076044427776393e-07
7510,0.0008238664487465475
7511,0.01351101935662165
7512,0.010873674460801211
7513,0.004777906247660182
7514,0.001486560849362405
7515,0.0010818667434737052
7516,4.307890747273797e-06
7517,0.00395643747851855
7518,0.0003299675154572623
7519,0.0004943545775832288
7520,0.00032949220260743915
7521,2.342581516127477e-07
7522,0.010378944192194147
7523,3.151027616143476e-08
7524,0.006096391385815592
7525,2.052937276006054e-06
7526,0.00016536000725649825
7527,0.004942464691841551
7528,0.0032956652915580695
7529,0.0014895474537760629
7530,0.009884813014883793
7531,0.006919424580901422
7532,0.0008237547389998111
7533,0.0004962197779375362
7534,0.006095551892555008
7535,0.0004942558073494003
7536,0.0004966058306740823
7537,0.0
7538,0.0008243026339302408
7539,0.0
7540,1.0715800731024364e-06
7541,0.0004943411669698902
7542,0.0
7543,0.00016474464574472994
7544,0.0018144315452778158
7545,0.0003294892914894599
7546,0.0013190813610520482
7547,6.987787284354003e-06
7548,0.00033163245163566474
7549,0.002635914331915679
7550,2.3094920176875644e-06
7551,0.0011537700025380637
7552,2.534062040085932e-06
7553,8.007362784150223e-07
7554,8.457133922920971e-07
7555,0.0008330343892464059
7556,0.0004942339372341898
7557,0.0
7558,1.0031291572382869e-07
7559,0.004612850080852438
7560,0.00016912066506697651
7561,0.0004942978959706177
7562,0.00033368085278956454
7563,0.0003308305000841458
7564,8.322366071250893e-07
7565,0.0016957926218348646
7566,0.0003330650263842703
7567,0.0
7568,0.00033069396086534287
7569,5.398104720251991e-06
7570,2.0554940213796728e-07
7571,0.0006589939078070977
7572,0.0016474464574472993
7573,0.0001677220462120707
7574,0.0008237232287236497
7575,0.0013185242852942467
7576,0.0009887692780793248
7577,0.0015791565200543062
7578,0.004417155266807814
7579,0.03393765772229647
7580,0.000990465747985227
7581,6.697535455887917e-07
7582,0.00016517547555953768
7583,0.0013306641601849001
7584,0.0011562576278279222
7585,0.0016486237703073779
7586,0.00032975772808814524
7587,0.00016650527400646295
7588,0.00018790595555107082
7589,0.0006611443584010363
7590,0.004614584271795735
7591,0.0003317412964438481
7592,0.0014850742287069562
7593,0.0047792805031441465
7594,0.0011545348296999008
7595,0.0008606008112723744
7596,0.0019771405694118437
7597,0.00017422443868212
7598,1.996639964674934e-05
7599,0.004942874064532681
7600,0.00016751114127417478
7601,0.00016537267511186791
7602,1.7764663683568306e-05
7603,3.603216908063535e-05
7604,1.944762418451165e-05
