dst,eigentrust_score
1,0.1320039553409638
2,0.03889255120251263
3,0.00642715901241069
4,0.02043506934341418
5,0.02883981550219503
6,0.03806855643233785
7,0.004779169518029153
8,0.01697429143650781
9,0.002307185305879898
10,0.04169413324231155
11,0.021588661928517168
12,0.06311799610036167
13,0.05751483194753213
14,0.032630191214066545
15,0.007251153644656557
16,0.009063942063688435
17,0.01928147665497624
18,0.49999999988129423
19,0.07663150958646128
20,0.037574159542949126
21,0.03922214902075724
22,0.04614370472240861
23,0.010547132538119838
24,0.040705339521012074
25,0.02092946610297917
26,0.03707976275137434
27,0.14716545813859713
28,0.12920237309962748
29,0.060646011896269905
30,0.07053394861012409
31,0.09525379038492852
32,0.020105471359858282
33,0.033454185949101
34,0.13497033618522983
35,0.06229400133071327
36,0.015655899839938626
37,0.036585365870072085
38,0.02142386290997331
39,0.03411338169787106
40,0.1344759393593541
41,0.005767963120180703
42,0.011041529379564957
43,0.048615688887603245
44,0.1105800922822396
45,0.049604482557217514
46,0.06311799604793514
47,0.007745550451127367
48,0.051087673058785886
49,0.08536585366466527
50,0.03740936060734952
51,0.05042847727904108
52,0.005767963118156134
53,0.04416611733931406
54,0.0416941331699693
55,0.04350692155955798
56,0.0003295979090446463
57,0.01713909033381
58,0.040870138455949896
59,0.08503625576167204
60,0.02422544496723491
61,0.04597890573989543
62,0.012524719860739268
63,0.044495715238619164
64,0.08206987474344449
65,0.053724456179288324
66,0.06707317073408169
67,0.035266974315346734
68,0.03740936058600925
69,0.04251812791348892
70,0.004449571548511496
71,0.042518127881398894
72,0.05224126566498753
73,0.028510217555350933
74,0.08421226103105664
75,0.018292682952835548
76,0.032630191176987844
77,0.11420566907503722
78,0.035761371147692116
79,0.04037574162779781
80,0.006427158882361137
81,0.06295319710157397
82,0.014502307204738068
83,0.056196440351068376
84,0.009228740968502337
85,0.05784442981260491
86,0.013513513518899551
87,0.02109426501960514
88,0.029334212271302014
89,0.024719841813745286
90,0.07976268952337652
91,0.015491100867519066
92,0.05290046144632685
93,0.04861568886625022
94,0.0029663810216056363
95,0.00280158212018384
96,0.04696769941102268
97,0.03246539223503213
98,0.021423862894119367
99,0.008569545174516394
100,0.048121292025800205
101,0.05191166776263667
102,0.06938035596272572
103,0.07300593276086104
104,0.06558998021375206
105,0.04466051418191049
106,0.013513513539206472
107,0.05817402768595693
108,0.024884640750523844
109,0.02290705341452017
110,0.035102175353919456
111,0.024555042852679697
112,0.05520764666420954
113,0.025214238639755856
114,0.004284772589806924
115,0.027851021771252586
116,0.030158207004030532
117,0.034442979583780384
118,0.1652933420884026
119,0.02834541859425087
120,0.03790375741851572
121,0.0011535926337200792
122,0.032794990120659055
123,0.0319709953941364
124,0.02834541860524194
125,0.10992089650513548
126,0.027521423865747217
127,0.055372445607685054
128,0.1395847066312964
129,0.008404746214141286
130,0.06163480554668231
131,0.008569545173383116
132,0.025543836528856265
133,0.03065260383437147
134,0.02059986816616303
135,0.10398813445760823
136,0.19429795644913525
137,0.014172709306944564
138,0.0538892551032412
139,0.020929466060263656
140,0.03988134476546517
141,0.059162821353245736
142,0.016809492440573504
143,0.25049439676625773
144,0.0018127884063072319
145,0.012195121983418263
146,0.00115359263841188
147,0.004284772581342421
148,0.0008239947476808838
149,0.00131839158181099
150,0.0004943968577249031
151,1.2209787153655296e-11
152,2.0098066554803422e-11
153,0.0021423863088302995
154,0.02175346079731372
155,0.016644693490437384
156,0.010217534626765667
157,1.07013094775322e-11
158,0.0024719841920987857
159,0.008239947273074559
160,4.7684061165829446e-12
161,0.0021423863082549086
162,1.4442551858266028e-11
163,0.0028015820873287505
164,0.005108767312819628
165,0.044825313112008304
166,0.0024719842012397805
167,0.015326301922951868
168,0.007086354654866118
169,0.0547132498313241
170,9.638777643150158e-12
171,1.2260503862981348e-11
172,0.03213579433728868
173,1.666851775553294e-11
174,1.667099553366574e-11
175,0.004449571538962125
176,0.00032959790337847396
177,8.569556646970233e-11
178,0.0028015820857747505
179,1.0753675257108624e-11
180,0.004943968359011037
181,0.0004943968498326854
182,1.7068786358972067e-11
183,0.0004943968484357243
184,0.00016479895832601483
185,0.012030323017701884
186,0.0016479894545628625
187,0.05718523400403586
188,0.001483190523179751
189,0.0026367831322523577
190,0.0006591957937845923
191,0.018292682932161262
192,0.00774555043349069
193,0.01763348715077912
194,0.0014831905157460799
195,0.04400131838538925
196,1.285762799268168e-11
197,0.0016479894705503223
198,0.031476598549852804
199,0.004779169426169337
200,0.005932762039879438
201,0.0024719841871452372
202,0.0004943968519715228
203,0.008734344112574701
204,1.1003930249980252e-11
205,0.0013183915778108295
206,0.0019775873529032924
207,0.0011535926278400251
208,0.005603164146992326
209,0.00032959790230732147
210,0.06212920236059571
211,0.00428477259037935
212,0.004943968368923761
213,0.0028015820732951928
214,0.0016479894647292125
215,0.017963085040024602
216,0.008075148326361144
217,0.01812788399466866
218,7.024522364736717e-12
219,0.000988793686242625
220,5.701700177277768e-12
221,0.0013183915667275832
222,0.019281476609422574
223,0.03889255108687434
224,0.001977587360081302
225,0.04054054053800549
226,0.000823994747472352
227,0.00016479895362680628
228,0.0019775873539452904
229,0.002966381023210975
230,2.7990831611281008e-12
231,0.0004943968447594877
232,0.003790375748623762
233,0.03856295319044334
234,0.006427158871747342
235,0.0433421226046787
236,0.030158206988269366
237,0.019940672387777823
238,0.016479894534484382
239,0.013019116693966961
240,0.000329597896527153
241,0.008075148330835277
242,0.005108767312147121
243,0.004943968359583137
244,0.002471984196729725
245,0.008569545164239427
246,0.0009887936753476582
247,0.0004943968461338087
248,0.005273566255695838
249,0.01928147660785161
250,0.0060975609828343
251,0.004779169423022265
252,0.002966381025830943
253,1.1890098732778241e-11
254,0.012689518789500705
255,0.002636783142290002
256,1.6702078693384312e-11
257,0.0077455504343612955
258,1.2149779756280815e-11
259,1.4677104513577042e-11
260,0.00016479896114190065
261,0.007251153592636629
262,0.0003295978998751772
263,0.00016479895202528143
264,0.0011535926268152524
265,7.181554861101853e-12
266,0.00032959790116932606
267,0.002471984184475735
268,0.0003295978987604825
269,0.00873434410344609
270,0.007086354655274142
271,3.187653065116333e-12
272,1.532010605024079e-11
273,0.002142386293370779
274,0.00016479895395713406
275,8.780034575145433e-12
276,0.0006591957848408449
277,0.011700725123763807
278,9.367365700817873e-12
279,0.008569545158375332
280,0.0009887936841512083
281,0.007086354650382133
282,0.03279499010558536
283,0.012030323007674506
284,0.0003295978996875945
285,0.0021423862945030617
286,0.013513513516607782
287,0.009393539887242184
288,0.004284772595364395
289,0.0369149637428457
290,0.007415952549067722
291,0.010547132502846475
292,0.00016479895592959703
293,0.005767963091627697
294,0.00840474621023466
295,0.07218193802696599
296,0.01977587343821252
297,0.025543836515756885
298,0.0016479894603922197
299,0.04779169412788999
300,0.016644693475081435
301,0.0721819380165167
302,0.010547132499494405
303,0.017798286093113087
304,0.00016479895199264397
305,0.0011535926257570128
306,0.009887936721456141
307,0.025708635459249063
308,0.000659195786896471
309,0.0009887936833228015
310,0.015820698748168303
311,0.007415952542963601
312,0.03378378377954286
313,0.0018127884044423347
314,0.00889914305386803
315,0.022412656562470223
316,0.005438365198019337
317,0.0026367831297169843
318,0.021588661834149515
319,0.03295978905552479
320,0.029993408040605626
321,0.0011535926243500512
322,0.0014831905113816758
323,0.007580751489594371
324,0.007415952542301033
325,0.008075148318975484
326,0.02092946605325596
327,0.010711931448426582
328,0.0008239947410969678
329,0.06987475278630868
330,0.017798286093060764
331,0.02109426499797121
332,0.007910349379505946
333,0.035761371123363334
334,0.00906394199233996
335,0.020435069214843785
336,0.008075148324717039
337,0.0006591957844479375
338,0.028620595997210934
339,0.007086354652938948
340,0.02570863546591667
341,0.0014831905164447595
342,0.019446275544522634
343,0.010876730388977664
344,0.0075807514862568145
345,0.024390243901961595
346,0.004779169419476941
347,9.173136351218117e-12
348,0.0032959789118600863
349,0.019940672377213732
350,0.022742254450418917
351,0.0016479894592727167
352,0.0072511535936896545
353,0.011535926175515824
354,0.03394858272155406
355,0.0026367831319628727
356,0.007251153598288822
357,0.02241265655892792
358,0.008404746212507277
359,0.011041529341511355
360,0.02636783124797896
361,0.000823994732334774
362,0.005108767313774067
363,0.005932762031000406
364,0.007086354645483598
365,0.024225444959000617
366,0.016644693476276402
367,0.011371127226704605
368,0.04037574158925102
369,0.039386947917303315
370,0.020764667107225195
371,0.004779169421777613
372,0.011371127226330453
373,0.006427158873504407
374,0.056031641380943485
375,0.02488464074041855
376,0.02092946605137024
377,0.013348714566621903
378,0.017963085031441825
379,0.002142386297607767
380,0.0051087673088306
381,0.0491100856839058
382,0.05405405404847629
383,0.03263019116580669
384,0.016150296642230267
385,0.08223467367623644
386,0.02471984179152665
387,0.010711931442503746
388,0.065919578093765
389,0.015491100858501243
390,0.03658536584571316
391,0.004943968365516032
392,0.003295978909476465
393,0.003625576804445979
394,0.03922214896852709
395,0.06608437704801573
396,0.008734344105042409
397,0.005108767311352242
398,0.07251153591024562
399,0.01005273566103772
400,0.02241265655266041
401,0.11914963741144376
402,0.052570863537113995
403,0.020435069221011105
404,0.01565589980896489
405,0.02142386288682072
406,0.00889914305378486
407,0.024555042843055427
408,0.03839815425309414
409,0.02636783124339858
410,0.029993408037015612
411,0.025543836518741623
412,0.0028015820781959826
413,0.043177323658532045
414,0.02389584705920918
415,0.031970995376652205
416,0.006262359925347498
417,0.021588661832309685
418,0.09525379034500728
419,0.014337508248377782
420,0.0248846407340014
421,0.039716545803086756
422,0.013678312463302202
423,0.004943968360209793
424,0.007745550435259926
425,0.008075148317762113
426,0.04680290045101975
427,0.04251812787394715
428,0.017963085032872476
429,0.048615688846822394
430,0.0014831905088334603
431,0.04779169412597382
432,0.0283454185880848
433,0.08322346734958587
434,0.025873434405714716
435,0.003955174691249883
436,0.026862228080231147
437,0.012854317732968683
438,0.08503625574471432
439,0.012359920900816463
440,0.04894528673727493
441,0.01334871457137281
442,0.02092946605147078
443,0.06410678970072387
444,0.009723137778381742
445,0.02752142385721116
446,0.04103493736596436
447,0.048615688850235435
448,0.008899143052189189
449,0.07712590637511468
450,0.02158866182727993
451,0.026532630189244163
452,0.043506921549203235
453,0.031970995379979585
454,0.011700725118991671
455,0.005108767306166567
456,0.009393539883369228
457,0.0009887936762501231
458,0.0001647989498716281
459,0.0036255768013064783
460,0.0011535926262349835
461,0.0001647989457759537
462,7.364287047002208e-12
463,0.0004943968382621992
464,2.853247235119756e-12
465,2.7095601014547144e-13
466,0.004943968363380818
467,8.701018137746577e-12
468,0.00032959789415087584
469,0.002471984184335776
470,0.0013183915630421157
471,0.00032959789243920304
472,5.797108878450619e-12
473,0.003955174692999957
474,5.9939352887359895e-12
475,0.0026367831270820282
476,6.918047399046063e-12
477,7.275525040564675e-12
478,0.00016479895590309753
479,4.462549490113118e-12
480,0.0001647989489149062
481,0.007415952539373161
482,0.00016479895222903362
483,0.0013183915684598102
484,0.0014831905144215111
485,0.004779169417819511
486,0.0001647989475845033
487,0.0013183915724523855
488,0.0011535926199765308
489,4.587255860136931e-12
490,0.001153592623583457
491,1.479919277739912e-11
492,0.0113711272264157
493,0.0021423862931124926
494,5.922320607774181e-12
495,2.7099418094176677e-12
496,0.00016479894965464603
497,0.001483190510896972
498,3.884929931309142e-12
499,0.0023071852347870546
500,0.0026367831293845007
501,3.5709489852760095e-12
502,0.0004943968381162633
503,0.00016479895260379336
504,4.476398284596302e-12
505,0.0006591957882890858
506,3.922162143068259e-12
507,1.0906289211483226e-11
508,0.01565589980234888
509,7.599483971595546e-12
510,0.0009887936732617284
511,0.00016479894889148575
512,0.002307185239040988
513,0.000659195783933645
514,0.004779169418805929
515,0.0011535926225681985
516,0.01763348714610579
517,0.00016479895017144892
518,0.0016479894592258992
519,0.005603164146595874
520,3.180504161090113e-12
521,3.4661356808390097e-12
522,8.338483666763475e-12
523,0.004119973636320042
524,1.5615749857362654e-12
525,0.0004943968394139464
526,0.005108767309141449
527,0.015558592787769263
528,4.10567985858108e-12
529,0.006591957815929196
530,0.005273566253022479
531,0.00016479895541947787
532,0.001153592620968307
533,1.7484750852186832e-12
534,0.02241265655553876
535,0.0004943968437974508
536,0.0028015820810823964
537,0.0014831905119076277
538,2.1683405236763542e-12
539,0.006591957811437786
540,0.011371127227975219
541,0.010217534616718765
542,7.648507710977474e-12
543,0.0024719841815331084
544,0.009887936717884816
545,0.018622280817817874
546,0.06954515489209932
547,0.026038233354293904
548,0.025214238624514836
549,0.08075148316993108
550,0.10810810807772925
551,0.05224126564142357
552,0.023401450226653804
553,0.016974291365771773
554,0.01697429136112094
555,0.06509558336980556
556,0.04597890572122612
557,0.032465392216073544
558,0.030323005928179585
559,0.03263019115633851
560,0.009228740933314517
561,0.004119973635501376
562,0.008075148320522476
563,0.06443638759363376
564,0.020435069214559044
565,0.022577455500461006
566,0.007086354652377957
567,0.0011535926188700112
568,0.0006591957877884332
569,0.003955174689167553
570,0.004284772581813865
571,0.00016479895176779562
572,0.0004943968404784138
573,0.00411997363279205
574,4.938867877158172e-12
575,0.0107119314452623
576,0.05982201712256357
577,2.6034793549944472e-12
578,3.762131296450506e-12
579,0.012195121950686345
580,9.209618366765742e-12
581,0.010547132496803802
582,0.008734344098941263
583,0.000329597893188628
584,0.010547132497518505
585,7.430568880341344e-12
586,0.05273566247904633
587,0.00016479895256161554
588,0.035431773230866756
589,0.0023071852367621388
590,0.04152933420054823
591,0.001318391567235968
592,0.008734344103417151
593,0.0006591957860159136
594,0.003790375743279694
595,0.0004943968391890865
596,0.0031311799649611067
597,0.025873434409157663
598,0.005932762033074748
599,0.008899143047991248
600,0.005603164139290428
601,0.0024719841810652383
602,0.001153592622177732
603,0.0003295978943918918
604,0.00263678312598077
605,0.00016479894797315217
606,0.016809492416200982
607,0.00576796308813852
608,0.00016479894917166888
609,0.006921555706831369
610,0.008239947267041537
611,0.008734344107241911
612,0.004614370472413515
613,0.001812788405822747
614,0.0016479894619966953
615,0.004779169416485724
616,0.006427158868254397
617,0.01137112722591054
618,0.012030323003374576
619,0.0013183915680855455
620,0.02027027026650085
621,0.0014831905105929827
622,0.0018127884054776023
623,0.0009887936781124299
624,0.016644693472404153
625,0.020764667106835343
626,0.005108767304795346
627,0.009558338828041498
628,0.006591957811900663
629,0.023401450228488885
630,0.011041529332901623
631,0.005603164138716655
632,0.014996704022094166
633,0.0004943968372392887
634,0.062129202356219465
635,0.00576796308659282
636,0.007415952537599199
637,0.0440013183807047
638,0.0003295978940315573
639,0.04894528673946913
640,0.027851021747885046
641,0.004779169421897524
642,0.006591957812830906
643,0.008734344102514497
644,0.026203032293871005
645,0.06707317071965363
646,0.024060646005413855
647,0.01713909030796045
648,1.9046691604039507e-12
649,0.024884640737450604
650,0.04301252471275021
651,0.0047791694138788875
652,0.026203032292076992
653,0.015161502962566142
654,0.012359920897290929
655,0.007580751486959461
656,0.015326301913702382
657,0.006591957814824488
658,0.005273566249445915
659,0.011865524058060866
660,0.008899143048763972
661,0.02059986815878271
662,0.0021423862894554106
663,0.05800922872808555
664,0.049604482520861984
665,0.03658536584747085
666,0.0018127884043111415
667,0.006756756760739971
668,0.004449571526884882
669,0.01779828608986936
670,0.00609756097853843
671,0.005932762033324943
672,0.0031311799645346913
673,0.0072511535933308035
674,0.003131179961146351
675,0.005273566252596364
676,0.0093935398823809
677,0.0029663810180235737
678,0.01582069874630707
679,0.011700725113964609
680,0.022742254448868814
681,0.06789716544006429
682,0.016150296639231728
683,0.020270270267331185
684,0.043506921545158166
685,0.025379037567855683
686,0.040540540531870686
687,0.005108767307632588
688,0.011865524058921592
689,0.058009228726804585
690,3.2579462893283977e-12
691,0.007580751482496139
692,0.006591957811029192
693,0.023236651282805172
694,0.013019116677401233
695,0.00016479895108553549
696,0.03131179959784928
697,0.04152933420313621
698,0.0014831905096908396
699,0.03394858272027632
700,0.009558338828390385
701,0.007251153596092416
702,0.017633487145538473
703,0.010052735664901976
704,0.01664469347229507
705,0.010547132501295523
706,6.826770952529937e-12
707,0.009558338829729337
708,0.003955174689115139
709,0.00791034937223491
710,0.0006591957847139797
711,0.0024719841824212114
712,0.018292682923375558
713,0.004614370470238521
714,0.00016479894650183802
715,0.07267633485554637
716,0.013678312464615785
717,0.08157547789368898
718,0.010547132500668062
719,0.02916941330863423
720,0.024060646009955392
721,0.01944627554120513
722,0.058503625558718214
723,0.05932762028565542
724,0.027851021745295718
725,0.11420566905226832
726,0.10102175342868498
727,0.02570863545887131
728,0.04927488462847365
729,0.032300593271077226
730,0.026532630185511174
731,0.011206328278077002
732,0.013678312459391023
733,0.055372445602022834
734,0.0011535926197889412
735,0.10283454183053015
736,0.0039551746872136286
737,0.2168754119282156
738,0.08618984836069975
739,0.0013183915688697767
740,3.277525283027977e-12
741,3.3703419709381408e-12
742,0.0009887936728815087
743,0.0011535926207598734
744,0.0018127884004960925
745,0.021753460772429487
746,0.020764667100434488
747,0.0029663810214806286
748,0.01186552406494329
749,0.0036255767967825216
750,0.002471984180586923
751,0.03757415951719421
752,5.197440681461869e-12
753,0.00016479894756319077
754,0.00032959789716671976
755,0.000823994727318479
756,8.691579669550233e-13
757,0.0014831905109426956
758,0.0004943968370113564
759,0.0016479894617739976
760,0.06665707277481592
761,0.0009887936729116567
762,0.0028015820750259923
763,0.048121292009845267
764,0.0004943968366579647
765,0.02373104811474393
766,0.040705339475372394
767,0.0018127883989996656
768,0.012689518788391658
769,0.015161502967285691
770,0.013348714566211627
771,0.015326301908914602
772,2.0822563857263042e-12
773,0.02043506921186667
774,0.00032959789599920045
775,0.006756756760090109
776,0.06822676332682301
777,0.01120632828457773
778,0.005932762032881437
779,0.025379037568839732
780,0.149472643331414
781,0.010382333551886247
782,0.019281476592818002
783,0.04515491099604839
784,0.013183915623898364
785,0.0036255768016750438
786,0.06179960446404707
787,0.019611074486752596
788,0.016974291359651717
789,0.04614370466596833
790,0.2114370467335189
791,0.13167435724131857
792,0.021918259724450828
793,0.04334212259837294
794,0.020270270264110754
795,0.005108767302494217
796,0.0028015820732552764
797,0.001153592616961131
798,3.718316382728257e-11
799,0.0014831905110352546
800,2.8972154067317677e-12
801,0.0011535926258172452
802,0.015820698743827792
803,0.00032959789396233726
804,0.004943968360449156
805,0.01005273565972659
806,5.096999284801831e-13
807,0.0001647989498629712
808,0.008569545152743469
809,0.0008239947273961164
810,3.207043566901313e-12
811,0.000329597890865596
812,0.0067567567582268555
813,0.0019775873483338048
814,0.00510876730272359
815,0.0057679630881224036
816,0.0004943968368443183
817,0.0023071852361975986
818,0.014007910347231253
819,0.000823994726795431
820,0.0024719841791274056
821,0.002636783125678127
822,0.00758075148537843
823,0.0018127883981009629
824,0.031806196432934954
825,0.004779169417248584
826,0.022577455500869294
827,0.005273566248092493
828,0.019446275537804782
829,0.0102175346048096
830,0.007745550429024213
831,0.0067567567548264835
832,0.007745550428070628
833,0.0019775873431565933
834,5.780821902606844e-13
835,0.0006591957815008426
836,0.002636783123992113
837,0.011700725112073838
838,0.003955174685671546
839,0.011041529333398551
840,0.008239947265868158
841,0.0008239947304395363
842,4.438792659719142e-12
843,0.05998681606539869
844,0.03460777850103854
845,0.014996704018386915
846,0.016809492416076315
847,0.015161502965119176
848,0.03526697428549944
849,0.10283454182802662
850,0.04927488463009633
851,0.019611074486807416
852,0.02356624916889925
853,0.037244561627304704
854,0.06328279497335103
855,4.647846819328008e-13
856,0.00016479894742682557
857,0.0001647989497867836
858,0.003295978907673841
859,0.00016479894839094874
860,0.05421885298250186
861,6.25682376668786e-13
862,0.013678312457671538
863,0.030652603823868703
864,0.0013183915651411805
865,4.435752851533659e-12
866,4.5006174600092085e-12
867,0.0016479894549208314
868,1.2653714600827183e-12
869,2.8420669640071765e-12
870,0.0011535926208874722
871,0.0004943968386376447
872,0.0031311799609874736
873,0.016479894523711857
874,0.01400791034883587
875,2.701799254282233e-12
876,0.0009887936799708955
877,3.777970851324029e-12
878,0.0014831905100984664
879,0.05586684243665856
880,1.1899078438453038e-12
881,0.007251153592348603
882,0.0006591957852079914
883,0.05883322345253683
884,0.00016479894736033736
885,0.0004943968417031099
886,0.001153592620169249
887,0.00346077785164891
888,0.034278180610371065
889,3.1289945346471804e-13
890,0.006756756758998927
891,0.0014831905099941553
892,1.8097030879249118e-12
893,0.0004943968383046735
894,3.2728265873619194e-12
895,1.8513835709431026e-12
896,0.008899143046461328
897,2.530213559189971e-12
898,0.014007910346603746
899,1.2140311750734122e-12
900,0.0004943968379434873
901,0.0009887936720322447
902,0.003625576796821396
903,0.001153592616939929
904,0.0006591957849418984
905,0.0001647989457942339
906,0.00346077785227851
907,0.0034607778501084424
908,0.005438365194105525
909,0.02290705339148459
910,0.00379037574173118
911,0.005932762034321526
912,0.0052735662512002545
913,0.028345418583491214
914,3.2174698080268006e-12
915,5.604722847336214e-12
916,0.01994067237496722
917,0.020105471321646542
918,0.08174027683888056
919,0.0031311799612155477
920,0.014172709294828017
921,1.9938537185226953e-12
922,2.6287080528375862e-12
923,0.03411338166864833
924,0.0016479894543694968
925,0.01697429136127927
926,0.010217534611154303
927,0.01829268292284454
928,5.73261034756541e-13
929,0.0004943968369620079
930,0.006591957810518924
931,0.0013183915653809828
932,0.01400791034539891
933,3.4760760900222256e-12
934,0.003295978908846788
935,3.1898273920727078e-12
936,1.9985639993732877e-12
937,8.426085488561452e-12
938,0.011041529333845446
939,4.757080078822388e-12
940,0.0003295978951189053
941,6.853181488084656e-12
942,0.01829268292282937
943,0.0034607778532588724
944,0.006921555701937832
945,0.002142386291703599
946,0.006756756763838511
947,0.006262359920342326
948,0.00016479894575919109
949,0.000988793675370786
950,0.0006591957815543203
951,0.005603164143856176
952,0.020105471319950087
953,0.008075148317854743
954,0.02274225444512465
955,0.0199406723774822
956,0.0069215557024009545
957,0.013183915620048831
958,3.817397842144532e-12
959,1.7325432770430154e-12
960,0.001647989456885846
961,0.004943968360956748
962,0.000494396839401325
963,6.019383315627197e-13
964,0.0019775873460376268
965,0.033948582719703524
966,0.0047791694155655
967,0.00016479894937254116
968,0.0011535926171835238
969,0.015820698745588984
970,0.009228740933622892
971,0.015820698744058354
972,0.020599868156185648
973,0.04367172048861996
974,0.0075807514837642935
975,0.03493737639339706
976,0.02867501647294071
977,0.0004943968362865589
978,0.06778005208730863
979,0.019281476594771235
980,0.011865524060470612
981,0.014667106128533142
982,0.008734344099845418
983,0.01647989452703505
984,0.0036255767975710987
985,0.009228740933432941
986,0.006756756758592885
987,0.009228740934694649
988,0.007580751484024905
989,0.01812788397625245
990,0.006097560977668543
991,0.01664469346986068
992,0.004943968360149973
993,0.03559657217448863
994,0.026203032297297885
995,0.00461437046828917
996,0.024060646005376253
997,0.03576137111649925
998,0.016974291360657843
999,0.03048780487062055
1000,0.004614370467581289
1001,0.0041199736359994275
1002,0.014337508237291352
1003,0.012854317730592547
1004,0.019116677650412365
1005,0.01680949241438531
1006,0.007910349374256522
1007,0.004779169414962483
1008,0.019281476597784713
1009,0.015161502964244844
1010,0.0021423862907897612
1011,0.016315095581708926
1012,0.007251153594147956
1013,0.016479894524510028
1014,0.0611404086830804
1015,0.009393539879380432
1016,0.02570863546004405
1017,0.004779169414659412
1018,0.0107119314433407
1019,0.006427158864635614
1020,0.04218852998147375
1021,0.019281476595972742
1022,0.010382333552317106
1023,0.0588332234495047
1024,0.04976928146244715
1025,0.01730388925278965
1026,0.0077455504275620495
1027,0.018622280812931494
1028,0.0266974291280954
1029,0.09492419245705651
1030,0.010052735662081815
1031,0.015985497689893567
1032,0.015655899801338222
1033,0.022907053390127042
1034,3.676536358910112e-12
1035,0.026532630186244483
1036,0.026038233348629126
1037,0.019775873428202785
1038,0.00032959789392788717
1039,2.5727173777515013e-12
1040,0.00016479894882841546
1041,3.4788956597915647e-12
1042,0.00032959789104265844
1043,4.3966690447833325e-12
1044,0.004449571523106787
1045,0.0009887936742029606
1046,0.0013183915646966654
1047,0.0003295978916393056
1048,2.2764348251619353e-12
1049,0.002801582071271355
1050,8.65487676849872e-13
1051,0.0004943968387542417
1052,3.4104698351727855e-12
1053,2.842379768182834e-12
1054,2.345143287573869e-12
1055,0.00016479894687839312
1056,0.006097560976210825
1057,0.001977587344023146
1058,0.0008239947272996758
1059,0.011535926170060115
1060,3.691725850431076e-12
1061,2.3003352243936883e-12
1062,2.356095057996956e-12
1063,0.00016479894870919103
1064,0.0009887936744525478
1065,4.180455003133084e-12
1066,0.0009887936741065997
1067,1.2433416204646284e-12
1068,3.5591649596503236e-12
1069,0.01400791034535899
1070,1.7947913308471281e-12
1071,0.004119973632602145
1072,0.001977587344524897
1073,0.002966381014749839
1074,1.2193123138775844e-12
1075,0.06526038231248737
1076,1.8549928877618996e-12
1077,0.005603164140101983
1078,0.00016479894808518736
1079,7.420821539745182e-13
1080,7.931597996828312e-13
1081,6.293561229206358e-13
1082,7.931597996828312e-13
1083,0.02027027026789675
1084,0.0018127884000953682
1085,0.004284772576781715
1086,0.0014831905086386368
1087,4.456807600495566e-12
1088,0.00016479894778711636
1089,0.00016479894765383108
1090,0.0009887936741079524
1091,0.00032959789178645994
1092,8.010605283245287e-14
1093,0.0016479894537903689
1094,0.0018127883997907286
1095,3.5569742092265805e-12
1096,1.987876398024425e-12
1097,8.010605283245287e-14
1098,0.002142386291270798
1099,0.0008239947293686553
1100,2.747013889534843e-12
1101,0.00016479894838639263
1102,0.008734344098831847
1103,0.0029663810209042173
1104,0.0013183915672801507
1105,0.0041199736331308775
1106,0.014502307183662638
1107,0.0029663810165714024
1108,0.033289386938543844
1109,0.0054383651939823975
1110,0.007086354646612003
1111,0.05207646669646592
1112,0.011371127222261735
1113,1.0639955221713833e-12
1114,0.004614370468260383
1115,2.661561513402079e-12
1116,0.00016479894710667294
1117,2.671237628254323e-12
1118,0.001318391564006478
1119,0.005108767304587374
1120,0.01054713249773815
1121,0.0009887936730269583
1122,0.002636783125591274
1123,0.00494396835973952
1124,0.005108767304686428
1125,0.0018127883991434326
1126,0.007910349371781214
1127,0.00313117996364163
1128,0.01615029663480954
1129,0.046638101504851356
1130,0.0008239947288638751
1131,2.5136971466095055e-12
1132,0.0008239947290992748
1133,0.003955174688704699
1134,2.2297847653937308e-12
1135,0.001153592617710264
1136,0.0004943968390428797
1137,3.5074632346177953e-12
1138,2.37252286816634e-12
1139,3.417654489303189e-12
1140,0.00016479894841401195
1141,0.0003295978913767957
1142,0.005603164138913845
1143,0.004449571522249209
1144,0.0070863546477839484
1145,0.005767963086120541
1146,0.0003295978930006899
1147,0.013348714567111638
1148,2.9370336387125686e-12
1149,0.0018127884014099633
1150,0.0011535926196847154
1151,0.0006591957815614807
1152,0.018457481868563094
1153,0.002966381015754614
1154,2.6984508901717596e-12
1155,0.000494396837576964
1156,0.004449571525402523
1157,0.010711931442801647
1158,0.007745550427047012
1159,0.00016479894752628827
1160,0.000988793673177425
1161,0.006097560975112791
1162,0.0004943968394129592
1163,0.0367501647878979
1164,0.08338826629097106
1165,0.007910349372758379
1166,0.009228740936894107
1167,0.02653263018535436
1168,0.0021423862890905354
1169,0.006591957810254783
1170,0.010547132496022203
1171,0.028510217527228966
1172,0.06773236649155996
1173,0.058338826615070866
1174,0.021094264991043915
1175,0.004449571523827089
1176,0.01054713249672137
1177,0.053559657201426684
1178,0.07630191164449503
1179,0.19199077119877295
1180,0.008075148318830758
1181,0.03493737639054609
1182,0.012030323004500994
1183,0.003955174685874573
1184,0.010711931443013986
1185,0.026862228075361684
1186,0.014996704019593923
1187,0.0018127884005747115
1188,0.0008239947280516666
1189,0.009723137769648062
1190,0.0491100856817959
1191,0.096407382964362
1192,0.014337508238226264
1193,4.259894624492966e-13
1194,5.14618898603713e-12
1195,0.000659195784126897
1196,0.003625576796262771
1197,0.0008239947283656253
1198,2.2130677136240604e-12
1199,0.00016479894687874825
1200,0.015655899798095937
1201,0.0006591957826680891
1202,0.000988793673516209
1203,2.922359457168157e-13
1204,0.013513513509383995
1205,0.0009887936728340137
1206,0.021423862880508498
1207,0.04185893208943699
1208,4.439892612946367e-13
1209,0.004779169413917238
1210,0.0031311799638236272
1211,0.006591957809377417
1212,0.003131179961141829
1213,8.010605283245287e-14
1214,2.1110419807689565e-12
1215,0.0004943968357774045
1216,0.00032959789054497164
1217,0.0004943968357774045
1218,0.008569545154007707
1219,0.016150296633607546
1220,7.397490471295552e-13
1221,0.0013183915637183462
1222,3.693048177609932e-12
1223,0.0011535926167071356
1224,0.03427818061091965
1225,0.015161502962165577
1226,2.7415593423721143e-12
1227,0.00972313776879364
1228,0.006591957809377417
1229,0.002471984179027724
1230,0.005273566248912881
1231,0.0024719841785665977
1232,0.006427158866252342
1233,0.00823994726283649
1234,0.003625576796491241
1235,0.0019775873491123266
1236,0.006262359921898741
1237,0.004284772578374836
1238,0.014502307181418357
1239,0.004449571522559901
1240,0.005438365194062087
1241,0.0024719841820015297
1242,0.0016479894529660703
1243,0.010711931442265349
1244,0.0013183915633026284
1245,0.004119973631413835
1246,0.01268951878357565
1247,0.07514831902719298
1248,0.013513513512419573
1249,0.010052735664720803
1250,0.012854317729927098
1251,0.007251153592368096
1252,0.005932762030435389
1253,0.009063941988552903
1254,0.02488464073202258
1255,0.031641397486859374
1256,0.03345418588401726
1257,0.0029663810175533335
1258,0.025049439677788218
1259,0.022412656553279918
1260,0.0004943968373435168
1261,0.0011535926186017414
1262,0.012195121948983922
1263,0.015161502962423183
1264,0.013513513510814038
1265,0.012030323003609749
1266,6.325582461121239e-13
1267,0.0028015820708582467
1268,0.03740936056938152
1269,0.0003295978938261149
1270,0.0037903757421638745
1271,0.00840474620900705
1272,0.0237310481149786
1273,0.002307185236404798
1274,0.06212920235479705
1275,0.006097560974621599
1276,0.031476598542545135
1277,0.014007910346386926
1278,0.007415952538085065
1279,0.000659195783441699
1280,0.005603164139925829
1281,0.0004943968370335444
1282,0.00032959789266383185
1283,0.04433091626975495
1284,0.0019775873458864972
1285,0.005273566250028772
1286,0.0009887936731524766
1287,2.093485458940018e-12
1288,0.045978905722763606
1289,0.0013183915638826683
1290,0.0032959789071570086
1291,0.00016479894581194693
1292,1.7469844451989965e-12
1293,0.008404746208574607
1294,0.0011535926182050672
1295,0.0016479894546390242
1296,0.006097560973990617
1297,0.0042847725781615794
1298,0.000659195784391561
1299,0.013019116673962274
1300,0.0013183915630846854
1301,0.02323665127878175
1302,0.0003295978921611899
1303,0.0039551746859689905
1304,0.04812129200950552
1305,0.01796308503191786
1306,0.005767963083739275
1307,0.0011535926188634897
1308,0.0006591957832689161
1309,0.025543836513144336
1310,0.00461437046823269
1311,0.0013183915630568784
1312,0.03131179959470527
1313,0.007910349373254539
1314,0.024884640732816935
1315,0.03246539221168918
1316,0.019775873428333222
1317,0.003460777852277845
1318,0.013183915620659226
1319,0.010547132495591154
1320,0.001977587344947919
1321,0.010052735660628778
1322,0.007086354649957363
1323,0.04729729728263021
1324,0.020929466047261563
1325,0.0008239947279175199
1326,2.4234373408507343e-12
1327,3.0116081555916505e-12
1328,0.00016479894933067274
1329,0.0004943968358510094
1330,6.710689282489536e-13
1331,0.0004943968384382057
1332,2.3846946264847204e-12
1333,0.00032959789304853594
1334,6.149264686407774e-13
1335,0.00016479894779921188
1336,0.000988793674292681
1337,0.00016479894844307838
1338,6.292814788482097e-13
1339,2.2260243184455678e-12
1340,0.0004943968377702075
1341,6.257984518118159e-13
1342,0.00032959789314300226
1343,0.0008239947285772611
1344,7.109679378874129e-13
1345,0.000494396835978812
1346,0.019940672375439943
1347,0.00032959789189655953
1348,3.1941979851301262e-12
1349,0.002307185235874609
1350,0.00527356624865457
1351,0.0009887936733756824
1352,0.006756756756170837
1353,0.005767963085366875
1354,1.1171458358393686e-12
1355,1.3960051227349194e-12
1356,0.0001647989469690916
1357,1.0212732391640473e-12
1358,0.00016479894673199783
1359,0.0051087673041572065
1360,0.005603164140336924
1361,0.0036255767969897087
1362,1.3762994726331978e-12
1363,0.0003295978930028065
1364,0.0013183915629480752
1365,0.005603164139477592
1366,2.184998248208699e-12
1367,3.090546288477993e-12
1368,0.017633487142059503
1369,0.0009887936719554437
1370,0.011535926168640052
1371,6.022029401215338e-13
1372,0.0021423862906273473
1373,0.00016479894728828692
1374,0.0009887936739146396
1375,0.0014831905089849242
1376,0.0006591957840298821
1377,0.0001647989462125076
1378,0.003131179961847627
1379,0.013678312456436153
1380,2.1733294099424763e-12
1381,0.0006591957826953491
1382,0.00032959789170824587
1383,0.0004943968368602808
1384,0.001318391562505858
1385,2.66901454209137e-12
1386,8.85506134839991e-13
1387,0.0009887936722454101
1388,0.0018127884004053984
1389,0.020008164309044948
1390,0.05125247196848487
1391,0.0016479894526372273
1392,0.03543177322597693
1393,0.01664469346965159
1394,0.00856954515263724
1395,0.0026367831243211274
1396,0.05784442977762012
1397,0.03790375740383627
1398,0.10250494393594461
1399,0.06410678969659471
1400,0.04054054052963871
1401,0.08586025047290481
1402,0.013348714567429736
1403,0.02867501647052341
1404,0.009393539880986889
1405,0.06130520762905509
1406,0.025379037565874757
1407,0.025543836512406548
1408,0.015326301906696356
1409,0.0604812129024534
1410,0.0032959789047287617
1411,0.03823335529400451
1412,0.02570863545633962
1413,0.0009887936738945217
1414,0.002966381014263896
1415,0.00131839156371197
1416,0.0006591957810098372
1417,0.00395517468862656
1418,0.00016479894531253885
1419,0.000988793675748994
1420,2.3441002032016605e-12
1421,1.8300666060591595e-12
1422,0.00082399472624227
1423,0.009063941989955544
1424,0.02142386288213874
1425,0.00016479894733118294
1426,9.58951875126043e-13
1427,2.749277857684764e-12
1428,0.02076466710102073
1429,0.06212920235326667
1430,0.013843111402117615
1431,0.014337508236969068
1432,0.07251153590423165
1433,0.01977587343040961
1434,0.02142386288089343
1435,0.01746868819616776
1436,0.029663810142957516
1437,0.03510217533732601
1438,0.042847725761753004
1439,0.0222478576076888
1440,0.10168094921041382
1441,0.014337508236592987
1442,0.010052735660746206
1443,0.01367831245553918
1444,0.0011535926182643045
1445,0.010382333550742914
1446,0.019775873429288198
1447,0.008075148317009338
1448,0.010217534609926212
1449,0.0034607778526505356
1450,0.011700725113721168
1451,0.00032959789365052174
1452,0.0011535926169170677
1453,0.00659195781185841
1454,0.004779169413039436
1455,0.01318391562016213
1456,0.001812788399918105
1457,0.010052735662003895
1458,0.002636783125607969
1459,0.0036255767976214534
1460,0.027191825964692745
1461,0.0028015820712895116
1462,0.00593276203206385
1463,0.018457481867214773
1464,2.451157079509691e-12
1465,0.009063941989647105
1466,0.004614370468374808
1467,0.0013183915629831782
1468,0.0003295978923780904
1469,0.005108767303491633
1470,0.0032959789059346465
1471,0.04416611732436072
1472,0.024060646007072674
1473,0.003955174687957772
1474,0.0028015820712879048
1475,0.016974291361172403
1476,0.037244561624175485
1477,0.004119973633340497
1478,0.0018127883993579361
1479,0.012359920894418473
1480,0.0013183915623818498
1481,0.010547132495854804
1482,0.0011535926186170028
1483,0.02340145022499543
1484,0.006756756757282575
1485,0.002471984179971042
1486,0.0023071852343914878
1487,0.005108767306032961
1488,2.2385352006183437e-12
1489,0.006097560975083956
1490,0.007910349373081903
1491,0.0023071852352434365
1492,0.0014831905088118688
1493,0.0013183915632716205
1494,0.013183915620328565
1495,0.009228740934798306
1496,0.0074159525364431425
1497,0.0037903757420382086
1498,0.02241265655314025
1499,0.00032959789109661517
1500,0.0013183915640610634
1501,0.016974291360777473
1502,0.0011535926185337133
1503,0.021918259716456605
1504,0.006427158865767765
1505,0.0009887936729699284
1506,0.008734344098604902
1507,0.0177982860863317
1508,0.0057679630848331866
1509,0.021918259718069186
1510,0.014667106126764126
1511,0.005273566249222866
1512,0.02142386288114461
1513,0.0023071852347746388
1514,0.01944627553816863
1515,0.010217534604886964
1516,0.13497033614725087
1517,0.008404746210043893
1518,0.01433750823629984
1519,0.015161502962991224
1520,0.0266974291280954
1521,0.03279499010218149
1522,0.010547132497148653
1523,0.008075148318272314
1524,0.009887936715721314
1525,0.0009887936735182247
1526,0.008404746208473268
1527,0.007910349372276826
1528,0.008404746208722641
1529,0.009063941988334538
1530,0.017139090305881677
1531,0.004284772577591517
1532,0.022247857607408515
1533,0.02158866182678311
1534,0.005603164138453449
1535,0.008734344099592888
1536,0.006097560975250223
1537,0.007251153592406879
1538,0.0008239947277301485
1539,0.011535926167430894
1540,0.02801582069122241
1541,0.00955833882505171
1542,0.00659195781096436
1543,0.0069215557004075464
1544,0.007745550427829743
1545,0.0046143704671373995
1546,0.017963085030937374
1547,0.0037903757409752355
1548,0.0011535926177324428
1549,0.002142386289918305
1550,0.0032959789066106036
1551,0.009393539878983101
1552,0.010711931441256775
1553,0.005603164140050189
1554,0.01252471983884669
1555,0.00032959789169635
1556,0.0031311799612069543
1557,0.002636783125392878
1558,0.026697429128867224
1559,0.0006591957831670901
1560,0.0019775873451507537
1561,0.032630191157294146
1562,0.0037903757427021575
1563,0.0018127883986100845
1564,0.009228740933976378
1565,0.005108767302633449
1566,0.0052735662486847554
1567,0.006262359919391107
1568,0.003460777851549285
1569,0.0008239947276023261
1570,0.001318391563468382
1571,1.2469062566480149e-12
1572,0.029499011197107634
1573,0.0026367831253641316
1574,0.039222148967581305
1575,0.005438365194225083
1576,0.04251812787114318
1577,0.06114040868291252
1578,0.0001647989464397285
1579,0.0044495715230652025
1580,0.019940672375316746
1581,0.017798286086143315
1582,0.007086354646588116
1583,4.412910529334425e-13
1584,0.016382587513931426
1585,6.468070477795336e-13
1586,3.5937424947720265e-12
1587,0.00510876730266638
1588,3.227460474606802e-12
1589,0.01203032300328786
1590,0.0004943968368606849
1591,9.80163112204817e-12
1592,0.0009887936725592214
1593,0.0014831905077860143
1594,0.0003295978912360623
1595,2.922359457168157e-13
1596,0.03312458799256492
1597,0.00032959789143748643
1598,0.0001647989456892769
1599,6.754903857409707e-13
1600,0.0011535926180174464
1601,0.0016479894549258096
1602,0.0024719841791448482
1603,2.2320460702332062e-12
1604,0.004943968357412731
1605,0.000988793674313457
1606,0.07234673695813894
1607,0.005438365193546994
1608,0.0011535926167071356
1609,0.004614370466588224
1610,0.0013183915631271687
1611,0.001977587347433734
1612,0.0024719841797134203
1613,0.054218852983147714
1614,0.012359920892512566
1615,0.021423862881611234
1616,0.005438365194042825
1617,0.07102834539589721
1618,0.023071852334616578
1619,0.12903757411911085
1620,0.07119314434199657
1621,0.1264007909946549
1622,0.017303889252510647
1623,0.08668424519423445
1624,0.0029663810171598323
1625,0.004614370469224797
1626,0.01565589979860146
1627,0.00214238628937154
1628,0.001977587344876879
1629,0.0296638101418379
1630,0.009887936715811233
1631,0.003625576795694929
1632,0.008569545153358895
1633,0.0011535926186702539
1634,0.007251153591530151
1635,0.04713249833867541
1636,0.019446275539334416
1637,0.004449571521822376
1638,0.013678312462997822
1639,0.00593276202880523
1640,0.015161502963286706
1641,0.016974291360383652
1642,0.037574159514889134
1643,0.001977587343236451
1644,0.002471984179806726
1645,0.0031311799605864823
1646,0.018622280813291175
1647,0.01697429136086453
1648,0.011041529332256056
1649,0.01417270929179208
1650,0.006591957809975634
1651,0.0029663810156003415
1652,0.008075148317580182
1653,0.0036255767969648935
1654,0.009558338824595575
1655,0.020764667101091695
1656,0.01680949241576433
1657,0.0046143704683959475
1658,0.019940672374901876
1659,0.010217534606241046
1660,0.001977587344883017
1661,0.00444957152250422
1662,0.0006591957836161856
1663,0.008569545152764828
1664,0.0009887936720578343
1665,0.017963085032432078
1666,0.003460777850820951
1667,0.0018127883992199324
1668,0.002801582069554373
1669,0.0049439683582514
1670,0.0026367831243972475
1671,0.00032959789209380925
1672,6.783230502750466e-13
1673,0.007910349373105533
1674,0.007910349372045959
1675,0.0034607778512807685
1676,0.00609756097458008
1677,0.010547132495479193
1678,0.008239947262279996
1679,0.0004943968365035354
1680,0.005603164139288153
1681,0.0019775873434675164
1682,0.0006591957815327469
1683,0.0016479894537545165
1684,0.007086354646212493
1685,1.0916951317834046e-12
1686,0.00098879367261621
1687,6.596429942971023e-13
1688,1.523227629648108e-12
1689,0.00016479894655650575
1690,0.011041529331550871
1691,0.007415952544311442
1692,0.004614370467976253
1693,2.474939420532964e-12
1694,0.008734344099387472
1695,0.005438365195050025
1696,0.00016479894708863984
1697,0.005108767303904496
1698,1.672545357007767e-12
1699,0.011535926167030653
1700,0.0004943968378943969
1701,0.004614370468562187
1702,0.008569545153351515
1703,0.0004943968368893981
1704,0.0006591957823526592
1705,0.003625576797298735
1706,0.00016479894579570474
1707,0.004449571521685262
1708,1.7002847467551357e-12
1709,0.01120632827757401
1710,0.00016479894661584928
1711,1.8449734991181556e-12
1712,0.05471324981788636
1713,0.010217534605961974
1714,0.01647989452498802
1715,0.01565589979865346
1716,0.03675016478845918
1717,0.011700725112733325
1718,0.02554383651204545
1719,0.18770599862026333
1720,0.007580751482324721
1721,0.0013183915628693255
1722,7.186773526554141e-13
1723,4.776659646917576e-13
1724,0.0014831905081781904
1725,0.007910349371746036
1726,0.0016479894552396495
1727,0.00922874093416315
1728,0.001977587343706662
1729,0.00016479894587193868
1730,0.008075148317621322
1731,0.006097560975394329
1732,0.0059327620299997955
1733,0.0018127883987268103
1734,0.0009887936732455524
1735,0.0041199736313942996
1736,0.0034607778512016104
1737,0.0013183915641301325
1738,0.02702702702026922
1739,5.887883819589906e-13
1740,0.014007910346289459
1741,0.013513513511521209
1742,0.003955174687124632
1743,6.141884423466885e-13
1744,1.5972872492375285e-12
1745,5.863120671438134e-13
1746,0.0003295978916431296
1747,0.027521423854340914
1748,0.0268622280741264
1749,0.06806196438265173
1750,0.011206328276880808
1751,0.04416611732363005
1752,0.010711931441057664
1753,0.11239288065016936
1754,0.042023731035876324
1755,0.03164139748669895
1756,0.08487145679560223
1757,0.0032959789059444746
1758,0.003625576796994274
1759,1.214804400810076e-12
1760,0.0004943968427934193
1761,0.013019116674882853
1762,0.010547132497089464
1763,0.021259063935699284
1764,0.004284772577784381
1765,0.004943968358040111
1766,0.009063941989479019
1767,1.0966901240728139e-12
1768,0.004943968357604733
1769,1.0236390508556555e-12
1770,0.0001647989464476336
1771,1.1778763159699622e-12
1772,0.0031311799605753636
1773,0.003955174686501915
1774,0.003460777851825314
1775,0.00791034937223856
1776,0.03988134474793051
1777,0.006097560975188206
1778,0.03295978904757033
1779,0.011041529332457419
1780,0.008239947262919796
1781,0.00016479894717470812
1782,0.0016479894529560775
1783,0.023731048115323713
1784,1.9806996623491486e-12
1785,1.8467874426301327e-12
1786,0.006591957810592301
1787,0.0003295978914569954
1788,0.0072511535919538295
1789,0.006921555701070773
1790,1.3307001114839644e-12
1791,5.564943033387539e-13
1792,0.0004943968371689077
1793,1.6278649789644072e-12
1794,2.505767540969507e-12
1795,0.00016479894727609596
1796,0.00016479894671494815
1797,1.0627552940632677e-12
1798,0.0003295978916974725
1799,0.00016479894577538213
1800,0.0026367831243230525
1801,0.00016479894571178817
1802,1.235918534004522e-12
1803,9.975297177019078e-13
1804,1.0454637635886018e-12
1805,0.00411997363178287
1806,0.012030323002443725
1807,0.00016479894678069764
1808,1.6861076850317725e-12
1809,1.0145059007353976e-12
1810,0.0009887936719453318
1811,0.002966381017404073
1812,0.0009887936729979835
1813,0.02027027026520122
1814,0.02422544495022887
1815,0.044330916269311176
1816,0.013019116674649828
1817,0.033289386937502156
1818,0.01054713249550498
1819,0.001977587344020316
1820,1.1579057091036485e-12
1821,0.0009887936730867699
1822,0.0032959789063808577
1823,0.0009887936719216305
1824,0.00032959789109414703
1825,1.0281346235598291e-12
1826,1.8475160106462635e-12
1827,0.0028015820694307124
1828,0.0021423862895784906
1829,0.0018127883980912094
1830,0.004943968358236359
1831,0.006591957810750684
1832,0.006427158865374548
1833,0.000164798946773703
1834,0.0009887936726383963
1835,0.013183915620141326
1836,0.0034607778511550735
1837,1.6636338077021944e-12
1838,0.00016479894715622472
1839,0.0013183915629300348
1840,0.009887936715528949
1841,0.0019775873435805805
1842,9.275418383612277e-13
1843,0.0004943968373549811
1844,0.00263678312461649
1845,0.011535926166757778
1846,0.008239947263272743
1847,0.005603164139246264
1848,0.0008239947274182988
1849,0.02307185233316987
1850,0.007251153591602509
1851,0.009063941989993027
1852,0.005932762029003897
1853,0.00659195781095615
1854,1.2319319105029074e-12
1855,0.008734344099032858
1856,0.0006591957825506474
1857,0.03427818060960356
1858,0.00016479894545694902
1859,0.0006591957827138077
1860,0.006591957810969248
1861,0.0008239947273673662
1862,0.000988793672619569
1863,0.011041529331762114
1864,0.00032959789243058076
1865,0.00642715886590637
1866,0.0001647989477746789
1867,0.0016479894537785964
1868,1.5394037999437471e-12
1869,0.0023071852349093574
1870,0.01654738645916386
1871,1.688798304621327e-12
1872,6.803874755749192e-13
1873,1.327438335032153e-12
1874,0.0006591957820480111
1875,1.5518678076079227e-12
1876,0.00016479894641057327
1877,0.00016479894629712247
1878,1.7030398669515592e-12
1879,0.004943968357561458
1880,1.9172081406156047e-12
1881,9.957978208441416e-13
1882,0.009228740934617527
1883,0.011041529332702825
1884,0.0029663810160147483
1885,0.020764667100836274
1886,1.4309026832769494e-12
1887,0.00032959789159313813
1888,1.038288200115015e-12
1889,1.4380132982432783e-12
1890,0.009558338825150647
1891,0.005932762029374313
1892,0.04218852998010124
1893,0.012854317729387056
1894,0.06460118653147974
1895,0.039222148967914594
1896,0.017633487140842244
1897,0.01285431772843994
1898,0.021259063935400533
1899,0.020435069209438356
1900,0.009887936715370093
1901,0.009887936714387258
1902,0.018292682921382482
1903,0.05800922872250965
1904,0.016809492414723244
1905,0.03279499010236138
1906,0.029004614361925987
1907,0.009393539878562111
1908,0.03773895845937153
1909,0.07926829265813892
1910,0.03411338166456222
1911,0.027686222799761764
1912,0.03328938693750849
1913,0.0009887936721802758
1914,0.01631509557943494
1915,0.009063941988982015
1916,0.00016479894620567774
1917,0.0001647989467194931
1918,0.05388925509178743
1919,0.0001647989465502244
1920,0.000988793672857855
1921,0.00016479894974512444
1922,1.3648923487404386e-12
1923,8.801249457285714e-13
1924,1.150284812302252e-12
1925,0.0016479894529875653
1926,0.000988793671965332
1927,0.0008239947276879094
1928,0.0003295978917685507
1929,0.04562052543140362
1930,0.0009887936725827913
1931,0.0016479894533982277
1932,1.9502489070571547e-12
1933,0.01994067237442803
1934,0.008404746207320355
1935,0.04597890572094099
1936,1.1489121801952143e-12
1937,0.0006591957816891698
1938,0.0003295978915997299
1939,6.589092532893408e-13
1940,4.66283926698543e-13
1941,0.0001647989463115562
1942,9.825234622809398e-13
1943,0.0011535926179314243
1944,7.594386477114054e-13
1945,0.0009887936721540355
1946,0.0024719841799314963
1947,0.0018127883987482031
1948,8.993522291616917e-13
1949,0.0001647989452324328
1950,0.003131179959416223
1951,1.294083056946416e-12
1952,4.412910529334425e-13
1953,0.0013183915623257462
1954,0.0003295978913033449
1955,0.002801582070192254
1956,0.0004943968369710168
1957,1.3748223677476667e-12
1958,0.00016479894640269185
1959,1.2394909019178155e-12
1960,0.0006591957822773277
1961,0.0006591957814224268
1962,0.00049439683860751
1963,0.000494396836219686
1964,0.00032959789181044683
1965,0.0006591957822883939
1966,6.02120154126626e-13
1967,0.00016479894648906094
1968,0.0004943968363627968
1969,1.517600174023505e-12
1970,0.007415952536382365
1971,0.0075807514820641604
1972,0.0003295978916351246
1973,1.3607058929075022e-12
1974,1.6395581526460014e-12
1975,0.0390573500217921
1976,0.07391669132903653
1977,1.0306904468344872e-12
1978,0.00016479894619798893
1979,0.017303889250377194
1980,0.00016479894561445134
1981,1.3467257489874857e-12
1982,6.201306190691327e-13
1983,0.0009887936720578343
1984,0.00016479894657822988
1985,0.0006591957822735141
1986,0.0013183915630789818
1987,6.469934782618282e-13
1988,1.3029110936340097e-12
1989,0.001318391562872592
1990,0.002142386288698794
1991,0.003625576795578306
1992,1.2000596486996784e-12
1993,0.0003295978914767156
1994,0.004943968358607939
1995,0.0001647989460181117
1996,0.00016479894611633587
1997,0.0006591957824603969
1998,0.000659195782357398
1999,1.0035459085924193e-12
2000,0.00032959789182208086
2001,1.3215943649291977e-12
2002,6.583567962816655e-13
2003,0.0009887936720578343
2004,0.00016479894659418763
2005,1.3028101690722505e-12
2006,0.009558338824182756
2007,1.1513249100013257e-12
2008,0.0237310481148343
2009,8.029532566607097e-13
2010,1.4559190914912068e-12
2011,1.4124222273497522e-12
2012,0.00016479894660365363
2013,0.002307185234500645
2014,0.0009887936724109882
2015,6.421536344425409e-13
2016,0.0014831905077886253
2017,0.0008239947268205207
2018,6.589092532893408e-13
2019,0.001647989453678835
2020,6.802416520543477e-13
2021,5.225336343625322e-13
2022,0.0019775873436783777
2023,0.006921555700228461
2024,0.00955833882413946
2025,0.02966381014242133
2026,0.005767963084103042
2027,0.02109426499095123
2028,0.03460777849970007
2029,0.012195121948816529
2030,0.02570863545698182
2031,0.014337508236818081
2032,0.02653263018382609
2033,0.023566249168851812
2034,0.023731048114333145
2035,0.0252142386210285
2036,0.016809492414383686
2037,0.02801582069082845
2038,0.0037903757414908456
2039,0.0060975609743527575
2040,0.02521423862131496
2041,0.00955833882460677
2042,0.020599868154916923
2043,0.023071852333889933
2044,0.0014831905079986374
2045,0.018622280812669638
2046,0.025873434402803503
2047,0.025049439675943707
2048,0.006427158864858364
2049,0.026367831237867567
2050,0.01071193144106936
2051,0.01862228081189902
2052,0.03642056689695108
2053,0.010711931441165721
2054,0.014831905071841638
2055,0.009558338824497694
2056,0.013348714564843647
2057,0.0166446934694923
2058,0.0019775873438057845
2059,0.04218852998051938
2060,0.0176334871408869
2061,0.019281476593211225
2062,0.03707976267831397
2063,0.03724456162323688
2064,0.01746868819583391
2065,0.03147659854037376
2066,0.0695451548892145
2067,0.02027027026493793
2068,0.0069215557011211275
2069,0.008239947262694489
2070,0.011371127221734592
2071,0.001318391563486267
2072,6.707973461322223e-13
2073,7.96780394430978e-13
2074,0.0024719841790528533
2075,0.013513513509278307
2076,1.1702590542741722e-12
2077,1.8779923159936166e-12
2078,0.00016479894584912362
2079,1.1327671291794187e-12
2080,0.0024719841790849244
2081,1.5371566052264082e-12
2082,0.008075148317951392
2083,0.008239947262860101
2084,0.018292682922406885
2085,0.0013183915625467166
2086,0.0004943968369807767
2087,1.306418123641473e-12
2088,0.013019116674469153
2089,0.001153592618422733
2090,0.003625576795911078
2091,0.0004943968369807767
2092,0.0037903757415365343
2093,0.00032959789142854415
2094,0.0016479894534808465
2095,0.001812788398263832
2096,0.008404746208362799
2097,0.006262359920107596
2098,0.004119973632134892
2099,0.0004943968369148175
2100,0.009558338825171429
2101,0.007745550427308593
2102,0.0036255767962674627
2103,0.0016479894535874225
2104,0.008734344098654154
2105,0.007745550427139335
2106,0.0016479894534508434
2107,0.005108767302727804
2108,0.004943968357964053
2109,0.008239947262612709
2110,0.019116677647669684
2111,0.015985497688968633
2112,0.008899143043607761
2113,0.050428477241565725
2114,0.0009887936720204562
2115,0.050428477241831915
2116,0.013019116673988048
2117,0.0011535926175513323
2118,0.05702043505153983
2119,0.0074159525363317
2120,0.08124588000011175
2121,0.004943968358537022
2122,1.1075234278145871e-12
2123,0.01170072511235587
2124,0.003790375741580219
2125,5.834805858239804e-13
2126,0.0006591957820826596
2127,0.0013183915628265268
2128,0.007580751481730149
2129,1.0479456761601302e-12
2130,0.0003295978907989669
2131,1.0151704493210645e-12
2132,1.1208947096016251e-12
2133,5.383740493212276e-13
2134,1.2598996969091832e-12
2135,1.208825224850093e-12
2136,1.0862953511483439e-12
2137,0.00016479894575482034
2138,0.0019775873437682993
2139,0.006591957810281652
2140,0.0037903757414202805
2141,8.306613763291058e-13
2142,0.004119973632087573
2143,0.0006591957820515858
2144,0.05636123927057831
2145,0.009887936715012893
2146,0.019446275538589162
2147,0.018951878702688624
2148,0.0018127883987843314
2149,0.0037903757413627745
2150,0.0026367831247755616
2151,0.024719841785605243
2152,0.012195121948214614
2153,0.012689518784010374
2154,0.0009887936718428942
2155,0.004119973632051373
2156,0.011371127221524112
2157,0.012030323003147934
2158,0.00461437046684297
2159,0.0034607778509709313
2160,0.02142386288073865
2161,0.037244561623044334
2162,0.009887936714341048
2163,0.008404746207959432
2164,0.011865524057069261
2165,0.0019775873433031514
2166,0.0001647989460643269
2167,0.0014831905081089725
2168,0.013513513510271592
2169,0.032630191157019865
2170,0.0016479894528382854
2171,0.005273566248532852
2172,0.00016479894635480208
2173,0.000659195781960907
2174,0.04103493736385851
2175,0.0021423862891817697
2176,0.014502307181509565
2177,1.1053603246052675e-12
2178,0.0070863546460184675
2179,0.0021423862891209763
2180,0.013019116674534688
2181,0.004284772577029532
2182,0.0023071852349355916
2183,0.017139090305380123
2184,0.004614370467431646
2185,0.004779169412724886
2186,0.003955174686121431
2187,0.0026367831242535026
2188,0.0016479894536651325
2189,0.013019116674412369
2190,0.001977587343395848
2191,0.00955833882508913
2192,0.002636783124350674
2193,0.001483190508688617
2194,0.0016479894534175072
2195,0.018127883976164317
2196,0.0067567567557576345
2197,0.02257745549814601
2198,0.015655899798065448
2199,0.0009887936725812912
2200,0.002142386288625754
2201,0.0273566249092422
2202,0.0008239947266180745
2203,0.0028015820691606546
2204,0.0013183915628831296
2205,0.007910349371662774
2206,0.007086354646241328
2207,0.0009887936724622816
2208,0.001318391562908757
2209,0.000988793672617343
2210,1.214316068606082e-12
2211,0.0011535926172587792
2212,0.005438365194236066
2213,0.00032959789153199406
2214,0.0032959789051270187
2215,0.034113381664283515
2216,0.003955174686571039
2217,0.01796308503135225
2218,0.033289386938305424
2219,0.0077455504268327
2220,0.012689518783612781
2221,0.008734344097472648
2222,0.015655899797406173
2223,0.006262359919869854
2224,0.012359920894263738
2225,0.00626235992049115
2226,0.02735662490922016
2227,0.06064601184597656
2228,0.05570204348916641
2229,0.02125906393616528
2230,0.027191825964325254
2231,0.01252471983861416
2232,0.024390243894795133
2233,0.004943968357258446
2234,0.029663810142999958
2235,0.005932762029418352
2236,0.05059327618698107
2237,0.009887936715213472
2238,0.0031311799602388476
2239,0.09508899139954465
2240,0.002966381014639891
2241,0.01582069874361974
2242,0.004119973631381529
2243,0.007251153590777777
2244,0.03806855634976297
2245,0.013513513510630095
2246,0.007910349371612875
2247,0.0037903757415371922
2248,0.025049439676727157
2249,0.016809492414149432
2250,0.006097560974206668
2251,0.013183915620113519
2252,0.008899143043510924
2253,0.005273566248697797
2254,0.012689518783445007
2255,0.017963085031415086
2256,0.009887936714468928
2257,0.0009887936731357103
2258,0.001647989453506774
2259,0.0008239947263300091
2260,0.001647989452765619
2261,9.206464403409565e-13
2262,5.181743302943934e-13
2263,1.2313585940739231e-12
2264,0.011371127221530558
2265,0.011865524057362518
2266,1.2580959945804416e-12
2267,1.030090516545765e-12
2268,0.004449571522314375
2269,1.3513167151012278e-12
2270,0.0023071852342841496
2271,1.0255932141519277e-12
2272,0.009558338824478632
2273,5.966531566305152e-13
2274,0.0029663810155146748
2275,0.016479894523794014
2276,0.010876730386265096
2277,0.0036255767956642564
2278,0.0013183915628895528
2279,0.008569545153116595
2280,2.5052495290289356e-12
2281,0.01104152933170359
2282,0.000823994726603455
2283,5.507351291382508e-13
2284,0.01680949241425888
2285,0.017633487141080754
2286,0.00659195781029459
2287,0.010217534605507169
2288,0.01911667764751294
2289,0.005603164140244499
2290,0.02092946604569898
2291,0.007251153590856324
2292,0.0026367831249908876
2293,0.0004943968371660296
2294,0.009063941988463699
2295,6.292814788482097e-13
2296,4.412910529334425e-13
2297,1.0697187652223818e-12
2298,1.0900560898106625e-12
2299,8.884042433880252e-13
2300,6.292814788482097e-13
2301,0.003955174686783433
2302,0.005438365193928701
2303,0.025379037566274007
2304,0.0008239947271727444
2305,0.00362557679615955
2306,0.0013183915624887439
2307,0.005108767302837166
2308,0.004449571522468787
2309,0.0016479894529644737
2310,0.0029663810152046727
2311,0.0036255767962189347
2312,0.003131179960009658
2313,0.0014831905074869757
2314,0.0009887936725609867
2315,0.000494396836767871
2316,0.012689518783462318
2317,0.003295978905079589
2318,0.024390243895495194
2319,0.002966381014559554
2320,0.00609756097461419
2321,0.0028015820695806385
2322,0.007251153590602806
2323,0.0018127883981300568
2324,0.00988793671484822
2325,0.002471984179460272
2326,0.001483190507694098
2327,0.005438365193046046
2328,0.015820698743414945
2329,0.001812788398222847
2330,0.0001647989464115848
2331,0.0016479894533232226
2332,0.0001647989463887479
2333,0.0018127883988818514
2334,0.0029663810152543626
2335,0.006921555701083479
2336,0.0031311799712028937
2337,0.007415952536018136
2338,0.00395517468660351
2339,0.010382333550144805
2340,0.0019775873440781135
2341,0.004943968357621962
2342,0.008239947262622378
2343,0.008734344097961306
2344,0.010547132496147223
2345,0.00148319050773932
2346,6.292814788482097e-13
2347,5.809524706810262e-13
2348,0.000988793672120609
2349,0.005273566248069754
2350,0.0003295978916495456
2351,0.0019775873439244495
2352,0.0003295978915083596
2353,6.292814788482097e-13
2354,2.0082708631826465e-12
2355,1.1240313058108143e-12
2356,0.005273566248587108
2357,1.0815622526683196e-12
2358,0.0004943968368192019
2359,0.0001647989456087341
2360,0.00016479894721231432
2361,0.004614370467735177
2362,0.01104152933189004
2363,0.000494396836921888
2364,0.0039551746869457855
2365,0.00263678312433382
2366,0.009723137769201489
2367,0.007910349371598065
2368,0.0004943968365527381
2369,0.010876730389516828
2370,0.001977587344493263
2371,0.0257086354573536
2372,0.0026367831249134843
2373,0.022412656552498595
2374,0.0008239947271959827
2375,0.04416611732330069
2376,0.00692155570033849
2377,0.00758075148175466
2378,0.0008239947271941391
2379,0.007910349371733275
2380,0.0049439683582309275
2381,0.016644693469674874
2382,4.2773208772508403e-13
2383,0.0008239947272604184
2384,0.001647989453571234
2385,0.004284772576841206
2386,0.012359920893663582
2387,0.0006591957819960803
2388,1.167460995875759e-12
2389,0.0001647989464878646
2390,6.559085688739725e-13
2391,0.0011535926176557709
2392,0.0004943968361129217
2393,1.2114701998629293e-12
2394,0.002636783125052959
2395,1.850660993727749e-12
2396,0.00016479894634911657
2397,2.572854502136594e-12
2398,1.0045290522964412e-12
2399,1.0520441427539528e-12
2400,0.0003295978912032906
2401,0.005932762029423389
2402,0.0008239947272808573
2403,3.560141427523594e-13
2404,7.016547800929063e-13
2405,0.0016479894532928686
2406,1.0925290505321514e-12
2407,9.326334339803402e-13
2408,0.016150296634686874
2409,0.0034607778502312985
2410,0.005603164138823045
2411,0.0018127883980163244
2412,0.005273566248524636
2413,0.0016479894527962281
2414,0.008404746207444755
2415,0.006427158864918158
2416,0.0001647989462239925
2417,6.754903857409707e-13
2418,1.4244202598958117e-12
2419,0.008569545153082664
2420,0.007251153590470841
2421,0.0008239947272414187
2422,0.006591957809890746
2423,0.004449571521494292
2424,0.022412656551923756
2425,0.011206328276235649
2426,0.0024719841794806803
2427,0.0011535926173819448
2428,0.005767963083728582
2429,0.005767963083758632
2430,0.008899143043597185
2431,0.0011535926172733
2432,0.014337508235848978
2433,0.008239947262301163
2434,0.0001647989457619095
2435,0.0271918259635809
2436,0.0011535926169931108
2437,0.003295978905275982
2438,0.0003295978911779193
2439,0.0026367831243772812
2440,0.013019116675109375
2441,0.00016479894594548654
2442,0.000659195781588088
2443,7.130537468503783e-13
2444,0.038727752130062736
2445,0.00428477257670649
2446,0.02109426499045305
2447,7.130537468503783e-13
2448,0.00823994726206293
2449,0.003955174686189603
2450,0.002471984181428691
2451,0.006262359919512341
2452,0.00032959789117118323
2453,0.005932762029102012
2454,0.0023071852339124157
2455,0.006427158864759743
2456,0.00032959789119087765
2457,0.001153592617458897
2458,0.003460777850712956
2459,0.00016479894593408756
2460,0.001977587343190751
2461,0.01598549768814358
2462,0.0009887936722785
2463,0.00774555042668378
2464,0.050098879351543474
2465,0.0016479894529826847
2466,8.071183511185451e-13
2467,0.001483190507750252
2468,0.0011535926172853864
2469,0.003955174686304399
2470,0.006921555700455656
2471,0.013513513509943391
2472,0.0021423862889055293
2473,6.948641560703252e-13
2474,4.0155728693224805e-13
2475,0.0028015820696585896
2476,0.009723137769235602
2477,0.0001647989459331203
2478,0.021423862880835576
2479,0.02175346077127039
2480,0.0001647989458250826
2481,0.0024719841792926723
2482,0.0008239947269859867
2483,0.0014831905078263271
2484,0.00016479894597076485
2485,0.0023071852339124157
2486,6.228087616813181e-13
2487,0.01615029663348328
2488,0.003955174686280042
2489,6.488171003049584e-13
2490,0.006756756755184388
2491,0.003131179960019109
2492,0.004779169412398908
2493,0.0023071852338582065
2494,0.0004943968366447101
2495,0.013183915619254265
2496,0.008899143043154256
2497,0.023566249168939544
2498,0.03197099537553325
2499,0.011206328276507083
2500,0.0077455504264710325
2501,0.026203032292921084
2502,0.005932762029012332
2503,0.0014831905077068216
2504,0.010052735659625656
2505,0.003295978905916712
2506,0.001483190507731317
2507,0.00873434409805058
2508,0.010052735659700787
2509,0.009723137769445176
2510,0.003295978905380297
2511,0.026697429128312467
2512,0.1059657217851566
2513,0.005108767303313752
2514,0.013678312455023564
2515,0.0060975609743316546
2516,0.009228740934124572
2517,0.016479894524511332
2518,0.0004943968364289398
2519,6.066546232266878e-13
2520,6.228087616813181e-13
2521,0.0006591957816592805
2522,0.0004943968364289398
2523,6.293595312129151e-13
2524,6.88621726725562e-13
2525,0.007745550426675394
2526,0.00576796308371294
2527,0.004449571521853478
2528,0.040540540527621696
2529,0.0014831905076568871
2530,6.793503515505757e-13
2531,0.0004943968363020362
2532,6.096527534640984e-13
2533,6.409140580337435e-13
2534,0.00016479894584155863
2535,0.01021753460558109
2536,0.006756756755226001
2537,0.014667106126370765
2538,0.014831905071603198
2539,0.00032959789090357416
2540,0.00263678312530618
2541,0.009558338824125854
2542,0.005273566248144534
2543,0.0021423862887694164
2544,0.004943968357631893
2545,5.492500700881829e-13
2546,0.004943968357376
2547,0.007580751481406437
2548,0.01384311140017178
2549,0.013183915619301984
2550,0.00016479894585256342
2551,0.003131179960123584
2552,0.0013183915623818498
2553,0.009228740933676413
2554,0.011865524057428172
2555,0.0011535926179071891
2556,0.00906394198844704
2557,0.011206328276491269
2558,0.024390243895006707
2559,0.01054713249531699
2560,0.0105471324955575
2561,0.02471984178561597
2562,0.011041529331743256
2563,0.01977587342840529
2564,0.00016479894578168286
2565,0.01796308503099841
2566,0.006591957809899431
2567,0.00032959789117211114
2568,6.139168343059842e-13
2569,7.072455726247646e-13
2570,0.0006591957818136342
2571,0.0006591957816203244
2572,0.0026367831244262854
2573,2.8291354635692347e-12
2574,0.0067567567553176375
2575,7.073608654421908e-13
2576,0.004943968357495371
2577,0.0146671061260816
2578,0.04512612859500467
2579,6.330619705572812e-13
2580,0.0004943968365653562
2581,0.00016479894593252222
2582,0.001318391562466117
2583,4.66283926698543e-13
2584,0.0001647989458463496
2585,8.891840475434367e-13
2586,4.412910529334425e-13
2587,0.00016479894592138285
2588,0.0004943968365053313
2589,0.00016479894581586168
2590,0.007251153590826448
2591,7.092195603976459e-13
2592,6.03494481985136e-13
2593,0.00016479894588619133
2594,6.417425703082661e-13
2595,0.0006591957814521187
2596,5.182629394440445e-13
2597,0.0001647989457820756
2598,6.654983693374325e-13
2599,0.002966381014665501
2600,0.000988793672196282
2601,0.0006591957816567856
2602,0.01038233355053245
2603,0.00032959789114666747
2604,0.00032959789135404965
2605,0.01120632827624672
2606,0.0009887936723407761
2607,0.004614370467186441
2608,0.00461437046749016
2609,0.0006591957817176243
2610,6.141884423466885e-13
2611,0.0003295978910669857
2612,0.0031311799599994597
2613,0.0008239947265074114
2614,0.001318391562548451
2615,0.002142386289037875
2616,1.0165910745503747e-12
2617,1.0165910745503747e-12
2618,0.0003295978910669857
2619,0.005767963083576438
2620,3.0685292265850657e-13
2621,0.0003295978908811587
2622,0.0009887936720701389
2623,0.0070863546456656325
2624,6.948641560703252e-13
2625,0.009228740933687259
2626,6.914229701260476e-13
2627,0.0008239947271085111
2628,0.0006591957816007531
2629,0.008075148317068808
2630,0.022247857607075157
2631,0.01763348714045828
2632,0.009063941988225094
2633,0.012524719838030975
2634,0.017963085030935255
2635,0.023071852333461363
2636,0.04185893208970342
2637,0.03378378377317111
2638,0.02521423862099315
2639,0.022742254442863617
2640,0.02554383651176323
2641,0.02027027026431655
2642,0.0075807514818621675
2643,0.04861568884425666
2644,0.028839815417304116
2645,0.007745550426660489
2646,0.012359920894440522
2647,0.02257745549736536
2648,0.012359920893071882
2649,0.02373104811505753
2650,0.038233355294535136
2651,0.021753460771112062
2652,0.03773895845849984
2653,0.011865524057323133
2654,0.022907053387987507
2655,0.012689518783331575
2656,0.054383651927225204
2657,5.44202203622054e-13
2658,7.223074865094652e-13
2659,0.0034607778504996156
2660,3.3365116366916786e-13
2661,0.00016479894595948725
2662,4.1629311689461265e-13
2663,6.141884423466885e-13
2664,8.899418251756415e-13
2665,8.876346817691839e-13
2666,8.549379835971271e-13
2667,6.299514105734966e-13
2668,8.297815076229326e-13
2669,0.000988793672210597
2670,6.793503515505757e-13
2671,0.0013183915629825307
2672,0.010217534605090183
2673,0.0006591957812993443
2674,0.00016479894591968702
2675,0.006427158864744229
2676,0.0024719841797394247
2677,6.258593168925691e-13
2678,0.021423862880895612
2679,0.0008239947266382957
2680,0.0031311799600986507
2681,0.0001647989462785632
2682,0.0036255767957724303
2683,6.793503515505757e-13
2684,0.002801582069465315
2685,0.03625576795182664
2686,0.014667106126293695
2687,0.031476598539835955
2688,0.01796308503101452
2689,0.0008239947269527961
2690,0.01730388925000957
2691,0.002307185234062092
2692,0.007580751481419252
2693,0.014831905071523079
2694,0.03806855634937133
2695,0.006427158864506169
2696,0.03361898482810771
2697,0.0051087673025506635
2698,0.0019775873434908484
2699,0.005603164138496119
2700,0.006262359919273737
2701,0.0004943968362852701
2702,0.0016479894529068944
2703,0.006921555700300346
2704,0.022412656552281012
2705,0.004284772577089382
2706,0.005108767302884767
2707,0.013678312454733213
2708,0.012524719838344243
2709,0.0024719841791448482
2710,0.023071852333144717
2711,0.0032959789051041303
2712,0.018787079757002036
2713,0.028180619635187296
2714,0.031147000649536603
2715,5.497791545548311e-13
2716,4.714312860638034e-13
2717,5.777926778923206e-13
2718,0.0006591957814090865
2719,4.3979932339437025e-13
2720,6.546435688852065e-13
2721,0.0008239947267119431
2722,5.497791545548311e-13
2723,0.0014831905077712455
2724,7.273181382894328e-13
2725,4.412910529334425e-13
2726,0.000823994727351643
2727,5.892604883705427e-13
2728,0.009887936714673284
2729,0.013678312454931684
2730,8.016854292724521e-13
2731,0.0003295978909061566
2732,0.0024719841791653588
2733,0.0008239947267033963
2734,6.258593168925691e-13
2735,0.0019775873432049374
2736,0.00164798945296409
2737,4.724664388666847e-13
2738,5.834805858239804e-13
2739,0.003460777850515206
2740,6.583567962816655e-13
2741,0.004284772576669112
2742,0.0006591957813710223
2743,0.003131179959857514
2744,0.01598549768798727
2745,4.309335516141021e-13
2746,0.00527356624787914
2747,0.0032959789050899468
2748,0.006591957809774977
2749,0.00115359261730638
2750,0.016315095578452135
2751,0.007745550426084214
2752,0.004779169412181842
2753,0.0003295978911465834
2754,0.00823994726206293
2755,0.0018127883982083622
2756,0.000823994726603455
2757,0.020105471319003334
2758,0.0008239947267662918
2759,0.00477916941236336
2760,5.892604883705427e-13
2761,6.112156271852186e-13
2762,6.112156271852186e-13
2763,4.412910529334425e-13
2764,0.0003295978909061566
2765,7.018335775653167e-13
2766,0.00016479894575482034
2767,4.412910529334425e-13
2768,0.0003295978909138454
2769,0.0014831905085820904
2770,0.00032959789105412604
2771,0.0019775873432304847
2772,0.0014831905075331862
2773,0.0004943968361282319
2774,0.0003295978910483374
2775,0.03065260381367379
2776,4.3979932339437025e-13
2777,5.892604883705427e-13
2778,0.0003295978910715202
2779,0.0003295978909061566
2780,4.412910529334425e-13
2781,0.003295978905237916
2782,0.0026367831241602157
2783,4.412910529334425e-13
2784,0.0003295978909061566
2785,0.000988793671977957
2786,0.009887936714387258
2787,0.001977587343395848
2788,0.005438365192971247
2789,0.001483190507569561
2790,0.0004943968362860867
2791,0.005108767302781203
2792,0.010382333550232053
2793,0.0024719841789277827
2794,0.0028015820691769276
2795,0.000823994726603455
2796,0.008239947262266643
2797,0.00032959789104834616
2798,0.005932762028905954
2799,0.0016479894526248103
2800,0.017963085030922282
2801,4.412910529334425e-13
2802,0.004943968357511357
2803,0.005603164138506842
2804,0.007251153590872046
2805,0.0037903757409285207
2806,4.412910529334425e-13
2807,3.950807108017226e-13
2808,4.412910529334425e-13
2809,5.182629394440445e-13
2810,0.01235992089287375
2811,0.00477916941231819
2812,0.0021423862886666306
2813,0.005767963083780151
2814,0.01054713249531699
2815,0.002142386288518906
2816,0.004449571521770002
2817,0.007251153590657976
2818,0.001647989452969332
2819,0.0028015820695406176
2820,0.001647989452765619
2821,0.019775873429178983
2822,0.0003295978910141156
2823,0.00016479894567372383
2824,0.0004943968361835492
2825,6.450042982149014e-13
2826,0.007415952535900766
2827,0.01301911667509021
2828,8.437472931277326e-13
2829,1.7280213215917236e-12
2830,4.412910529334425e-13
2831,6.140569565518662e-13
2832,0.0004943968360313997
2833,0.0018127883980872716
2834,3.9060308049654573e-13
2835,0.0036255767954476224
2836,0.000659195781388367
2837,4.412910529334425e-13
2838,0.0009887936719085544
2839,0.005108767302907071
2840,0.0006591957813248118
2841,3.950807108017226e-13
2842,6.141884423466885e-13
2843,0.0006591957814410498
2844,4.412910529334425e-13
2845,4.412910529334425e-13
2846,0.0003295978909061566
2847,0.0008239947268262332
2848,0.004284772576484543
2849,5.43043980816149e-13
2850,6.64069271671825e-13
2851,0.003131179960057966
2852,1.075168971104511e-12
2853,0.0011535926170221102
2854,0.00016479894594788823
2855,0.0006591957814436888
2856,0.00032959789110660815
2857,0.004284772576643336
2858,0.0024719841789277827
2859,0.0051087673026069735
2860,0.0059327620289718296
2861,0.02010547131902087
2862,0.002966381014697748
2863,0.012359920893096529
2864,0.03328938693746538
2865,0.018787079757073125
2866,0.01301911667399394
2867,0.02521423862110526
2868,0.004119973631469176
2869,0.00939353987888042
2870,0.00527356624787914
2871,0.014996704016694428
2872,0.01087673038605602
2873,0.014337508235918383
2874,6.64069271671825e-13
2875,5.43043980816149e-13
2876,4.412910529334425e-13
2877,5.119130044512312e-13
2878,0.0004943968362155613
2879,0.000823994726700538
2880,8.993522291616917e-13
2881,0.0018127883979980517
2882,0.0004943968360900591
2883,0.0036255767960128734
2884,0.0008239947267052079
2885,0.00032959789100167467
2886,5.967107205798798e-13
2887,5.383740493212276e-13
2888,0.00609756097415607
2889,0.0014831905077236447
2890,0.0013183915625409447
2891,0.000659195781534469
2892,0.0009887936718358879
2893,0.020270270264185944
2894,0.000494396836333615
2895,0.0029663810147095636
2896,0.022742254442672433
2897,0.011371127221815163
2898,0.0019775873432304847
2899,0.016315095578645643
2900,0.0024719841793948427
2901,0.002471984179043557
2902,0.004284772576639963
2903,0.0008239947267914454
2904,0.008569545152527796
2905,0.00659195780984936
2906,0.011041529330968079
2907,0.0006591957813710223
2908,0.005932762028950146
2909,0.007745550426365632
2910,0.00016479894572066879
2911,5.825665036375373e-13
2912,5.742611317233387e-13
2913,0.000164798945779303
2914,0.0003295978908599463
2915,0.003295978905224442
2916,0.000659195781713846
2917,0.0008239947267052079
2918,5.757864807420767e-13
2919,6.047378578057568e-13
2920,0.0003295978909061566
2921,6.447033165264812e-13
2922,0.001318391562491212
2923,0.0023071852338858085
2924,0.002801582069427489
2925,7.793593439385801e-13
2926,4.412910529334425e-13
2927,0.002142386288462917
2928,0.005273566248248707
2929,0.0021423862887031088
2930,0.002142386288684864
2931,0.004284772576625818
2932,0.005932762028885843
2933,0.011700725112085295
2934,6.363165852715919e-13
2935,0.0011535926171031615
2936,0.0032959789052653464
2937,0.005108767302762482
2938,0.00906394198831914
2939,0.010711931440744449
2940,0.00016479894582576302
2941,0.0028015820693926483
2942,0.0032959789050899468
2943,0.004449571521991141
2944,0.004119973631474057
2945,0.00016479894567372383
2946,0.0075807514811680405
2947,0.0018127883979980517
2948,0.003460777850659549
2949,0.008404746207535554
2950,0.010052735659841636
2951,0.0016479894527964428
2952,0.0004943968361385895
2953,0.0026367831242533734
2954,0.001812788398219998
2955,0.004614370467152821
2956,0.033454185882676776
2957,0.004119973631417474
2958,0.009887936714422098
2959,5.608469468611683e-13
2960,0.012524719838405626
2961,0.013513513509663616
2962,0.0011535926170683206
2963,0.008569545152562636
2964,0.006262359919293221
2965,0.007415952535915576
2966,0.0032959789050899468
2967,0.0008239947265572446
2968,0.00280158206946962
2969,0.06740276860062151
2970,0.004943968357495944
2971,0.0009887936720515602
2972,0.006591957809820272
2973,0.001153592617277328
2974,0.0034607778504941043
2975,0.00576796308347096
2976,0.003790375740889534
2977,0.00988793671475946
2978,0.007580751481281731
2979,0.006262359919355931
2980,0.020435069209385485
2981,0.005603164138534464
2982,0.007415952536378536
2983,0.00280158206954118
2984,0.01763348714038001
2985,0.014007910345303031
2986,0.00329597890525531
2987,0.001977587343420943
2988,0.008075148316865339
2989,0.0003295978909061566
2990,0.011700725112205818
2991,0.029993408033082126
2992,0.014667106126275779
2993,0.0008239947275376306
2994,0.0009887936725192076
2995,0.0411997363085643
2996,4.412910529334425e-13
2997,0.00032959789112322235
2998,0.0009887936716666385
2999,0.0004943968361385895
3000,0.0011535926170683206
3001,5.096999284801831e-13
3002,0.0004943968363290479
3003,4.761318514141702e-13
3004,0.008404746207295363
3005,0.0019775873436268633
3006,0.0028015820693926483
3007,0.003295978905036356
3008,5.517358685063021e-13
3009,0.0008239947268425514
3010,4.412910529334425e-13
3011,0.00032959789109661517
3012,6.310380534753614e-13
3013,0.0004943968361385895
3014,0.02290705338791481
3015,0.0016479894528036833
3016,0.0008239947266382957
3017,4.3974773668328963e-13
3018,0.0004943968363420018
3019,0.0009887936720263464
3020,4.412910529334425e-13
3021,0.0006591957816518859
3022,4.761318514141702e-13
3023,0.0014831905075331862
3024,5.181743302943934e-13
3025,7.03090686395413e-13
3026,4.412910529334425e-13
3027,4.412910529334425e-13
3028,0.0031311799600609266
3029,5.181743302943934e-13
3030,0.004779169412096817
3031,0.0013183915623427025
3032,4.793553874075143e-13
3033,0.009228740933620975
3034,0.0008239947275007465
3035,0.004119973631090772
3036,0.00016479894578316792
3037,0.00444957152182642
3038,0.0009887936719453318
3039,0.006097560974150748
3040,0.00593276202886967
3041,5.507351291382508e-13
3042,0.001647989452765619
3043,0.006427158864628699
3044,0.014996704016546465
3045,5.507351291382508e-13
3046,5.507351291382508e-13
3047,0.0018127883981074956
3048,0.0014831905075331862
3049,0.005273566248067131
3050,0.00016479894578316792
3051,0.0004943968362480335
3052,0.0011535926172587792
3053,0.0032959789052527835
3054,0.012854317728680491
3055,0.003790375740997674
3056,0.0018127883981074956
3057,0.0028015820693926483
3058,0.003955174685930947
3059,0.006756756754971035
3060,0.00148319050764263
3061,0.0029663810147345254
3062,0.014172709290430512
3063,0.0023071852337334144
3064,0.009723137769154825
3065,0.036420566896847
3066,0.0011535926172292325
3067,0.0009887936719190549
3068,0.0014831905075331862
3069,0.019116677647651507
3070,0.001647989452765619
3071,0.016479894523807097
3072,0.0028015820695020924
3073,0.004284772576593987
3074,0.0018127883979325245
3075,0.007910349371707509
3076,0.010711931440658866
3077,0.009558338823969057
3078,4.412910529334425e-13
3079,0.0009887936717703607
3080,0.0014831905076148565
3081,4.879550489429645e-13
3082,0.006591957809861132
3083,0.006591957809738602
3084,0.0028015820693926483
3085,0.0057679630836231024
3086,0.002142386288523716
3087,0.0039551746862076685
3088,0.0004943968361385895
3089,0.004779169412291286
3090,0.004119973631160003
3091,0.0006591957812958124
3092,0.01944627553802927
3093,4.879550489429645e-13
3094,5.520489909481307e-13
3095,2.980122749148382e-13
3096,6.022029401215338e-13
3097,0.000988793672110824
3098,0.003955174686066342
3099,0.002636783124237099
3100,0.0014831905076148565
3101,0.000823994726603455
3102,0.002471984178965847
3103,0.005438365193111573
3104,0.015491100852336638
3105,0.005108767302834698
3106,0.01087673038587571
3107,0.011535926166828955
3108,0.0021423862884167068
3109,0.0032959789053596234
3110,0.0041199736314747595
3111,0.004284772576484543
3112,0.013678312454894124
3113,0.0011535926170683206
3114,0.015985497688276236
3115,0.013843111400126293
3116,0.010382333550287969
3117,0.009558338823957234
3118,0.012195121947641318
3119,0.008404746207404806
3120,0.018951878702095852
3121,0.0008239947266803383
3122,0.0008239947267688185
3123,0.00032959789095282063
3124,0.010217534604852124
3125,0.000659195781405863
3126,0.00016479894572038784
3127,0.0004943968363265798
3128,3.5020980260822867e-13
3129,0.0011535926173416255
3130,0.000823994726650119
3131,0.001977587343433897
3132,0.0013183915624887439
3133,0.003625576799634397
3134,0.00444957152214791
3135,0.0014831905076985498
3136,0.0006591957813054949
3137,0.004119973631387132
3138,0.035102175334883946
3139,0.0009887936718358879
3140,0.0026367831242141955
3141,0.00230718523369535
3142,0.00411997363125211
3143,0.017303889249846733
3144,0.005932762028918315
3145,0.006427158864696628
3146,0.006262359919521747
3147,0.004119973631328381
3148,0.0028015820693926483
3149,0.005603164138344005
3150,0.00016479894572038784
3151,0.0016479894528306132
3152,0.0036255767958395333
3153,0.001977587343138377
3154,0.0029663810148130715
3155,0.012359920893034662
3156,0.0018127883979980517
3157,0.0006591957814378088
3158,0.0004943968362995014
3159,0.0029663810148284936
3160,0.0054383651933126494
3161,4.879550489429645e-13
3162,0.005932762028855405
3163,0.00230718523369535
3164,5.229613588070959e-13
3165,0.004614370467150485
3166,0.00016479894579109382
3167,0.010711931440549423
3168,0.011041529331225085
3169,0.0018127883981635673
3170,0.0014831905074813312
3171,0.0004943968362918834
3172,0.01351351350958968
3173,0.022083058661587284
3174,0.03477257744452267
3175,0.0031311799599604254
3176,0.003131179960018426
3177,0.008239947262253388
3178,0.011700725111982084
3179,0.0014831905076263439
3180,0.010547132495426433
3181,0.016644693469104993
3182,0.014172709290696582
3183,0.0021423862882783635
3184,0.008899143043658781
3185,0.010876730385903156
3186,0.010547132495363654
3187,0.005932762028944081
3188,0.0003295978911687369
3189,0.024060646004376476
3190,4.366105188965734e-13
3191,5.229613588070959e-13
3192,0.0004943968362995014
3193,4.412910529334425e-13
3194,6.632375686475322e-13
3195,0.00016479894554718533
3196,0.002471984178974447
3197,0.0003295978910214125
3198,0.0014831905077211766
3199,6.170621083928285e-13
3200,0.00032959789109414703
3201,0.003295978905274338
3202,0.0029663810146250812
3203,0.0046143704671373995
3204,0.010711931441045718
3205,0.0006591957818364735
3206,0.001153592617307417
3207,0.0014831905077442005
3208,5.462443206639755e-13
3209,6.555767595767498e-13
3210,0.005438365193111573
3211,0.007415952535900766
3212,0.0006591957815345074
3213,0.0014831905077185641
3214,3.392665701943098e-13
3215,0.0009887936718358879
3216,0.0031311799598594007
3217,0.00016479894573127882
3218,0.0008239947265181781
3219,0.01104152933105422
3220,0.010052735659805068
3221,0.00016479894586171427
3222,0.002307185233856262
3223,0.00181278839802894
3224,0.0013183915624352487
3225,0.007086354645572672
3226,0.0036255767954695354
3227,0.0013183915622757769
3228,0.0008239947261621639
3229,0.00016479894583463573
3230,6.668405922231472e-13
3231,0.0049439683576533704
3232,0.0011535926172415477
3233,0.000823994726603455
3234,0.012689518783511844
3235,0.00016479894566591758
3236,0.0004943968363776859
3237,3.6145574780752833e-13
3238,5.09857011628744e-13
3239,0.0008239947275007465
3240,0.0019775873428874457
3241,0.003460777850431824
3242,6.428042485042187e-13
3243,0.0003295978908140489
3244,5.972613003919959e-13
3245,0.0013183915623007534
3246,5.344487068630366e-13
3247,4.412910529334425e-13
3248,0.0003295978920316348
3249,0.033124587992068175
3250,0.005108767302802677
3251,0.000823994726788833
3252,0.0021423862883708095
3253,0.0003295978909061566
3254,0.005603164142816207
3255,0.013678312454530769
3256,0.008734344097760229
3257,0.003460777850372972
3258,0.0023071852337352822
3259,0.0014831905075331862
3260,0.00346077785051037
3261,0.008404746207530072
3262,0.003295978905074645
3263,0.0034607778504355956
3264,0.03411338166391154
3265,0.0024719841791563547
3266,0.008734344097965275
3267,0.000329597890990639
3268,0.006097560974303884
3269,0.0037903757409217405
3270,0.001647989453065057
3271,0.016876984349628726
3272,0.014831905071233702
3273,0.013678312454894943
3274,0.009393539878778862
3275,0.01235992089306174
3276,0.02422544494950402
3277,0.022742254442732687
3278,0.012030323002623626
3279,0.006262359919273737
3280,0.02125906393558685
3281,0.06476598547696061
3282,0.02125906393555124
3283,0.0013183915623007534
3284,0.028345418580573024
3285,0.014667106126262831
3286,0.00906394198888014
3287,0.0009887936719043654
3288,6.900243249467054e-13
3289,5.838312220008078e-13
3290,0.00016479894567372383
3291,5.165740033534767e-13
3292,0.008734344097760229
3293,0.0014831905077064133
3294,0.002966381014751202
3295,0.00016479894567372383
3296,0.0003295978906362442
3297,0.002307185233868577
3298,0.0003295978909061566
3299,3.352741059910282e-13
3300,0.0014831905075331862
3301,0.0013183915624119483
3302,0.00362557679564797
3303,4.793553874075143e-13
3304,6.107284909097795e-13
3305,6.022029401215338e-13
3306,0.017303889250003875
3307,6.803874755749192e-13
3308,0.00032959789094422096
3309,6.803874755749192e-13
3310,3.950807108017226e-13
3311,0.0008239947272143739
3312,6.14895398694282e-13
3313,0.002142386288462917
3314,6.122976432098061e-13
3315,0.0004943968362613797
3316,0.0004943968361385895
3317,4.412910529334425e-13
3318,0.0004943968362957312
3319,4.412910529334425e-13
3320,6.458450658606781e-13
3321,0.018622280811832315
3322,0.0004943968362155613
3323,0.0006591957810279834
3324,0.0001647989456312003
3325,0.00016479894573452231
3326,5.377610916223114e-13
3327,0.005767963084450287
3328,0.0006591957815590126
3329,0.0004943968361385895
3330,4.412910529334425e-13
3331,0.0001647989458296941
3332,4.412910529334425e-13
3333,0.003295978905221952
3334,5.301929506604327e-13
3335,4.412910529334425e-13
3336,0.00016479894591282026
3337,4.156232456291426e-13
3338,0.0060975609742569764
3339,0.0006591957813710223
3340,0.002307185233899904
3341,0.0029663810146250812
3342,0.00016479894581380595
3343,0.00032959789113583835
3344,0.0028015820693073714
3345,0.0036255767956893076
3346,0.011700725112084101
3347,0.0008239947267733795
3348,0.0004943968360533125
3349,0.005603164138344005
3350,0.006756756755110697
3351,0.0006591957815614807
3352,0.020764667099642545
3353,0.001318391562120707
3354,0.0004943968363118165
3355,4.412910529334425e-13
3356,6.583567962816655e-13
3357,0.00032959789108926287
3358,0.0004943968363873227
3359,0.002801582069430956
3360,0.0024719841791574645
3361,0.0023071852336100734
3362,0.00016479894605047062
3363,0.0011535926167901011
3364,0.0001647989457950252
3365,0.0032959789052508584
3366,6.14518128704426e-13
3367,0.002142386288462917
3368,0.011041529331149498
3369,0.0037903757409596325
3370,0.0036255767956642564
3371,0.0013183915622290755
3372,0.0029663810147383734
3373,0.0013183915624220548
3374,0.011700725111829957
3375,0.00016479894567372383
3376,0.005767963083233399
3377,0.006591957809524665
3378,6.317495649685449e-13
3379,0.007745550426383905
3380,0.0004943968363747006
3381,3.696131903319588e-13
3382,3.6608132843597483e-13
3383,4.254817690461867e-13
3384,0.0011535926170916217
3385,0.00016479894567372383
3386,0.004614370467113166
3387,0.0004943968361568622
3388,0.01786577802102332
3389,0.00032959789098668455
3390,5.307051939391836e-13
3391,0.010711931440335484
3392,0.007745550426280355
3393,0.006097560973924519
3394,0.0014831905073725401
3395,0.0032959789049731617
3396,0.00032959789108359466
3397,0.0004943968358978347
3398,0.02488464073042458
3399,0.0006591957813205299
3400,0.0004943968363420018
3401,0.0018127883980874658
3402,0.00016479894567372383
3403,0.016150296633312862
3404,0.002966381014643354
3405,0.007086354645482091
3406,0.00016479894576442865
3407,0.001977587343155275
3408,0.0006591957815484603
3409,0.0003295978909968614
3410,0.03658536584196616
3411,0.0021423862883776404
3412,0.00444957152187027
3413,0.001483190507806202
3414,0.0024719841789277827
3415,0.011371127221509977
3416,0.0006591957816007039
3417,0.005932762028967649
3418,0.004449571521716976
3419,0.002142386288213073
3420,0.03790375740397588
3421,0.0029663810146250812
3422,0.006921555700203468
3423,0.002636783124046154
3424,0.0014831905074826938
3425,0.0018127883980163244
3426,0.0032959789049758852
3427,0.0014831905074579764
3428,0.035761371115889784
3429,0.006756756754856974
3430,0.0001647989455985141
3431,0.017468688195003957
3432,0.008239947261848991
3433,0.00873434409768502
3434,0.010876730385706647
3435,0.0018127883977841143
3436,0.0009887936716219505
3437,0.0031311799597823044
3438,0.001977587343155275
3439,0.00758075148105799
3440,0.011041529330897503
3441,0.001977587344764897
3442,0.001977587343155275
3443,0.0004943968363246246
3444,0.0006591957812542373
3445,0.005438365193009435
3446,1.6339537878752126e-13
3447,0.0001647989455985141
3448,0.0051087673025714975
3449,0.00016479894545978646
3450,0.0008239947263916544
3451,0.00032959789083094693
3480,0.0
3516,4.584348472148383e-12
3774,0.009723137772833257
3999,0.012195121947200026
4017,0.01285431772871253
4057,0.00016479894587743707
4311,0.0006591957822569594
4721,0.0032959789050899468
4888,0.0
4910,0.0018127883975567606
4934,0.00016479894862259697
5029,0.0009887936713945968
5140,0.01994067237370785
5342,1.9210940441061208e-11
5389,0.0003295978925028458
5392,0.0006591957815444665
5415,0.007251153590227042
5446,5.507351291382508e-13
5533,0.00016479894640837747
5660,0.0011535926166270295
5679,0.010382333554596414
5837,0.013843111399524355
6014,0.0100527356591784
6123,0.0001647989452324328
6131,0.015655899797081114
6157,0.002307185233254059
6166,0.011041529330572997
6257,0.0001647989452324328
6290,0.0034607778498810886
6317,0.0
6336,0.001483190507091895
6369,0.0013183915652978777
6434,0.0004943968356972984
6644,0.0
6667,0.003955174685578387
6736,0.003625576795113521
6786,0.006427158864064878
6792,0.02610572528264496
6878,0.009063941988288617
6921,3.6608132843597483e-13
6958,0.0026367831237189246
7063,0.004779169411740551
7087,0.0024719841784864916
7126,0.0
7161,0.0021423862883877074
7163,0.0013183915618594623
7188,0.0003295978904648656
7198,0.00296638101418379
7230,0.0004943968356972984
7273,2.273536792233685e-13
7310,0.03411338166347967
7312,0.0028015820692785867
7321,0.0008239947264234088
7325,0.0004943968360633797
7327,0.0001647989504388772
7328,0.00049439684148809
7329,0.003625576795113521
7330,0.0003295978904648656
7331,0.0003295978904648656
7332,0.003131179959416223
7333,0.0004943968356972984
7334,0.000659195783217039
7335,0.0013183915634085892
7336,0.000659195782077187
7337,0.0
7338,0.0024719841784864916
7339,0.0001647989452324328
7340,0.00016479894581756526
7341,0.0037903757457518404
7342,0.002307185233254059
7343,0.0009887936713945968
7344,0.0006591957809297312
7345,0.0
7346,0.008404746206854071
7347,0.0
7348,0.0001647989452324328
7349,0.0001647989452324328
7350,0.0001647989452324328
7351,0.0003295978904648656
7352,0.0003295978904648656
7353,0.001483190507091895
7354,0.0001647989452324328
7355,0.0006591957809297312
7356,0.0004943968356972984
7357,0.0
7358,0.0003295978904648656
7359,0.0
7360,0.0001647989452324328
7361,0.0
7362,0.0001647989452324328
7363,0.0
7364,0.0011535926166270295
7365,0.0016479894523243278
7366,0.0
7367,0.0006591957809297312
7368,0.0011535926166270295
7369,3.6608132843597483e-13
7370,0.0013183915618594623
7371,0.002471984181670464
7372,0.004119973634947521
7373,5.4484444447851666e-12
7374,3.3852119636580514e-12
7375,1.867470033053508e-12
7376,0.0009887936713945968
7377,0.0029663810153888583
7378,7.091320253699124e-14
7379,9.825218998027488e-14
7380,0.001318391564788218
7381,0.001483190507091895
7382,0.0
7383,0.0006591957809297312
7384,0.0009887936713945968
7385,5.824436594978828e-13
7386,0.0011535926167904249
7387,0.006262359920796634
7388,1.2998594702979988e-12
7389,3.45998142639448e-12
7390,3.8107735733313424e-12
7391,1.0613783716671822e-12
7392,0.010711931440503213
7393,0.0006591957810303167
7394,0.01730388925234283
7395,0.008404746207075106
7396,0.002307185233430101
7397,0.0023071852370795767
7398,0.0057679630862325785
7399,0.0016479894523243278
7400,0.007415952539168397
7401,0.0023071852346140706
7402,0.0011535926186945881
7403,0.000329597892228457
7404,0.004119973630810819
7405,0.003131179959416223
7406,0.0014831905086657876
7407,0.002307185233254059
7408,0.007745550425924341
7409,0.006262359918877439
7410,0.0021423862904144707
7411,2.6655589428546616e-12
7412,0.007086354647390329
7413,2.447156956262292e-38
7414,0.0009887936715706387
7415,0.0009887936750549013
7416,0.0006591957816815069
7417,0.00016479894537749698
7418,0.003790375740721718
7419,5.381688166045227e-13
7420,1.342932131313974e-12
7421,0.006591957809873624
7422,0.0019775873427891936
7423,1.1702590542741722e-12
7424,0.0001647989465077001
7425,0.0011535926166270295
7426,0.0024719841798645516
7427,0.008239947262808899
7428,0.0001647989462228108
7429,0.011206328276222121
7430,0.002307185233711399
7431,0.0029663810152543626
7432,1.1637301857112464e-12
7433,0.00032959789149702285
7434,1.202455567060299e-12
7435,0.0018127883983332762
7436,0.00016479894664113808
7437,0.018787079757034603
7438,1.2919074516399654e-12
7439,0.0013183915623471859
7440,0.00016479894621910612
7441,0.0
7442,0.0008239947273611346
7443,4.996904990668932e-13
7444,0.00016479894767578565
7445,0.0029663810148447393
7446,5.757864807420767e-13
7447,0.0004943968363873227
7448,0.0
7449,0.0
7450,0.0
7451,0.0001647989452324328
7452,0.0004943968356972984
7453,0.0008239947261621639
7454,0.0034607778498810886
7455,0.0
7456,0.0003295978904648656
7457,0.0
7458,0.0004943968356972984
7459,0.0001647989452324328
7460,0.004614370466508118
7461,0.0024719841784864916
7462,0.0001647989452324328
7463,0.0
7464,0.0008239947261621639
7465,0.0004943968356972984
7466,0.0
7467,0.0003295978904648656
7468,0.0011535926166270295
7469,0.0001647989452324328
7470,0.006921555699762177
7471,0.005108767302205416
7472,0.0001647989452324328
7473,0.0
7474,0.0
7475,0.0
7476,0.0003295978904648656
7477,0.0
7478,0.0
7479,0.0
7480,0.0013183915618594623
7481,0.0
7482,9.972782984490206e-13
7483,0.0001647989453126628
7484,0.014007910344976003
7485,0.003625576795113521
7486,0.002307185233254059
7487,0.005603164137902714
7488,0.006262359918832446
7489,0.0003295978904648656
7490,0.004779169411740551
7491,0.001483190507091895
7492,0.004284772576043252
7493,0.0004943968356972984
7494,0.0004943968356972984
7495,0.0
7496,0.0024719841784864916
7497,0.0
7498,0.00016479894843427615
7499,0.0008239947283520295
7500,0.0011535926171367982
7501,0.0004943968363519419
7502,0.0
7503,0.0026367831243898974
7504,0.0014831905075797201
7505,0.01087673038537722
7506,0.00214238628816669
7507,0.004284772577326019
7508,6.718449675433588e-13
7509,2.263945288789181e-12
7510,0.0006591957812103762
7511,0.013348714564556606
7512,0.010711931448169032
7513,0.004614370467063038
7514,0.0013183915650370208
7515,0.0006591957809297312
7516,1.7370196178899739e-12
7517,0.0037903757413642386
7518,0.00016479894748475842
7519,0.00032959789114318864
7520,0.00016479894609342576
7521,1.37793628325174e-12
7522,0.03282364875934451
7523,0.022606114154933674
7524,0.005932762029674719
7525,5.2406957846200964e-12
7526,6.421210633223248e-13
7527,0.004779169412291278
7528,0.003131179960018426
7529,0.0013183915623537726
7530,0.009723137769181081
7531,0.006756756755581955
7532,0.023265309935863406
7533,0.0003295978904648656
7534,0.00593276202836758
7535,0.0003295978904922058
7536,0.0003295978911195809
7537,0.0
7538,0.0006591957809297312
7539,0.0
7540,5.638209266351917e-13
7541,0.0003295978904648656
7542,0.0
7543,0.0
7544,0.0016479894523243278
7545,0.0001647989452324328
7546,0.0011535926166270295
7547,0.0
7548,0.0001647989452324328
7549,0.0024719841784864916
7550,1.584578660470918e-11
7551,0.0009887936725606207
7552,2.2217528299089827e-11
7553,2.6110569315466856e-12
7554,4.761318514141702e-13
7555,0.0006591957809297312
7556,0.0003295978907530682
7557,0.0
7558,3.9876749201510013e-13
7559,0.004449571521275685
7560,4.4336880217522326e-13
7561,0.0003295978909913249
7562,0.000164798947979964
7563,0.0001647989463847203
7564,4.44554154510292e-11
7565,0.0014831905234253162
7566,0.00016479894597316695
7567,0.0
7568,0.0001647989457950252
7569,4.10576957501529e-13
7570,2.269647436575577e-12
7571,0.0004943968358733404
7572,0.001483190507091895
7573,0.0
7574,0.0006591957809297312
7575,0.0011535926179508716
7576,0.0008239947262071567
7577,0.0013183915653003093
7578,0.004119973631455522
7579,0.03378378377365859
7580,0.0008239947288035331
7581,1.5932771711802007e-13
7582,7.433436214799851e-13
7583,0.0011535926171347094
7584,0.0009887936716353664
7585,0.0014831905082829141
7586,0.00016479894573452231
7587,0.0
7588,4.4514550477121926e-12
7589,0.0004943968390415674
7590,0.00444957152226077
7591,0.00016479894852664768
7592,0.0013183915618594623
7593,0.004614370466508118
7594,0.000988793671692609
7595,0.0006591957971023716
7596,0.001812788398219998
7597,0.0
7598,3.9188951089501364e-14
7599,0.004779169411777081
7600,4.003602025974595e-12
7601,2.5506648253153966e-14
7602,2.2256223359955738e-14
7603,3.037043062782922e-11
7604,3.483250833031606e-13
