dst,pagerank_score
7188,0.00036450962918719475
1,0.14964893916831248
430,0.0017636323412834887
3134,0.00447945907217263
3026,3.5097739881225825e-05
3010,3.5097739881225825e-05
804,0.005078637303067413
160,0.0003906712743257916
95,0.004659025865099287
377,0.013601174875396268
888,0.03435956261555282
89,0.02580716631144081
1901,0.009923406456144986
161,0.0027054097030751673
256,0.0005855756202291558
351,0.0018167972571656067
3329,0.0005294945755785242
3341,0.003001478754065016
649,0.02501288815544804
1583,3.565574335791572e-05
87,0.02199507851320061
37,0.03724705654911073
309,0.0013023137515242426
821,0.0027039856608347197
1496,0.007507408626486381
637,0.044075879350598375
964,0.002010450195084051
594,0.0038613053036076197
2249,0.016844776154748265
554,0.017103243733591386
20,0.038510341802998
2227,0.06068129558657539
1315,0.03253437936182145
519,0.005829389433505356
1316,0.019811715172408744
2149,0.0038395165677238756
1724,0.0015190750219286676
18,0.5031345926603468
57,0.019572524918673426
118,0.16550880682771493
3254,0.005702052641416051
1177,0.05360815796510708
112,0.05557489207544727
11,0.02464913253232482
586,0.05291796986406603
35,0.06400233930623385
15,0.009101931051762149
1445,0.010418139344356257
152,0.0001977721370647921
2,0.04277996120636906
113,0.025482580165113723
44,0.11148000481712503
2401,0.005968438864640422
10,0.04497733325524448
2378,0.0008599435622553107
126,0.028078333640170716
3245,0.001353489301740688
783,0.04520761393599266
493,0.002240976826837974
1358,0.00023775879931304796
1180,0.008126527182382317
529,0.006915957476289227
333,0.03585367696267578
1538,0.0008666834399607829
2282,0.0008592784672022864
1519,0.015195902794477648
2966,0.0033310766445298814
474,0.0004385193087951569
330,0.01801414947252812
958,0.00018061096347769102
17,0.021011124987743685
1295,0.0016923721564951727
38,0.023393903667837505
1952,3.5283741040122454e-05
223,0.03909028838571052
625,0.020968790991574643
1392,0.03546806011833081
3355,3.5097739881225825e-05
1881,5.775268103483565e-05
58,0.04354932498416881
96,0.047860533748048925
1580,0.01998853542440753
196,0.0005101085613679126
146,0.00222949693720119
416,0.006495150097623866
1198,4.2555127254226764e-05
3319,3.5097739881225825e-05
1867,0.0016863123989033593
896,0.008979404737198438
617,0.011446677139595962
3300,0.0015182882469731208
1877,0.00020476371543812048
462,0.0002530841069204502
3279,0.006297457658713672
454,0.011852557252400748
1860,0.006638570880925828
121,0.002306527873457095
151,0.0010567320234750976
1570,0.0013639306885358004
1573,0.0026742744559784277
1063,0.00024608376027336084
1353,0.005819337218933389
459,0.003835283928750832
2334,0.0030017066337809867
1267,0.0028569071758313283
1060,5.644419459079415e-05
1061,4.468230504842586e-05
7431,0.0029704997726772184
1355,0.00013808038152366128
71,0.04334730351781776
3070,0.0016830871922055536
2113,0.050463760982164554
3001,3.9072653536164965e-05
396,0.008808021260955166
2260,0.0016832731933644502
142,0.017457958838564797
2238,0.0031569156409663184
123,0.03217662482340676
2942,0.0033310766445298814
1509,0.02197172672024611
7410,0.0021916339883471933
1760,0.0005907390969692336
2876,3.5097739881225825e-05
259,0.000306072431873738
1493,0.0013551505949641648
2845,3.5097739881225825e-05
370,0.020882433760710577
2844,3.5097739881225825e-05
2167,0.0015189992893780168
156,0.01077272593087615
2808,3.5097739881225825e-05
255,0.0030094213340177765
736,0.004015019987096922
7603,0.00032239048284484585
346,0.0048938194090075325
9,0.004003033432059305
75,0.018527073953472976
175,0.00477614586649717
2754,0.008275045001502864
22,0.04761438606060725
155,0.017189207477570443
1261,0.0013488824455082913
2552,0.0013541879045185913
2586,3.5097739881225825e-05
710,0.0006980245897413104
578,0.00012905351682669346
472,0.0002913026004739303
2472,0.002180418712854332
1606,0.0723876379330768
4,0.026198255635309343
563,0.06438035463792986
744,0.0019100261716933418
3422,0.006956653439643403
250,0.0062913281751414115
249,0.019426300104279013
2427,0.0012261385898327773
3414,0.0025070819183677174
1590,0.0005341339113669063
2305,0.003661512928278132
1900,0.009927521285497964
3392,0.007781644740435866
1065,6.059512766370655e-05
1147,0.013396578936397454
1072,0.0020252157428890106
3375,0.00019989668511365862
1024,0.05025474220277699
709,0.008059468597578336
1382,0.00038578489858674323
3332,3.5097739881225825e-05
1885,0.020809422541446188
3330,3.5097739881225825e-05
1197,0.000837040755169107
3316,0.0005294945755785242
1886,5.06120079728135e-05
154,0.022004007586027958
1522,0.010588838746520075
2391,0.0012448627064950383
3298,0.0003646956303460914
432,0.02873836545280041
3292,0.008769441837200163
3290,0.00019989668511365862
7597,-0.00010448010102409156
3274,0.00943219644030345
1875,4.009083765782875e-05
291,0.010759050760151732
158,0.002735036567994768
1579,0.004495251374962045
1846,0.008285837252437532
1066,0.0012635601045527633
290,0.007623647108984194
3233,0.0008590924660433897
891,0.0015408791026158785
247,0.0008989324746071222
1856,0.0007325579024848119
3211,0.0074510502753407015
115,0.028414393934641624
1365,0.005654232447878222
483,0.0014772330450445745
3210,0.005473462932551508
3189,0.024095743743816414
3193,3.5097739881225825e-05
2352,0.0003651414426475738
1847,0.005640721097891017
3173,0.022118156401027222
1051,0.0005652154135813934
1843,0.0005306665284035165
2342,0.008277385516085646
7341,0.004013495212781254
3139,0.0010238914112758225
1186,0.01505468408561597
3167,0.010747029179989357
3149,0.0056382618777839405
1842,3.850212472890964e-05
3156,0.0018478861374379863
3141,0.002342282973135285
817,0.002498582366372502
1840,0.009915941985394517
1839,0.0013539450611726295
2324,0.009926070797069721
3143,0.01733898698928667
3142,0.004155071370692045
174,0.00011179421539446456
2315,0.000529722455294495
1356,0.00020278316151595442
1835,0.013219624667201968
296,0.02002094038563483
3118,0.012230219687081252
1542,0.006629369258591294
3111,0.004319870315924478
753,0.00020596114856340033
3088,0.0005294945755785242
395,0.06629267845235493
3068,0.0015182882469731208
3042,0.0016830871922055536
1442,0.010089814048849826
1339,4.134905923243853e-05
596,0.003185881506023905
2281,0.0110825399494002
222,0.019815354663901854
194,0.0022534782347281637
3064,0.009758235508594759
1812,0.001028120862525751
1796,0.00019036855922898257
701,0.007258914771154588
124,0.028711888827624755
3057,0.002836679808832583
7427,0.008287046483508073
2276,0.010913410444939728
2271,3.977876904679107e-05
1525,0.0010301726108304604
2235,0.005995945943242198
3027,3.5097739881225825e-05
2090,0.003698122768319269
1342,0.0003670699579194272
331,0.021258486432011843
3023,0.0015182882469731208
2261,3.6502048630895396e-05
68,0.03886011044193358
116,0.03092812135266646
1043,3.417891534399215e-05
3020,3.5097739881225825e-05
491,0.00037497459232612855
179,0.0003301654135820221
2252,0.008934925811090972
214,0.0020678340825235723
439,0.012593465055020514
2147,0.01898755853850205
1167,0.026583665093388893
697,0.04159196325850892
67,0.0357915684671584
1793,4.6445689373505214e-05
258,0.00016544417264303555
1340,0.0005494900440276009
2996,3.5097739881225825e-05
1520,0.026733084871012027
1336,0.001016087074655665
30,0.07222643644815298
178,0.0037431783326054907
747,0.00308053110308557
2962,0.0011886903565082553
2952,0.0005294945755785242
455,0.005216550597922335
260,0.0006249887727988856
623,0.0011513171179963737
29,0.06156059757634378
1510,0.014708812377330894
2927,0.002177484027902852
301,0.0724370293688974
2907,0.000694293520810957
2909,0.0077806481658055674
1148,7.704236977212558e-05
955,0.019984205494755245
1502,0.0011979184038808572
2853,0.001189268605009043
1500,0.0013979866142792379
2178,0.007123389362461588
1320,0.0020713820326566084
874,0.014131616722656613
2177,3.657595961772011e-05
2892,0.0010238914112758225
636,0.007574896932692513
1034,9.641214703812711e-05
1494,0.013221659784144598
276,0.0008843856288855784
1318,0.013252451708377237
117,0.03581821510650381
1492,0.0015751025666740385
1302,0.00048147498952914023
1313,0.00800510422718137
1491,0.0023560218592968514
2870,0.005308663987319075
2181,0.004325220063542267
1309,0.025590562293469586
1750,0.011246718594117076
2848,0.004319870315924478
1458,0.0026792856078492705
951,0.005669740317038873
1029,0.09497748363464772
2176,0.01453924663672832
2846,0.0003646956303460914
347,0.00018923073175382125
2173,0.000806638220784523
2826,0.0074510502753407015
1742,0.003993094006982164
2166,0.0002040575999274944
2823,0.00019989668511365862
2820,0.0016830871922055536
2814,0.010582230234756924
1736,0.003502524007997465
1025,0.017345919135069
1482,0.001218141554957981
1483,0.023465999161336407
2152,0.012232466581080724
2806,3.5097739881225825e-05
1128,0.01619136194017151
2801,3.5097739881225825e-05
2795,0.0008590924660433897
1290,0.003335214395536887
1288,0.04602156112156381
1436,0.029702028567829504
2498,0.03200609311497318
2784,0.0003646956303460914
587,0.0003763154438193297
2780,3.5097739881225825e-05
2779,0.0003646956303460914
305,0.0014233314524713465
944,0.007019121899019079
2129,3.5493319810710216e-05
683,0.020330384410887126
42,0.011925430348535954
1136,0.0005347387429477968
1283,0.04437500961223404
2127,0.0013556497767401798
2093,0.00036558023428289116
1284,0.002016205927840481
72,0.05331359124596742
264,0.0014211967408257699
2756,0.0008590924660433897
1285,0.00531659288094163
613,0.0020053286732187228
304,0.00044835369812419384
1282,0.0003741479546553422
4721,0.0033322469018212727
1475,0.017011794258337282
2746,0.005308663987319075
1715,0.015701443623100234
734,0.0012273800924445005
2108,0.00498842815518534
1923,4.914082737792157e-05
1465,0.009106339578215618
2742,0.000694293520810957
2117,0.0013010350564818213
1720,0.007626729450525529
90,0.08005464224923989
2731,0.0003646956303460914
1457,0.010146618416487655
2725,3.5097739881225825e-05
2109,0.008284407059833994
543,0.00257737660157554
2102,0.003664078919842431
712,0.018596003528039754
231,0.000555113303921627
2687,0.031511696279275886
1708,3.8842563213678025e-05
1129,0.04682608374210446
76,0.03343300289727542
2065,0.03139935157930232
1251,0.007330759182537987
1248,0.013573401998834986
725,0.11450383440128128
2559,0.010582230234756924
507,0.0002752784619610581
1942,4.258738654613022e-05
1232,0.006631056638037369
534,0.022700444455678603
994,0.026317590982671894
503,0.00022964922347243469
2448,0.008275045001502864
846,0.016855367665977707
1028,0.026733642874488716
2367,0.007945633112196896
2296,3.5283741040122454e-05
379,0.002285963853261777
3421,0.003001478754065016
3418,0.004484669261156911
3402,0.00019989668511365862
3385,0.00019989668511365862
3367,0.002177484027902852
3349,0.0056382618777839405
545,0.018695222346793664
1589,0.01205757273888416
3339,0.000694293520810957
2402,0.0008665821127082942
3335,3.5097739881225825e-05
3317,3.5097739881225825e-05
1862,0.0010411752112717558
3313,0.002177484027902852
3295,0.00019989668511365862
2383,0.000861135096952
1195,0.0007058542443562166
3283,0.001353489301740688
2375,0.04420360537493861
292,0.0003135898966605245
3256,0.008769441837200163
3259,0.0015182882469731208
3253,0.0003646956303460914
3247,3.5097739881225825e-05
2368,0.0005331185981583167
1574,0.03926349509019876
3215,0.0010238914112758225
3202,0.003001478754065016
2351,0.00203140919933268
3163,0.002342282973135285
2338,0.003991442682751005
1521,0.03287221710362544
3148,0.002836679808832583
3124,0.010252632344292058
3113,0.0011886903565082553
3013,0.0005294945755785242
1826,0.00010626190769056826
3103,0.005473462932551508
1822,0.0033416389667496184
3101,0.0008590924660433897
3083,0.0066270555491785375
3084,0.002836679808832583
3078,3.5097739881225825e-05
3062,0.014207807029870446
3059,0.0067918544944109704
2273,6.318391487461732e-05
3048,0.0015182882469731208
523,0.004161328351496892
373,0.006728930429549991
1331,0.0005377324490549832
3004,0.008439843946735297
3006,0.002836679808832583
810,4.451397677275253e-05
3000,0.0011886903565082553
2999,0.0005294945755785242
2989,0.0003646956303460914
1337,0.00021129942477532534
2941,0.002836679808832583
2947,0.0018478861374379863
2945,0.00019989668511365862
2926,3.5097739881225825e-05
2217,0.017998893812621295
1505,0.0010278600149007835
2920,0.0003646956303460914
2782,0.0026718808636001503
2904,0.00860464289196773
2898,0.0020126850826704193
2198,0.015691941610071362
2881,0.0018478861374379863
2185,0.004815211224730799
2858,0.0025070819183677174
1749,0.06810322136977802
2837,3.5097739881225825e-05
517,0.0003100035705295022
2163,0.008441322166471792
2830,3.5097739881225825e-05
2632,0.009099039727665029
796,0.0028612022818821506
2810,0.012395018632313685
2144,0.05639693778316989
2136,3.569851367787591e-05
2793,0.0025070819183677174
2786,0.009923034453827192
2783,3.5097739881225825e-05
2775,0.030687701553113726
2772,0.0015182882469731208
2771,0.0020126850826704193
2767,3.5097739881225825e-05
2764,0.0003646956303460914
2763,3.5097739881225825e-05
2752,0.004814267151621777
2750,0.016350193317892073
2747,0.0033310766445298814
2119,0.007451457321355098
2744,0.016020595427427207
2743,0.003166277699297449
2707,0.013713410194173147
2713,0.028215717374627233
2700,0.006297457658713672
1413,0.001046977629841819
2695,0.0064622566039461045
2619,0.0058030608230163734
2605,0.011241426015686654
1117,-7.231863127274501e-05
300,0.016798851007576613
7348,0.00019952468279586534
7425,0.001171143819596802
7557,-3.900994249760133e-05
7589,0.00032558966825639677
1368,0.01767305702401315
164,0.00526903420676307
244,0.0025256977873878966
62,0.01307130953487044
2244,0.03810734785933531
148,0.0014188017631080285
7403,0.0004931544569458921
52,0.006950496566258174
159,0.008150185575399085
66,0.06775710189885681
60,0.02512011522583454
585,6.46496285547405e-05
97,0.03291464397550718
2006,0.009593816530465264
1421,3.9024655806889274e-05
353,0.011742876966938664
51,0.051833270477647755
185,0.012175837249917202
312,0.033905644028037335
168,0.007216539270190504
354,0.03405991125751143
108,0.025588968677938723
91,0.015858263632365418
40,0.13595264882739289
271,5.874643095835709e-05
119,0.028355359875098168
54,0.04212190334894217
375,0.0249911627470444
177,0.004492224661082851
31,0.09577928702883348
47,0.007935252792003035
23,0.012705340176117628
74,0.0848739660042364
165,0.04493251801945831
306,0.009969509087674794
8,0.020016700435106567
242,0.00521995760947145
412,0.002926227894325353
381,0.049211385364558595
561,0.004278574335831691
216,0.008403828697899005
107,0.05863788798215679
681,0.06816463075677812
79,0.042912201814965883
272,0.0007986925407518477
39,0.035251552317486876
150,0.0014418427160040454
181,0.001258733586541071
109,0.023476695012959646
2404,3.547770698416076e-05
24,0.04158442438862022
19,0.07766817687119794
7,0.009260413421373032
348,0.003645080631554882
473,0.004146678516538876
1921,0.0002524276187758469
99,0.009189294013693257
1380,9.62567840862619e-05
73,0.028976753845849742
85,0.05801675371322936
189,0.0029820241719212006
787,0.019718057885081818
133,0.030961834825779064
1709,0.011242731006185272
658,0.005350652427687693
293,0.0058794438939761065
768,0.012751495554017845
45,0.05026349666751986
471,0.00038250235013446976
1632,0.008605776850345656
281,0.007280944779119153
269,0.008910831902426634
2336,0.00380129108894959
206,0.002567824761649803
241,0.00846445463576783
190,0.000848298530050129
7577,0.0015566789435930803
798,0.003697103450266869
211,0.004665732646605661
140,0.04054734271379328
217,0.018643584461196083
182,0.00038347351726426664
236,0.030505101847146363
777,0.01128523776795084
1098,0.0022299632416926626
106,0.013867614566311548
237,0.02029808296973203
1401,0.08600911798138838
1409,0.060519057078612375
769,0.015238523967948281
1209,0.004832166936997901
917,0.02016079161030895
114,0.005124495299937377
2698,0.0020127820656424384
1127,0.0031717993524193367
1009,0.015322782382315752
1386,9.749728818128738e-05
173,0.00044511552582561774
43,0.04959425864812988
647,0.017211252315080514
5,0.03188858653239096
1156,0.004501175963833
553,0.017719822840617187
170,0.0004078703331732114
93,0.05030966189793572
145,0.013375794341512462
1523,0.008114790836077336
350,0.022975056392210792
77,0.11466570012401037
1785,3.7117205613879896e-05
166,0.003150216201738344
489,4.802382654873959e-05
25,0.022590875099270137
83,0.05686096332914922
277,0.011906355424546678
70,0.004683764203288786
1487,0.005202675356394494
270,0.007217437436308909
871,0.000572093084875538
389,0.015798728210751924
544,0.010015363064201777
2631,0.017670271290258863
672,0.0032464019770561767
137,0.01486667399757668
424,0.00795344843514283
65,0.05463050340242177
1693,5.631936729271892e-05
475,0.0029041648153020003
449,0.07724407026500806
1998,0.000691581886283637
1977,7.264295617776696e-05
915,1.7986368016024163e-05
63,0.04528651784552669
1957,5.766366284795817e-05
1635,0.04720730176765304
508,0.015782495549668245
2499,0.011241522998658673
2497,0.023601443891091135
299,0.04799324981166689
1225,0.01519776763376062
238,0.0168680565103856
2488,0.003990369408431632
1936,5.1243965706611544e-05
382,0.05429187490831899
355,0.0028627171485232023
1090,0.001139291966977913
1222,-1.8268409265862708e-05
21,0.04021910205060774
564,0.02052745844332783
2459,0.00019999366808567777
774,0.0004983748499370003
209,0.0004286475673556362
1922,3.565704672144895e-05
504,0.00030545699856193183
987,0.009271185971719905
2446,0.02112945971260464
986,0.006818665148528707
1603,0.0001484834959358325
446,0.04113971712121117
436,0.02703969461326934
512,0.0023715449108080208
767,0.0018797785643194008
469,0.002456752203884993
188,0.001981700026538929
257,0.008078053512017161
7400,0.00751529985193418
263,0.0003936366573690438
562,0.008146655107905501
1691,0.007207649580110044
14,0.0352816502864069
13,0.06306599348945559
139,0.021916723032624284
318,0.021611837217082607
862,0.013846625153455229
251,0.00500551520184706
111,0.02518072006870349
16,0.01252180327540697
5342,0.0004539139131362023
3,0.013907754361943532
219,0.0013345137653816917
268,0.0005468376811558753
2839,0.005143962025058661
1929,0.0005857639085373263
420,0.025073371620232467
532,0.0012709898955705137
7401,0.0021560828625937158
200,0.006175811363083325
402,0.05280195502506749
7508,0.0003424447429950566
7552,5.931637830371884e-06
7500,0.001243200414629075
7482,0.00014616357699897715
7583,0.0011884455819652522
971,0.01586310021137023
92,0.053535653010821825
7336,0.0006908184557515496
1545,0.00465019372409433
103,0.07346893426361607
207,0.0012615204015851097
6,0.04149738768982405
7380,0.0015370461963045057
287,0.009528241096907064
754,-0.00042086559701156803
26,0.038588727840197
34,0.1356106381226331
525,0.0007013084493389834
56,0.0009985836400794323
1849,0.02310744771041083
557,0.03251416091284807
208,0.005613360786283868
1558,0.026734194762815744
2346,3.536749815427064e-05
974,0.007634523136908793
262,0.000502538871310355
2001,3.561008086778856e-05
815,0.005941780792048261
120,0.03820476295860588
492,0.011434361701413697
1175,0.0046001582374251915
32,0.020888084118405096
172,0.032387665827242826
1347,0.00040279705095380686
1338,3.6051137302182804e-05
105,0.04506094683671414
818,0.01403981746686773
890,0.006833218527918027
1362,3.6694146733293984e-05
1547,0.0038261989979321664
1056,0.006137220508537533
2280,3.571564847790759e-05
879,0.05593117803945342
36,0.016821307308664112
590,0.041674755680300726
3260,0.0034959174683193883
1174,0.021131481783378484
3198,0.001518330125530195
460,0.001401980934321028
3200,0.0003647375089031655
589,0.002493612023932937
433,0.0833061518500705
81,0.06363976618170455
7509,3.2484181133113767e-05
973,0.04372252567656873
1555,0.0003656390806365893
3154,0.00300152063262209
7595,0.0014522448453577514
1361,0.003660447727993854
2331,0.0016861654140051566
509,0.0004218779623030281
969,0.01587260278212966
197,0.001716998179048023
621,0.0015307090281917533
1036,0.026096297664589332
1054,4.0895854323210686e-05
1818,0.01058272787274594
358,0.008500844540581982
748,0.013132055189530395
88,0.02955338817138922
163,0.0029822802356439626
1576,0.04255604865675769
2353,3.536749815427064e-05
3221,0.00019993856367073268
136,0.194730946789289
1367,0.00016695739974061728
7512,0.00942389903555008
757,0.0015784833910457586
49,0.08611955605515938
646,0.024232933605182243
2328,0.0158595831840843
1360,0.005644038131570249
7377,0.002999549070287683
2321,0.0028369495671056277
125,0.11074852209871752
1548,0.0011897269728015976
1837,4.129664779120556e-05
1834,0.0010247402659404837
703,0.009900131348974628
1456,0.001851671333019483
7406,0.0015454871074682495
1832,0.006461278087774998
3105,0.005143906920643716
641,0.003977821018675775
320,0.030091680014814447
885,0.0007143575204157081
632,0.015212517110866032
2300,3.536749815427064e-05
702,0.017714879963081413
228,0.0020686223243923736
752,7.411051336645809e-05
2291,0.007286521088381313
656,0.015558258822294828
877,9.88080512405572e-06
2293,0.0005231662397227309
650,0.0431733322501935
3328,0.0006943353993680311
720,0.0241848696611824
1379,0.013723337932299625
3275,0.01239506051087076
345,0.024352517299969515
336,0.008250132621672039
295,0.07232183387709246
1375,0.0015248211526397788
435,0.004082800601144851
7390,0.0002951559281754
12,0.06565687861128744
1853,0.006633933216358342
1184,0.010739661692238445
1064,0.0010362334810863829
1560,0.0020156196751382484
988,0.007635844588679226
203,0.008824587008752554
976,0.028718767616691197
289,0.03715847264037637
7394,0.017418938298827052
3203,0.004649510084946418
1844,0.0026983625437481105
2053,0.010749951691879088
1363,0.0003699116531206587
3181,0.016679833086914012
288,0.00449822275151101
2263,4.048936605608877e-05
3132,0.0013535311802977622
1059,0.011700974923321585
2332,0.00020261343747962713
691,0.007687050609722709
1550,0.0033291010654465853
286,0.013680668317050254
205,0.0014922487133378673
1359,0.0051439055654904755
1459,0.003662255374128105
135,0.10449446446784573
7432,0.00014288839886749272
1815,0.04438668415008216
3127,0.0005295364541355983
1836,0.0034935769537366057
266,0.00040293276560195477
2311,0.00366109984256197
2308,0.004485353109428119
27,0.14914296351838413
755,0.0008858830826894081
2306,0.0013537590600137329
5679,0.010456099865317595
1790,3.491631462024025e-05
937,0.00018783213032251106
100,0.048651843498878224
53,0.0446849626016499
2298,6.322579343169139e-05
3087,0.003990314304016687
1274,0.06217134674694814
227,0.0004022500741759836
1348,8.507059620432922e-05
2295,3.536749815427064e-05
394,0.03932408413166472
3043,0.006462712572501342
2285,0.01768735087497087
1536,0.00616141022667716
883,0.0589060451233014
199,0.005299161997835819
2290,0.020965369912616945
1816,0.013054720189793716
1524,0.009949985593332619
1169,0.006654626209572806
749,0.0037275882587741818
876,0.0012249886749407923
33,0.03521285866008844
1824,0.00036519326833510694
7525,-9.299454858574317e-05
638,0.0004496264450587559
162,0.000551488621694768
886,0.0012189033213277868
2903,0.0008591343446004638
3049,0.005308705865876149
7604,-0.0014590986990200901
215,0.018201570675897324
479,0.00016250926397086115
302,0.010733907195071439
131,0.008941845536444634
859,0.00041113732039937967
437,0.01299792575987227
1398,0.10254127029856738
423,0.005106105390446381
510,0.0010521893811738605
224,0.0029509560060488344
7582,-0.000296867952146581
311,0.007727141739928056
1230,0.005318063959267166
1239,0.004486371406216058
567,0.0012079647173231544
466,0.005036914440982898
1085,0.0043212263008436495
771,0.015369860645479922
1270,0.0038350675002828917
1264,0.013554981517366631
3774,0.009944159033355063
1003,0.012893417292840832
367,0.011532525441767529
1107,0.0029079522446171574
661,0.02080674674322266
274,0.0003722106297543579
654,0.012492365008424879
910,0.0038302753319942808
1091,0.0003666046556235729
84,0.010067708258726578
531,0.000381009958738873
501,0.00011757286033501663
583,0.00040893173800170556
1702,0.008605324507292829
3356,3.514775699958458e-05
733,0.05547610053524714
356,0.007443509790696525
1678,0.008275567055175733
1010,0.002402921787113802
7596,0.0028590150662606536
781,0.010435082660457524
2017,0.0008593785014390039
2002,3.5383775276839976e-05
572,0.0005290490351413196
202,0.0010349653724154944
664,0.04980944327983244
1636,0.01953799122434292
326,0.021073756515523095
341,0.0018477271165158148
538,8.531475304286928e-05
1233,0.008280361396598787
2492,0.004814317168740136
536,0.003218647514843066
1621,0.1264361747685528
1415,0.0013554857131775665
323,0.007919047354347446
1611,0.0019255164885514115
609,0.007033510382069486
366,0.016764978199308028
848,0.035429441684824294
1602,0.002507603972040587
365,0.024518247127139688
419,0.014799441996840346
841,0.0008813976155422895
468,0.001512301407067992
193,0.017896838667679268
2103,0.0016839756026072973
2405,0.0016956199537654197
411,0.02572149382846406
807,0.00019422186036361006
1038,0.00041885600109929
265,0.00011147331179059144
2201,0.027392008683860682
361,0.001007264013339459
1737,0.0013653745626530536
1139,4.5625315972780395e-05
386,0.02480757565079173
727,0.025813213353565526
1108,0.03335028428799957
1642,0.03761935020529493
1109,0.0054966899444963465
918,0.08182788139523788
2511,0.026732576884653695
570,0.004369565453962275
716,0.014177125273283677
313,0.0019763741866392443
718,0.01072080624478272
1615,0.021515419005479885
1218,0.008845838597900984
1086,0.0016317529135886034
2485,0.0023423329902536438
7569,0.00042398786877784065
1088,0.00023887922827794548
535,0.0006286149174414854
2467,0.0015183382640914797
2468,0.0011887403736266142
2465,0.0016831372093239125
401,0.11944672962837043
772,3.236353300353409e-05
2454,0.0023423329902536438
773,0.020498906831492844
711,0.0025180640962156877
7550,0.0004132710574118756
842,4.6686205370382884e-05
153,0.0029763195012810703
2442,0.0006943435379293157
840,0.008299017076479516
2439,0.0026719308807185093
1908,0.03778814930272339
1087,4.914303059091601e-05
1909,0.0793021921393556
626,0.005166303696005663
7327,0.0004038310126704446
2024,0.009593722598757942
1634,0.007288784259503353
380,0.005200240207947852
2997,0.00036474564746445014
521,4.4008011030460084e-05
1322,0.007157780352703999
2868,0.004155121387810404
2740,3.514775699958458e-05
2709,0.0025071319354860763
603,0.0004632159749170165
191,0.01851450270250205
248,0.005646854184347535
372,0.011712843745587466
982,0.008908617293797862
1372,0.0022136540199298453
335,0.020534320680153657
1192,0.014417660510658483
893,0.0005476131679181843
59,0.08562389546895507
904,0.00071968193636625
349,0.020033994074010502
61,0.048179844400949315
826,0.022751870469977984
122,0.03297524825418581
1872,3.1166915389876996e-05
391,0.005046582029454024
1068,4.380278125310159e-05
7591,-0.00036320448024006484
82,0.015382623419548713
3307,3.366346427817846e-05
3206,0.001187256080905208
434,0.02608417385078144
597,0.026233178444289955
684,0.043656174225226885
801,0.0011974736026429188
1373,0.0001972141350664605
110,0.035637198477760375
7126,3.491173872232919e-05
1535,0.008772231540981073
528,9.966000949508448e-05
198,0.031717572083633065
3336,0.00019846240951061124
602,0.001290428829777304
2395,4.2635436845511846e-05
599,0.009089816681040199
245,0.008658572950677998
1819,0.0020127793063867403
3309,3.366346427817846e-05
310,0.01602180157500722
695,0.0002924313345175568
280,0.0011082651121657068
3009,0.0008576581904403424
2386,0.012394348606370321
484,0.0015464116531935864
2354,-1.2696728419246597e-05
1194,0.0003379303600399195
2333,0.0018452816045435476
825,0.005051223372390415
1378,0.0031688318054109033
1868,8.234616760005703e-05
1854,4.302552260930895e-05
1376,0.0007015307509241059
692,0.006720944049310637
7444,-0.00030080583919336813
1859,0.0007033131564957724
3236,0.0005280602999754769
2363,0.0004718879499886939
3231,0.004977631821251161
2320,0.0061391498409280034
706,0.00016104863085943992
2335,0.006960836399039034
141,0.05977406401283839
7531,0.0073640351752226624
46,0.06515461853788095
2360,0.00023591064283513322
979,0.019374393501776038
7568,0.00011591752921812936
1551,0.009440934361412506
1176,0.010803627068186413
2397,0.00015356989971433533
7559,0.004482383314276935
2408,0.016096658903118802
7578,0.004072823418945283
7503,0.0026828303396877204
7480,0.0013657860450232988
7479,4.739448316383652e-05
7510,0.0007072858969107414
7532,0.0006887620381806972
7522,0.010172204395012754
7523,-4.5330209398077967e-05
338,0.0016257289040768916
7544,0.0017150039428998158
7447,0.0006541360188347009
7521,0.00047783236083448683
7477,4.739448316383652e-05
384,0.016432914869382656
7575,0.0009043208441690891
3516,0.0001234518390510579
7423,5.699059295324528e-05
7485,0.003674141535568749
759,0.001892037735455593
946,0.006915619159169658
7585,0.001453494636575704
7563,0.0001956871688105356
3133,0.0037876564928337065
7433,0.00032249681020868874
7516,1.0730999316021713e-05
7457,4.739448316383652e-05
314,0.009443452132590865
7514,0.002018050722051853
3305,3.53575510238116e-05
524,5.3285043127931675e-05
809,0.0008732616209922266
1057,0.0020189187786528694
1541,0.009604643973977839
1371,3.714080022974121e-05
1571,3.507891833538509e-05
1185,0.026904673579903615
1566,0.005308645165773234
1350,0.005310840331757724
549,0.08084286596770826
526,0.005197783916179112
431,0.048270611556975505
1546,0.017999780018263432
1461,0.0029520244345822362
458,0.0002565288700205867
1374,0.001027479533694281
7420,0.00022567665463199866
2376,0.006960275733398864
3222,0.0023425427842778705
3158,0.00052975438672111
2326,0.001518993870417189
728,0.049429146152067
278,0.00014625658344789134
1830,0.00499869199437319
7415,0.0009615864981692399
104,0.06616498290242295
1157,0.01088042225166854
2384,0.0016821767460567481
2371,0.025747737830615777
1578,0.00019863246937168233
3176,0.0031665375104400345
3155,0.01239527844345627
1254,0.024921948709940148
1179,0.19203182860948645
1055,0.00022039716126083766
7554,0.0002933581069994564
522,0.00013510886471145096
1152,0.01850545923214571
3112,0.013713670005315733
3096,3.53575510238116e-05
3066,0.0011889501676508412
3092,0.01948163308845088
750,0.002497271986173441
1346,0.01997940407268307
149,0.001849985388809981
2292,0.002700226849736128
1776,0.039925368888413366
7528,0.0030411426685503476
1450,0.01174290359073922
408,0.03861101313641532
138,0.05443277251884146
1069,0.014045942769589493
1395,0.0026739239239486658
41,0.0062655088178644085
3365,0.003331336455672467
1865,0.006464154775296637
3229,0.00020015649625624438
3192,0.00052975438672111
1178,0.07635107822967861
7551,0.000986263876184273
642,0.006703413734024184
7587,-0.00018541606736927397
7517,0.0040328087482605
7536,0.0007218238316774993
1151,0.0007165764596467736
429,0.048689041761195095
956,0.0070918400073083756
640,0.028022994132622138
2211,0.001195994002014263
98,0.02199565780706563
696,0.03143479507141932
878,0.0016484972089427085
1782,0.0016941356610440136
1768,0.004990114565692669
1310,0.0046588574733293425
417,0.02173071409497274
666,0.0019035798881138202
980,0.011942534963461461
645,0.06697973872470618
371,0.004929977701033589
7562,0.00023146432701899675
1171,0.028563887555789844
2981,0.005641820699957496
506,0.00010224794113436482
1325,0.0008721039695996802
2922,0.0013570481239142437
686,0.04061056784639341
1287,4.793824583449824e-05
1495,0.009274322730563805
2192,0.002679184509106158
2866,0.01305777323541697
497,0.0016108654983516253
2361,0.004709199378549683
3378,3.8656562054781396e-05
2381,0.01668574034329589
614,0.0019370169930174954
6369,0.0015382040466823213
253,0.0003893752567316329
6014,0.010087647397900728
3145,0.00646581542611966
1649,0.014270574545273314
3002,0.0005330533977520798
2302,0.005478894166391289
2301,0.00399607814163264
882,0.0007162452386998497
221,0.0017562836888495455
7590,0.004656016966874119
699,0.034025694524576745
3019,0.0010274502334493782
1046,0.001428313511864765
7501,0.0005404713731570329
3011,0.00036825445251964696
1162,0.0005400388376784633
204,0.0013275737793110502
1516,0.135047599133525
743,0.0012353215790103572
2987,0.002016243904843975
1153,0.003037804780397528
1033,0.022947964436426625
7588,-0.0008899041731320903
1784,4.148255244586903e-05
362,0.005674706092439074
1308,0.0007337162279760739
7442,0.0010260899052638097
319,0.033042464337798595
1757,0.0033375919061764256
2210,4.059353964053253e-05
2923,0.0023458417953088405
2209,0.001029530690856296
7565,0.002547793865256283
7600,-0.0010806185761122837
452,0.043637640545313404
2869,0.00943219644030345
2889,0.0015218470691466764
687,0.005218045017562374
7566,-9.09159247339174e-05
2142,0.004159230966662251
1731,0.006137400406342499
2358,0.0005910981594050888
321,0.0012273428600723109
7602,-0.00026317022438286647
7601,-9.251817703418573e-05
7599,0.004753576249567072
7598,-2.559316217347986e-05
7594,0.0011386937173404194
1499,0.0003794889225170036
2307,0.00515116868759265
3351,0.0006978523429845125
3177,0.00827860382367642
3052,0.001192249178681811
407,0.02470710564375555
1317,0.003508709347140148
7540,1.831293088640796e-05
7567,-1.7452530781115564e-05
7504,0.0013926506641770756
7398,0.005778063193253731
7507,0.004300432939323683
7558,0.00011463817637402457
7574,0.0006175088605791744
7586,-4.656716448430862e-05
7484,0.014109437858071594
7513,0.004674752635747286
7506,0.0023351299614907633
7417,0.00029245082290890734
7505,0.01093751544890529
7483,0.00024374821388851905
7535,0.0003829007082013128
500,0.00278930685917834
1518,0.014377101003109545
600,0.005689567197446261
2330,0.00020415766166204897
1343,0.000866293392247297
892,5.835192968829335e-05
3018,0.0005281383171282363
487,0.0014277660719263065
308,0.0006868149169578433
7515,0.0010545467654005844
3159,0.003000122495614728
3131,0.0020113288242201315
3116,0.010416075031074203
451,0.026617435158272047
962,0.0006006630623333939
2253,0.005311468643682623
2921,3.374148143093788e-05
1159,0.0002052178977020431
201,0.0026863997178214007
869,0.00011901295063145609
157,0.0003080026182421253
3028,0.003164921440847161
981,0.01470897807929206
694,0.013139573642730098
1556,0.003214540350002153
1788,0.00728622207003049
1041,0.00015443011354268144
1298,0.0007582235255401094
961,0.005015918862060779
2955,0.004648111947939056
2172,0.0001991444304266694
284,0.000599817076974541
1896,0.0176677605564337
3400,0.0005281383171282363
2344,0.010584178232188211
128,0.1404848263885398
2389,0.00019916805068556935
983,0.016522544640409306
707,0.009680898511032675
225,0.04107307747984279
3369,0.003845155665446184
393,0.004363492173937353
591,0.0014661692700636113
547,0.026292101108177323
739,0.0015881538253991747
592,0.008860268888769453
457,0.0011929928366506597
1794,4.186936170440705e-05
812,0.0071013016708790485
317,0.0037847083528562255
147,0.004772235160781566
360,0.026649812906799773
427,0.04269038807599642
7352,0.00036567988647858606
7362,0.0002008809412461533
7361,3.6081996013720504e-05
7359,3.6081996013720504e-05
7360,0.0002008809412461533
7358,0.00036567988647858606
7496,0.002516843104185647
7382,3.695968898226399e-05
7357,3.6081996013720504e-05
7354,0.0002008809412461533
7356,0.0005304788317110189
7355,0.0006952777769434516
7353,0.0015192725031056157
7489,0.0003744568161640209
7487,0.00564802306360187
7495,4.485892569915535e-05
7494,0.0005392557613964537
7493,0.0005392557613964537
7492,0.004329631501742408
7491,0.0015280494327910505
7490,0.0048240283374397066
7486,0.0023520441589532145
7488,0.006307218844531602
7351,0.00036567988647858606
7350,0.0002008809412461533
1883,0.011120608634944396
2821,0.019840523764993352
3129,0.0012095509826360732
4017,0.012890399724143476
593,0.0007482498318864039
130,0.06264762994347599
78,0.0367417724187952
2031,0.014385040748732678
7328,0.0006960277285213342
758,0.0005982828299273882
229,0.003234597569598925
780,0.1496065365407755
1104,0.001614114642256535
5446,3.6846245673404626e-05
4934,0.00032492105693822707
665,0.03681680278812339
7345,3.6081996013720504e-05
1584,0.0009536973054871894
6792,0.010601938607551679
527,0.0002607713959608524
7347,3.6081996013720504e-05
7381,0.001520442760397007
7408,0.007786313451103627
7475,4.661431163624231e-05
7474,4.661431163624231e-05
7543,1.1506592894502955e-05
7542,1.0374085838317814e-05
7470,0.00696817001139842
7459,0.0002114132568686751
7472,0.0002114132568686751
7471,0.005155381613841659
7435,0.0018733943568087583
7412,0.007255959222932559
176,0.002067468037644773
267,0.002585000769947563
1478,0.0018527828803316009
1163,0.036787597674368885
2819,0.002837097811436985
1023,0.05892613267849411
2777,3.5515742485627934e-05
546,0.06963474286630032
548,0.025298298062400113
2727,3.5515742485627934e-05
1734,0.0010228675567682645
315,0.022630160220680005
943,0.0035526000174950527
854,0.06337788366075292
2124,0.003826492256628232
513,0.0008727561261251944
1714,0.016517252716816633
2122,3.6200771144003334e-05
1048,7.853188938487319e-05
329,0.07008796197518405
2992,0.014702621868172146
316,0.005730588150634703
1484,0.006861101401809303
2479,0.021788976513166757
2145,0.009924056460194893
409,0.026944206867395876
2781,0.0033314946471342836
2770,0.00036511363295049353
1476,0.03733936708313983
2128,0.007621884458176215
467,0.00029840845404796655
7387,0.0061622835024278694
622,0.0021746621388604066
1721,0.0013825974831017805
2760,3.5515742485627934e-05
132,0.026132358038857408
824,0.03201466563395763
7518,9.663697345668047e-05
1743,4.043688790135702e-05
977,0.0005341406045260176
518,0.0020671067031086095
234,0.006502359613276035
1725,0.007947073121168999
443,0.0642741513770826
1470,0.003334238549944698
2139,0.006628237801442624
2141,3.9528053198969574e-05
7388,3.4251158235526754e-05
1286,0.0010283712592937312
1726,0.001806063049326573
1292,6.450248077127763e-06
1472,0.024170798569893688
7334,0.0008708061139753137
7537,9.495681872085114e-05
7534,0.005980675204028713
7564,0.0018508456006613124
334,0.009157740940387881
187,0.057353457565434404
2179,0.0021817059173867815
102,0.07020036260677066
975,0.03509380042797646
935,4.9523580073638666e-05
1797,3.88235846916748e-05
2250,0.0061332638721813115
1040,0.0003646053519894039
1424,0.021465686627968536
1772,0.003173124230218275
2204,0.0013639120350543274
1150,0.0012024986472159798
1762,0.010606612236807303
2190,0.0020132902413704913
1018,0.01078809137693215
482,0.000256540755929283
413,0.043374045673069225
1673,0.007961946671304754
1562,0.003829002883614358
3122,0.0008593020448139774
1111,0.052127468151120106
1031,0.016024394511478246
3014,0.022942360705959973
2986,0.0033312862233004694
456,0.009618009998304752
1137,4.262002744699132e-05
1327,4.2233374474981745e-05
941,7.091850388057038e-05
2957,0.0041552809494626326
741,0.00017582375663660602
2215,0.034149559870912484
1324,0.020970876419597436
2908,0.005969610744675661
639,0.04912180902912685
1146,0.00037148225177619605
2787,0.0020128946614410073
2188,0.0017394691209629244
69,0.044778868288269436
1307,0.001199795942802537
2778,0.00036490520911667916
914,5.9404784759588966e-05
48,0.05261025942240164
1078,0.00036932988428468064
383,0.03288495469471897
2582,0.0013536988805112758
1981,7.275555197633556e-05
2558,0.024425551213051868
226,0.0014499114282319208
1992,4.0657066269602436e-05
1430,0.013886865146626562
1988,4.935040614850932e-05
478,0.0002829867289439075
1967,0.00022819243887763784
2519,3.530731865181358e-05
719,0.02924423952513606
7438,3.35419079570728e-05
569,0.004091318574039808
970,0.00926681731117444
1044,0.00450893009964015
3135,0.0015184978257437086
967,0.0002339619359238994
327,0.010879989251679838
7399,0.001689358076347273
1513,0.0023346581834997574
552,0.023497254570727648
1116,0.00020978378469078846
398,0.072725801279739
6878,0.009157828420088682
171,0.0004851309020752584
1030,0.010159947134972128
799,0.0015349559658775873
2802,0.004980302180505105
942,0.018358866218517515
762,0.003313045925603538
3345,0.0036611995762407465
1887,0.0003777034160335981
1190,0.04916232593125681
894,1.5355157972819895e-06
494,0.00014821752996865774
3269,0.0038259985214731795
2356,0.005253016678578292
966,0.004961378553368704
7538,0.0006915089309434044
2257,0.0010271584409930964
488,0.0013312088995766115
1512,0.021471522593483512
1775,0.00798342038560852
1508,0.0058195420536141995
1767,3.999693838099662e-05
2915,0.003331601685775881
550,0.10828890569333163
7593,0.0034871820663142004
949,0.0010357833793429591
1755,0.031679780495087004
1145,0.005808960857432579
1754,0.04206806346548264
1311,0.0013804483900392913
2865,0.018822702537624563
634,0.06223298337892362
2168,0.013551339127441097
735,0.10307477542465854
870,0.0012127577426822513
1716,0.03689907634104232
1697,0.005133366360968713
732,0.013814530353771049
7446,2.931128112871024e-05
1871,5.15700160811e-05
7434,2.566943490149697e-05
3224,0.0013540143429866874
2918,3.562278112722518e-05
2180,0.013056001754489118
1748,0.026900807293486758
2791,0.0051443900833326416
7445,0.002996857202666054
680,0.022855309278407794
183,0.0009539919023665688
7499,0.0008678727852057342
7573,-1.851801913128355e-05
7592,0.0012184685124173788
4910,0.0019529344122036958
651,0.004866840922686948
1586,0.00016193369351556682
751,0.0376402414837868
1577,0.06118673229567222
627,0.009844468435541855
898,0.014075466229654854
1210,0.0027497686710978913
3354,0.0005298876708112439
3366,3.549083511394551e-05
496,0.001000166352212402
530,0.005392579693797617
376,0.02113469556258259
2396,0.0003126344803199443
1873,0.0001495639150871048
7391,9.195840905522679e-05
397,0.005344380808332403
3297,0.0023426760683680045
1553,0.005643097307316176
3293,0.0015186813422058405
822,0.007650184177961592
3281,0.06480147631146004
1861,0.0008611877536999513
3234,0.012725009618011271
1187,0.0020309300877472385
3232,0.001189083451740975
3060,0.0015188664954739084
7337,2.0868651225633448e-05
1050,7.618122034527178e-05
1052,0.0001527544735610854
3119,0.008440422195236085
5389,0.0004905478827259323
2275,0.016516334761284973
1168,0.0021886089217072803
1534,0.00564113287526378
1529,0.009101910725144869
965,0.0340002237149405
1817,0.0333265914246528
3075,0.007946025359538788
2277,0.0036620170331552186
2284,0.01684593265174984
1172,0.06777378390448026
1528,0.008459669485746262
7397,0.002687868805690048
1813,0.02030986993253749
2283,3.6440238041697434e-05
2270,0.002344265530385742
1533,0.02163450821314804
279,0.008676887981151451
1531,0.004330746828589509
3241,0.003496453838263102
1332,0.0001686817826035914
3180,0.010582808483257712
1182,0.012126401415538923
1831,0.0067624474376476035
3144,0.005968438016749593
1828,0.0021872287096353134
1808,6.516647212507438e-05
884,0.00027636036213654397
1351,0.0010386700777770793
3089,0.004814845400122564
1537,0.00732270104421465
3045,3.567598838201331e-05
1807,0.00020936888902902008
2278,0.0013554718589911452
3076,0.010747607428490145
3073,0.004320448564425265
952,0.020264452465246385
3072,0.0028372580573333703
1810,0.0010259981590959783
3061,0.0030020570025658033
3047,0.001848464385938774
3056,0.001848464385938774
2243,0.007287593828268739
3054,0.01288999371651177
1532,0.022286466402829476
3051,0.0005300728240793117
3050,0.0002004749336144461
1335,0.00025992400401712477
3046,3.567598838201331e-05
2268,0.004486924296224468
881,0.007421377641820595
2267,3.708029713168289e-05
2266,3.783646338150497e-05
3041,3.567598838201331e-05
3039,0.006133236961982026
3037,0.004485247509657698
3036,0.0002004749336144461
3038,0.0010244696597766102
5533,0.0007255419364054155
127,0.05601651129713019
659,0.0119094087812346
1394,0.008608278139107254
2288,0.0191531178850039
1049,0.002868761065180266
428,0.01806339531076925
7580,0.000834986492466182
1759,3.791845777819172e-05
3370,0.0036612527834955343
2355,3.792288238148463e-05
2279,0.008606625449218187
1497,0.0038551022359099734
7549,0.00263095911196421
7478,2.7269242125487973e-05
7429,0.011249646760784283
392,0.003463943609451173
1027,0.018686244254296668
1289,0.0013936614042683194
1481,0.010590267324939676
588,0.03558187300510415
693,0.023480591559903813
689,0.05820778046898792
1730,0.008112205675813859
1333,0.00042571741218011067
1158,0.007784082957259814
2825,3.551251251897928e-05
50,0.03883360042612884
2818,0.001683501964843307
2157,0.012071185262104362
2148,0.001850237887661491
542,0.00027077887761983504
1293,0.008552986848356765
1256,0.03350830171061244
2146,0.019493022519943403
2804,0.0072866661027460216
945,0.0022049913778774445
2138,0.0020166106271823467
939,7.38092374394593e-05
2796,0.008275459774140619
2135,3.615448223311394e-05
4057,0.0001977581691156492
2813,0.0058034755956541265
2812,0.0021778988005406053
2134,3.6271598329611475e-05
7335,0.0014955603738460018
352,0.007369857911373638
64,0.0825306782213304
246,0.001217580980965135
86,0.014045059655708974
233,0.0387681123997794
953,0.008134191378506355
605,0.00030251834391735325
192,0.00795407300870122
3447,0.0002014390639543553
766,0.0407812151343268
1074,0.00016469387246957002
558,0.030405990317374076
1596,0.03316864558772062
1894,0.06464128340983477
498,0.00013498914953145787
698,0.0015483677823124133
2436,0.0011919611153485454
1396,0.057899130283952084
3410,0.036622005960322
7161,0.0021762177892442093
378,0.018060285453113317
984,0.0037606706348080137
180,0.005168984982753812
186,0.0019290456845560064
499,0.0024828788139024467
832,0.00780433354440192
900,0.0005688343469469114
2289,0.005651038726621993
1134,0.00011310217327676056
2434,0.0002100809639523219
906,0.003669183667735775
1906,0.029045509960689695
905,0.00029974067643122554
2426,0.002527348413870675
1895,0.039275079065537094
374,0.056147781095424544
2417,3.893286770097488e-05
7087,0.002506895917208821
3372,0.0030082881090787157
7063,0.0048140811504628804
94,0.0032084835821998754
3120,0.018988518820451692
438,0.08514875946124652
1471,0.04422631255086623
853,0.0373510194131177
682,0.01666627413805422
7386,0.0010822482667379966
337,0.0008078994466287509
897,0.00011089524650599556
1202,0.0010999199847454577
230,0.00019250203673129077
3451,0.0003662380091867881
2437,0.003334295809937348
3443,0.000529757301513002
3448,0.005145407420927338
2287,0.010141830023159189
7325,0.0005223950544212543
2433,0.008289070124785069
3442,0.002014227461511116
3382,3.664011872192251e-05
3439,0.0076173915994138305
2432,0.014375825140510345
1075,0.06531808706201035
1390,0.05132020749403692
1599,4.3518365659079613e-05
3438,0.002014227461511116
2422,0.006635619471767581
604,0.0028125166805033574
2431,0.0011945536853479354
902,0.003715755037605526
1905,0.03289482411371118
3437,0.0031678200781381457
653,0.015276550318628956
3434,0.010913370504062487
7310,0.03414831958941167
3433,0.00877098421604086
3430,0.0002014390639543553
3431,0.017505328313359797
1208,5.41939780927922e-05
1904,0.01685189019830371
3427,0.0015198306258138177
2428,0.005811624745605417
1903,0.058049273225385944
6921,2.9618574973574645e-05
3091,0.0006958358996516536
3286,0.008981215862783812
7369,3.153354145039679e-05
764,0.0005591231294126124
2312,0.0031748416218864936
1393,0.016715598720689572
3407,0.002014227461511116
1205,0.0011628554320484705
2633,0.012561359956386815
1070,6.557763838620794e-05
1387,0.0010550178944428916
1385,7.204572113783421e-05
2828,3.235957031245752e-05
1891,0.005976636464890831
7330,0.00036278124918760144
7321,0.0008588548714516694
7312,0.002836467620097935
3428,0.035799945207748096
400,0.022511199708833425
7368,0.0011867759753497655
7366,3.3183358722735866e-05
7560,5.431949440589189e-06
7393,0.000685144821851139
55,0.04451422836502751
80,0.006708669348131957
1249,0.010165809334007197
369,0.039740729069882456
7379,3.461115089631296e-05
2445,0.004320146638633785
779,0.025426315880358902
442,0.021232385938945133
993,0.03575453331013682
655,0.007559164520058378
1664,0.0010250923817215379
565,0.022652612725026337
470,0.0016181653423625044
101,0.05230379260298872
2003,0.001024630057853334
1983,0.001024630057853334
1640,0.015203252226788531
1925,0.001683825838783065
3194,3.537406259053317e-05
2340,0.0020180679826512526
2954,0.0018481624601472937
2206,0.00712221087367945
2950,0.010088109721768932
2944,0.004155347693401352
2930,0.0021777603506121595
1326,6.77688420114823e-05
926,0.010450253374484755
2565,0.017998459092925707
2556,0.009099316050374336
850,0.04943019263781727
537,0.0018659771799816364
1093,0.0016937955227695493
298,0.0017605088209769952
1610,0.0013588722017215211
1083,0.020336747386922004
1917,0.00020391783115541816
1914,0.016364512728098076
1212,0.0031851565534958856
1910,0.03415171216517711
134,0.02112580778986127
1407,0.025594178308850718
2077,4.286370925543756e-05
1427,9.07439504346478e-05
406,0.009141407213952044
607,0.00585391696411639
1300,0.0013567501365802845
1746,0.0003717153335965627
1735,0.00415633186781607
2125,3.587607091094349e-05
212,0.0054679299409462175
1304,0.04818563768278486
344,0.007690966752875043
660,0.008979544297011479
934,0.0034707555140685836
5140,0.019965853123397954
1305,0.018001037623492182
1490,0.008062868601477766
1489,0.006139068875694122
2143,0.0006960117705561594
1732,0.005960103253640657
2738,3.539390481663634e-05
2105,0.007782217142828603
1989,0.0014699689505543409
580,0.00030754034882152887
516,0.017814817054703874
2797,0.0003649917952815019
243,0.005126499389361609
872,0.00317962918435358
1170,0.01061287052322492
860,0.05426439027582707
1306,0.005805614936490978
220,0.000338371242473095
690,0.00014797817634406232
868,0.00014999655332939677
1130,0.0007503498844269823
2199,0.0010261904106293775
1800,0.0026733389312213547
2228,0.05573805127313801
866,0.0001578928800528173
1703,0.0005322770319392544
1564,0.009266479316307861
1526,0.00845090546373868
1164,0.08345922575662294
2200,0.002178394072597356
2803,0.005638623899551744
7372,0.004291356530492875
630,0.011147192945606333
2091,0.0005313156194239067
1271,0.008451059280518949
2693,0.01486736483256798
729,0.03252850357773096
2086,0.0005313156194239067
3053,0.0033314386662976854
954,0.022818731802981624
2961,0.013548973270708519
2690,0.017339349011054474
2118,0.057057678061276706
2758,0.0008594544878111934
2097,0.006299692092147702
1477,0.004292859699869374
2106,0.001684333817910157
2710,0.02310731209418962
294,0.008595083611122075
2247,0.0038267795751040054
708,0.004077401919201667
3364,0.00020034183395461347
1370,0.011644319604647149
1199,0.0005561000505375723
1882,0.009279011937893489
551,0.05232757518890185
1581,0.017864468437454074
2388,3.905366059635462e-05
3185,0.010912273274062745
3373,0.001353934450581643
332,0.008245819687895227
1042,0.0003683645943823662
730,0.026628502966442882
1771,3.74913770860153e-05
7547,-9.204773267594442e-06
1269,0.0006007540528499427
1301,0.023274172899764134
738,0.08638947988944139
700,0.009754229377178465
2759,0.00481464007931847
254,0.013068442021129436
579,0.012427483903064952
1004,0.019260303002393463
669,0.017991626188918124
2520,3.5470667577919076e-05
2486,3.5470667577919076e-05
235,0.043491716677452386
916,0.020020617808211367
1297,0.0043383544172947396
1986,0.0013551245294370843
28,0.13102976299065036
210,0.06198068847403772
1638,0.014016010908566056
2317,0.003331704735399779
2239,0.09512471722986483
851,0.01984707499691846
1132,0.0008652773555450887
2310,0.0030063808280860814
7555,0.0004193884641172272
2171,0.0053103632519110695
1258,0.02509311330999448
685,0.025530748443525167
2159,0.00349848694738321
2817,0.007286472374963769
933,6.659154148618182e-05
2773,0.0005297156204340245
1278,0.007490663827468383
2638,0.025249557405298943
2079,4.553193927977762e-05
539,0.006705053694015737
7579,0.033858985168138116
1113,4.8181438791670674e-05
342,0.019863045363381602
802,0.015862144919378242
2651,0.021788779555417855
2255,0.018004021050070578
940,0.0005627503421074237
1744,4.1841530295300694e-05
2745,3.531878473672617e-05
1138,9.527098276731249e-05
1082,3.739482912605761e-05
440,0.04903556913476902
1416,0.0006951774691756181
129,0.009089583628332985
844,0.03477571513865054
932,0.014049151362350867
1422,0.0008599764144080509
770,0.013350912693792146
1220,4.159892324456526e-05
1613,0.054262199404821236
713,0.004676223887248963
167,0.01591515307187203
847,0.015222340788325562
1400,0.040584180488984205
845,0.015074061459982325
908,0.005477414480781841
1911,0.02772254767865121
1226,0.0001869562061839726
2443,3.561830916241451e-05
2447,3.561830916241451e-05
1402,0.013402091130240193
1080,3.6955746066861727e-05
1601,0.0017416218278665345
2438,0.0003652161996272801
1131,4.878335798848908e-05
843,0.060025891521992655
2441,0.0002004172543948473
1919,0.00020125564767823213
485,0.004852022087049932
3147,0.0041554674664242034
143,0.251203120737893
643,0.008897612119581537
7548,0.00013707539534329688
1165,0.007949135653004147
1787,0.0003686742019481196
663,0.058258864644335016
1792,0.0005273454496416216
3082,0.006627511517733775
813,0.002059308214724747
7553,-0.000200075239523967
2980,0.020470622917258128
1764,0.0044334249757282725
2196,0.006793788682702703
1032,0.0157180210263983
3071,0.01651544823167974
1155,0.0005447199982251147
6257,0.000199710683954762
1294,0.0012234630133858258
3304,3.553936274452788e-05
1876,0.0002051189335077507
2372,0.0026734927437548437
2650,0.03826889465666894
1568,0.003510190080879928
7443,7.704100121241642e-05
1946,0.0025102919168721507
505,0.0008613795906360253
1711,4.8788860530108144e-05
1021,0.019439498285120725
760,0.00031268300795052665
1035,0.02665242807014638
1501,0.01704011973393288
816,0.0006071128385659603
6736,0.0036604885338358505
2387,0.0007334599004337614
2418,4.3272274534315496e-05
6667,0.003990086424300716
6317,3.491173872232919e-05
3074,0.0018525846884518535
6290,0.003495689588603418
6131,0.015690811535803442
3166,0.0002008932597439574
195,0.04437581610231483
726,0.10117041417492685
1455,0.013224080512269419
2602,0.010418649597115264
1674,0.007949474036128112
275,0.0003469731182235712
2028,0.034645498855032555
2022,0.002015307699010862
7561,-0.0006349359901037851
1255,0.03168717641259687
671,0.006098821804769168
2064,0.01750712395343013
677,0.003134302955941609
322,0.0015704864636268048
1120,0.010730205711309669
2620,3.703145004258515e-05
931,0.0013839007549510548
857,0.00024107488714535927
670,0.006164138836106148
1237,0.004339188602955436
2604,0.00036591393793686434
1449,0.003513259160234346
2029,0.012268886227996547
675,0.005366090955400824
2585,3.631604747199877e-05
514,0.005186201437118588
1007,0.004859175064757825
2385,0.004321784215699667
1188,0.0008974691193187709
3264,0.03414934335230296
7426,0.0025408549212034737
960,0.0016975494805203388
1149,0.0018896737944696079
1517,0.008461525866889133
2256,0.009902422143582192
3191,2.4698584179277743e-05
3164,2.4698584179277743e-05
1552,0.010751949756101987
1540,0.02806392441952068
3100,0.0015078890912711728
3080,0.0015078890912711728
2970,0.004968666941152261
2972,0.006616656393476589
7421,0.006734713535821692
1103,0.003272387160598465
285,0.0025555923262564934
1569,0.0008654599057162845
2977,0.00992378465850141
566,0.007193865975156374
1506,0.008775407048644665
2365,0.0026732130340625182
3312,3.5670824532961394e-05
307,0.025941631843706247
1774,0.003505447498942596
7411,-0.0009700048192212081
2132,5.439494119522238e-05
2878,0.000529993603078003
1144,0.0071390068384106645
629,0.02338348189969789
1280,0.005655243999620423
2968,0.002837178836332062
1191,0.09646042588860439
1833,0.00020488220550169214
7428,0.00026326932540536113
1166,0.00943285475035729
2932,0.005968358795748285
1314,0.025043965881273847
635,0.005968716161588103
2150,0.0026738019759094214
2809,3.55967673807046e-05
2007,4.683123737806119e-05
2596,3.55967673807046e-05
540,0.011598116271350403
404,0.01615474243193181
3322,0.000529993603078003
1349,0.002415220564663127
1766,0.00910709134003668
2414,0.008441360138000243
2369,0.010891168538845543
1863,0.01108176728429896
1352,0.006804904346491797
3362,0.00020446263780465396
490,0.001324646393199925
1381,0.0007009729512091687
2350,0.00042153307538589867
2807,3.567598838201331e-05
800,7.815525180128253e-05
232,0.004072134677473292
598,0.006227330586025079
2208,0.00136043629740551
1597,0.0003708844668437681
6434,0.0005293085744196276
2223,0.0063114311885630525
486,0.00031441086981974243
1689,0.00022394883182307463
4888,3.491173872232919e-05
3999,0.012230033685922355
2561,0.02475876583430059
1658,0.020020266662972547
3441,0.002023733551508879
7384,0.0010031088817884389
2379,0.0079468546517227
1067,4.918987364095544e-05
3368,0.011077237840217125
2374,0.0008659446080270452
3187,0.005968470538011708
2377,0.007618162182759878
1173,0.05841753371840332
657,0.006924945554714388
297,0.025873217372975973
610,0.00834895746056126
990,0.006382214536336736
1076,4.407077792126783e-05
7371,0.0025645338509364935
1399,0.06415710908193197
1926,0.0010252133926669067
1019,0.00646734854171214
601,0.0025289854674993514
7448,2.7371825972425438e-05
1047,0.0003825594079144404
947,0.006416473949069291
742,0.001056864719978146
2914,0.0003652738788468789
2906,0.011077205318955011
2399,3.7718619290623605e-05
3108,0.0021780622764036393
2967,0.0008596707145441772
2577,0.014702782114068532
1141,0.0004214462288336619
793,0.04355682276345484
2841,3.567598838201331e-05
2840,0.0006948717693117444
2162,0.009924376951987664
7456,0.00035686713259035354
618,0.01216965903509949
7392,0.01075062759581998
2313,0.0015196307451335925
2232,0.02442668413244175
3310,3.567598838201331e-05
3044,0.015032380004533398
1728,0.002015032539044806
7454,0.0034880470920065766
2111,0.01602597316379081
2070,0.011408178858807306
7533,0.0014772571336872764
784,0.01331930899194807
785,0.0038321092446019006
515,0.0015207583366496273
2016,0.0015202421448613397
240,0.0005943240771036098
1276,0.03155460816915303
1125,0.0018639518020152916
2630,0.022283839294624314
1001,0.004194230331558523
924,0.001698358947719747
2873,0.014373489923467538
1243,0.010776618843319158
792,0.02247747349029291
2891,0.0006949459129354452
3033,0.009264491065021951
2140,0.0038268236655192057
2126,0.0006975585803766909
1279,0.0007077142891058832
1718,0.025590821113030154
1717,0.011738363389726485
1628,0.00201867346930819
2531,0.0005301469677030125
717,0.08180809873439458
1077,0.005650711322907461
1600,0.0011931510435471016
989,0.018165239031858658
1224,0.034332196965297684
1214,4.952294798342386e-05
2314,0.0010259841200666387
2919,3.575013200571401e-05
606,0.016958819095467835
5415,0.007286065328949372
2979,0.006308506127552132
7526,7.6123344372589696e-06
863,0.03100512690573212
992,0.005060809094424079
2155,0.0041593005519719095
2241,0.015857879860631342
2579,4.614620871968579e-05
912,0.005436925426463289
715,0.07282982613808861
1618,0.023017679471143034
1795,0.00021882387317104398
1791,3.9942098422638114e-05
1779,0.011098472302666767
1783,0.02378058374270869
1778,0.03302159542550558
2936,0.0033288480124623746
1328,0.0002450363731196267
1899,0.020463853054818164
2078,0.0003100127530197177
5392,0.000708632895002178
7378,4.491358661966233e-05
7584,0.0010294358490249575
608,0.0005342881234562383
445,0.02766260190799736
1729,0.00020220723284306344
803,0.0004563547312341869
476,0.00047263475591270026
1429,0.06216744282320055
662,0.0022788459633434383
340,0.026453890144394032
2541,0.009595497456202903
865,0.00011413327056083169
920,0.014362376881722755
1106,0.01466148464009162
2502,0.00596992066108938
1947,0.001962291730252127
533,0.00017197227269007966
1404,0.009439673620743884
1928,0.0003792392676281734
1623,0.08674324862775408
1943,0.0011963684843475085
1933,0.019980221318611564
7395,0.008519781294826174
7520,0.00018979253343704553
7571,0.0005193763022341665
7576,0.0006634746803547014
3015,0.0016843054997963266
3035,0.004211057719519931
1801,0.0002039236102037707
1827,0.002840706733922695
2258,0.0016878162716705005
1530,0.017207986314637342
1805,0.004161706297745829
3178,0.011737041158974726
2718,0.0006955118284017299
3102,0.0025083002259584904
2303,0.02541675792201632
3063,0.002343501280726058
2272,0.009602144517618006
3032,3.631604747199877e-05
1803,5.1295340801807554e-05
3308,0.00036591393793686434
3303,3.631604747199877e-05
3174,0.034808893491515315
3065,0.03645688294383965
2116,0.013055916558302561
169,0.05514604171934454
2114,0.0010255935563349692
1235,0.002411632844513128
2741,0.004320628387874603
1920,0.001032139129890852
2734,3.5855811831350756e-05
1473,0.003994539644398913
2677,3.5855811831350756e-05
568,0.0007928243905239669
7402,0.00011544047567332134
7511,0.011921772005643542
1094,0.00191095956274865
1420,5.474922430430126e-05
830,0.007865140231978698
3289,3.6081996013720504e-05
1874,0.0007020652692335213
7436,0.00035379456065461805
1241,0.0025239001344300755
633,0.0005814686136930689
875,5.844140453781086e-05
721,0.01950663930007161
1428,0.020916279800909588
1948,3.790759738829095e-05
2883,0.0036619864631688313
2880,3.640966805531007e-05
1140,0.00022852156142900607
1667,0.0018866462989365926
778,0.006200033882082855
576,0.05982697987354692
403,0.020739442990127064
1975,0.03909503633245976
1974,4.889241249681739e-05
1417,0.004004395854847261
1236,0.0063227742733968865
1932,5.513378471757106e-05
1756,0.08491086232142415
2182,0.0023660638413040822
1751,0.044227492479230315
1020,0.04229430042038718
1809,3.710068155241854e-05
2887,3.6333823532121165e-05
2879,0.000860328549694285
2151,0.024812347958383822
2798,0.005969095851899702
2133,3.775590834191314e-05
7389,0.00030305601114906963
2902,0.004320946614765285
2893,0.020306444302311266
2195,0.018165320314289343
2886,3.617403872203218e-05
2896,0.022778428480797756
464,0.00023213457816465168
2380,0.004981944042058228
3417,0.005963928943757457
1959,3.467768726405093e-05
7545,0.0002882246899945412
7463,7.235997204685116e-05
368,0.0406228563055759
2557,0.011242176220360871
328,0.0013473141526293966
2995,0.0412377687329409
283,0.01252964655952762
673,0.007479531656436318
144,0.002414137996736475
688,0.011999736108053216
1189,0.009775949982602717
390,0.036680781642844565
1454,0.0048280550601886565
2237,0.009928089686135622
2943,0.004486420237583766
2872,0.010913579101648644
2854,0.00020164766154051313
1319,0.010591729121526783
1763,0.021299786606463412
385,0.08242517576629795
2220,0.012728304476791156
3107,0.01157202048078182
1567,0.006302001960711557
2337,0.007453229425760196
1539,0.011577608731079781
421,0.039806680157698636
1480,0.0013568417163289904
2160,0.02146054382681219
1733,0.001853481654866031
2120,0.08128256094618529
1719,0.18774356417027366
2098,0.0041782389134646615
252,0.003510121566710052
2656,0.054419448269361945
2137,0.00020147989182836144
2107,0.0051454482488013445
2576,0.004979764699632112
2508,0.01008853200183753
357,0.022668441183564533
2637,0.03381958011530785
2595,0.00069499212358886
1963,0.0005310777822932271
1657,0.004734425334147422
1135,0.001196939685746699
2766,0.00020059528789156172
704,0.01670710912037344
2403,3.7276890300720056e-05
1383,0.0005759217701104141
1582,0.007242584747032047
1893,0.012900527370033537
3352,0.020800761413798056
3361,0.0023432795477655835
3348,0.000530491150208823
3344,0.0028376763834628816
3226,0.0036616711096250456
1544,0.007839689502088874
3218,0.0008600890406736886
648,0.0001601420353443784
3411,0.0021784806025331505
2419,0.008607267650655616
7349,0.00019852810816556654
7422,0.001977091371117377
3270,0.0016844401595394456
2362,0.011079884185245295
2364,0.003993497804459731
740,0.00017537077025569605
1773,0.003999715970012736
1504,0.0064750988116917055
2184,0.004655701902371794
3093,3.6588525289098835e-05
3081,3.6588525289098835e-05
1614,0.012395635093297457
2398,4.9071269730606155e-05
3196,0.0025085727037755905
2366,0.009761403080569402
3161,3.6588525289098835e-05
3150,0.00020138747052153162
3126,0.00020138747052153162
3123,0.0003661864157539644
3130,0.0008605832514512627
3104,0.015527689377137782
3098,0.0039917632108674855
3085,0.0058045516084242466
1814,0.02426652726245566
3077,0.009594927348770202
972,0.020713294153472565
1851,0.00911938556761392
705,0.010858963818603472
3186,0.010583721020164798
1781,0.0002602797900808613
899,5.7567919883664995e-05
2483,0.0015203491398136956
1095,9.610026382838006e-05
2453,0.00596992066108938
3406,0.00020191352120914563
2816,0.0044881072825778065
2429,0.0058131022805385435
2430,0.008992429968514867
3409,0.00036671246644157844
2416,0.00020416041520861694
520,0.0005240978490798126
1554,0.012573512656882101
1200,0.015740505541683016
7365,0.0016806983537922735
1939,3.969236425311923e-05
2682,0.0036628788466012453
2071,0.0013643355133451532
1460,0.027239660330461653
786,0.06195896822441424
7570,-0.001525089113570186
1651,0.0030117247607608076
1662,0.0007053671508364211
2544,0.004981270408460707
1984,0.00025827334670693996
2018,3.969236425311923e-05
7572,0.0015015380198181519
2851,0.0031676098697598167
2856,0.00036602780080845915
2594,3.64299103435936e-05
1242,0.001690492049152979
1646,0.018608322869201
615,0.005019730459006717
422,0.013899304537004576
746,0.020813031879812417
453,0.032147337175169405
2800,0.017998940842166522
814,0.005218575507576789
2262,4.989103205213799e-05
1364,0.001420710120565931
1866,0.00032703467725813675
3121,0.0008663961115493975
3099,0.002679184509106158
2297,4.7082414552798835e-05
3029,4.240138538723359e-05
1804,0.00017721502535551274
1105,0.004213157090176003
3024,4.240138538723359e-05
1780,0.008286550374623513
1758,0.0036652907027627077
2874,3.638995845882348e-05
1752,0.010768747707653058
2863,0.012396310850891283
2861,0.020141861276815623
2850,3.638995845882348e-05
2847,0.0008603846846209874
2169,0.03267009188635469
2153,0.012731525976354827
1485,0.002548286069830661
2183,0.017176424335740854
2121,0.004868013615458241
2175,0.002181300218136456
745,0.021839430660361595
968,0.0012019186478835159
2969,0.06743935712535411
2234,0.02975657101711378
2768,0.00037012686418587306
2761,3.64299103435936e-05
324,0.007916694002997259
3347,0.0008604246365057575
1838,0.00031773447036342813
2762,3.64299103435936e-05
447,0.04887530997321847
2449,0.00399160459592198
463,0.000612551500501667
3346,0.011737977364807839
3342,0.0002020511985375446
7464,0.0008355013190566668
1263,0.015207428886378063
1259,0.02248627528780307
1605,0.0010505800246204064
1448,0.010391665657610209
1648,0.01108948864380206
1620,0.07123373839795995
2857,0.004321162534502075
1017,0.004849767113983896
775,0.007138550209334821
1100,6.609189876846861e-05
2685,0.03629302020444033
2696,0.0336562370807214
2626,3.725225330511182e-05
2046,0.025913807340907438
2037,0.028069122185672053
678,0.01616923943512875
303,0.018251494523576894
1011,0.01640487566573812
1684,0.007136823921826024
480,0.00037889007812556504
911,0.0060608468964014044
1941,0.00020579602186999681
339,0.00749606987611504
619,0.0015127414567795607
938,0.010983003860077915
1118,0.0013874453064276558
2667,3.6333823532121165e-05
1440,0.10174375505894842
1133,0.004027537359517975
511,0.00029530637938304175
1511,0.005238980801829088
1022,0.010435380613211188
2739,0.0034970765602080297
2083,0.008294970088610841
2051,0.018659966493196456
1705,0.003719992317566438
2723,0.001519561267891803
2099,0.0005366804754431835
1704,0.0008079112417032051
2688,0.01799945579113508
2683,3.637076079990797e-05
2654,0.022943424148108064
2678,0.02146023364101617
2672,0.01025390536521074
2675,0.006463529624864787
1700,0.0006461486397133011
2670,3.637076079990797e-05
2749,0.0011899633774269374
1660,0.002134944703560634
2104,0.008776332093117524
2068,0.006962420248561028
2706,0.0051451380630053245
405,0.021560826900188932
2708,0.0125610905984648
2530,3.637076079990797e-05
2101,0.007765871943870883
1273,0.0024134113523708637
1468,0.00038140714069031644
2087,4.6583915342959426e-05
2092,0.0038342361478107666
2694,0.038104927109491885
624,0.016825425111146413
555,0.06508377349953333
2991,0.03003162402690667
2925,3.821599460390466e-05
184,0.0006823501549556362
2357,5.0766837508921164e-05
3331,0.00020152269524465822
3250,0.005145491052217642
3244,3.6723750012225415e-05
3416,0.0006964978324174554
3360,0.0025092862299742158
3343,0.0003668999419525898
7419,1.75426568185213e-05
2960,0.012568273476385188
450,0.021695633043447
909,0.023045446162067957
1423,0.00915992674339059
1616,0.005481162087473644
2481,0.0025081725615267022
1619,0.1290809968178364
3415,0.011409783783092643
2373,0.022454349456908166
2951,0.0016866460143791092
399,0.010180360850094234
3440,0.01107899435793109
3444,0.0006966608082878232
1204,0.013663323236391146
3395,0.0033334439320067476
3393,0.006135026000958105
1593,0.0015297645641775734
3383,3.8945194683171975e-05
1045,0.0010596372563537128
1884,0.0030144490530594264
3318,0.00053293259699942
3306,0.017342425010707565
1880,8.030494462562693e-05
2080,0.002514143962368406
7473,-1.3284870755953056e-06
461,0.00045950780264363326
3235,0.00020322145582893591
1405,0.061471266198975916
1201,0.0007324716065089755
7404,0.004137331510162279
2043,0.023109676711632603
1193,4.512489326538064e-05
2269,9.295650037533826e-05
1690,0.011082552903602065
2628,0.0006959799313182865
2625,0.009265525083404792
2623,0.007123138795383166
1453,0.006636343618737781
2033,0.023613643651401728
2096,0.00844955497866931
7439,0.0013506284267728972
2038,0.0037141130363861088
441,0.013656674508395354
1665,0.018024982491580393
1084,0.00202682751901472
7546,0.0013039697414333016
7424,0.0002018395011401139
1053,0.00014522842843893446
1323,0.047353023873439475
2985,0.014044098727796998
1425,0.00022617572330639927
3208,3.618838304021062e-05
1821,0.0010300375659336178
7468,0.0011604181803559672
3171,0.0005321171919189667
3412,0.0044872918774973534
3284,0.02838313893620011
7342,0.002339288354477049
7469,0.0001716245089613705
3179,0.0015237194808129025
2410,0.005699865461610505
3403,0.016190825606499423
1889,6.044462507995781e-05
3246,4.0528973721007486e-05
2304,0.0008649071288933201
1829,0.0018645518412751247
2953,0.0026773120974399323
3302,0.003666105768834529
7497,5.4827390081279515e-05
7339,0.00019409344895608368
7581,-0.0001891001159859857
3404,0.0030035396469055907
3387,0.0005315554684190989
3379,0.007782709058646141
2412,0.005366897230146433
3425,0.0018499470302785611
2411,0.0018601601848216125
273,0.0025047973228875717
1706,0.0002023233513960077
925,0.01703740376703886
1488,4.942217836907535e-05
996,0.024136329304047636
919,0.0031977940275039435
7451,0.0004716769233149116
1272,0.023781467826463513
2019,0.001691071714681098
444,0.010111822342503745
2473,3.746502735809205e-05
2624,3.746502735809205e-05
1993,0.0004045111511474796
2455,0.00646462389142297
827,0.005328187582646769
1694,0.00876654576652436
2720,3.688269837098824e-05
2490,0.006793639452900732
2580,0.0005433516619163234
1247,0.07520188382210767
1990,0.002180922049323748
1005,0.016857088231459746
1434,0.021466022664098177
1244,0.0013707645002844278
481,0.007568657523418352
1013,0.01656524057620105
856,0.0003434317899481099
7329,0.003658676522545954
6644,3.491173872232919e-05
2229,0.021297002682801287
6958,0.002671694862441254
3353,0.0013549800871485611
1879,0.004983935861252693
3445,0.005475508050360566
1397,0.03800454290016211
1388,0.0023187990385308615
1915,0.009106878347932815
2041,0.009603030569567201
1058,0.0008706668805337251
1777,0.006140639505822304
2610,3.675345511533847e-05
1099,0.0008645590657367899
2663,3.675345511533847e-05
2842,3.675345511533847e-05
1683,0.0016959773774370228
2005,4.163800728810221e-05
1951,3.914376788073349e-05
1431,0.014424557408650023
668,0.004543360491573172
7524,0.005848749592391757
722,0.05856565250231153
922,0.00015895804205115756
999,0.03055132387432476
1930,0.001032777376499768
959,6.011780662225634e-05
2309,0.001686157559161833
2274,0.00305909328695049
7418,0.00383378149951329
7539,0.00014780714800949107
3031,0.001354885620299729
502,0.0005823679915534508
1607,0.005496967009430516
1594,0.00037349016163022275
2415,0.006576708051739826
3398,0.024921254661243522
3429,0.006793370685675915
3426,0.0033325928357948267
3423,0.0026733970548650956
2413,0.0016970861279120063
3374,0.0117373390426489
7370,0.0013516011081579496
3220,0.010089519809566955
3213,0.0015199746574804504
3251,0.0008607788765507192
3285,0.014703922011866027
3137,0.004156789516990327
957,0.013248152537349803
2933,0.011737573827810807
2931,0.004321621292351333
410,0.03036256090579058
2911,3.6848716308080325e-05
2702,0.001684838168632408
2193,0.0015574874567244974
2805,0.0038272244566540346
765,0.02379287576989465
1592,0.0010343213155459758
2521,0.0006955665417296391
1071,0.004184667569586528
2170,0.0016864676894585162
2165,0.002016065579923382
2066,0.06958809124823565
2684,0.0028382770568796158
2864,0.03332608192487968
2862,0.0030030760021120487
2855,0.00069589076885799
2838,0.0010254886593228556
343,0.011259140654551116
325,0.00825155402095126
1738,0.027075313125885778
2774,0.00036651578454386557
1811,0.0032196818435923087
1671,0.00039941673239326706
7556,0.00048210838145308394
2299,4.263107563821474e-05
1820,4.566741888074355e-05
3079,0.0010285899622896897
3408,0.0006972282057624372
3396,0.0003676303152975716
2394,0.0026888586360483266
7502,0.00011885819509146596
7367,0.0006909868335416835
2225,0.006372551553213968
3381,3.7948081964858e-05
3371,0.0013563396438243203
2673,0.0006971438628945891
2421,0.0008910049505912262
1559,0.0006649699905145312
1591,0.00014725643869589516
895,0.00012847103196272658
3321,0.018659582862752627
3294,0.0030036830656715143
3282,0.02129636598647155
1227,0.00975938694434031
1228,0.006628206984924088
1216,0.00036584706609164196
1096,0.00011763221126238935
1097,3.6516663007665846e-05
1092,3.6516663007665846e-05
1231,0.002508233354113268
1223,0.001189841792253806
998,0.01700820001998457
1217,0.0005306460113240748
1215,0.0005306460113240748
1211,0.006628206984924088
1213,3.6249175626776405e-05
1079,6.43353506201679e-05
1081,5.2298418480142974e-05
1418,0.00020078063347831975
1414,0.003002362702429677
1408,0.015362283594862136
1412,0.0257446171445054
1411,0.0382693369821703
1410,0.0033319605928945426
997,0.035834801037008326
991,0.016718123390046122
1403,0.02871099815868919
1406,0.02541501925404054
1219,0.016191384898295826
1089,0.00022251398317558698
1609,0.004650084667373116
1608,0.001189306817492027
1437,0.035200472437633586
3182,0.014209781503711041
1439,0.022289090734914082
849,0.10296736982835723
2575,3.707221372182084e-05
2572,0.0026738553374407456
1659,0.010267245596879679
2549,0.013220987832316443
2551,0.003168252173138044
3212,0.0006955857393885546
791,0.13172405117680108
2701,0.0005311809860858537
2653,0.011902308207123716
2216,0.004029186785566026
1850,0.007286065328949372
2993,0.0008589064648844931
3267,0.00036667010418668644
2895,0.003003453227905611
2242,0.004159379157532091
2406,4.51832541484838e-05
2526,0.005805831261330465
2527,0.004487439699471003
852,0.02372712314632452
2245,0.01360755403724159
2717,3.7868178195317765e-05
2094,0.0016909642077911713
477,0.0002762988357795293
2509,0.009764658019199013
2510,0.003337499155134136
1641,0.0170907080760751
2507,0.008775864347804417
2522,0.0005359170861827785
2518,0.0005359170861827785
2514,0.013719832704777401
2515,0.0061390812240854934
2568,3.7948081964858e-05
1644,0.0025223306620250087
2318,0.024433298553636438
2584,0.00020274702719729078
7498,0.00023574636073743873
7481,-4.533447554450362e-05
3389,0.00037253425061387806
2325,0.0025140428456669607
1039,6.952274491538151e-05
2236,0.05063139777364987
1770,0.00020500098993235318
2905,0.006630173803901216
1026,0.007970126452249102
3094,3.821599460390466e-05
1357,5.549979459983788e-05
495,0.0001484857998908921
1377,0.00021730000566779503
1561,0.03268484832686059
3262,0.0033325928357948267
1888,4.6340744996696285e-05
2348,0.0010180881751182477
3384,0.0011912444699828603
1761,0.013163564494558746
737,0.21693932890665082
2469,0.0039872778068013775
2456,0.0003617010116878556
7440,0.00019034862562363147
3152,0.003657679916336511
2251,0.01323206798267098
1852,0.0059742822788530605
541,0.010923176400241142
763,0.04818787436290792
2226,0.02739594232181494
2197,0.022620482951765983
2219,0.007785874850471728
2939,0.010749046016084843
2934,3.711457597671284e-05
1507,0.01785225236607549
2894,0.0005315114116740112
963,5.2534436757398364e-05
3115,0.013880225975501067
1995,0.00020351897886912015
1913,0.001027513705031284
1969,4.53266729144075e-05
2451,0.00629966197032017
2294,0.009103634352036923
581,0.010753735859067833
1463,0.018596713683301683
1685,6.962289187030804e-05
2822,0.0003805588720405613
2545,5.096098157569575e-05
2564,0.00021575992680812855
1999,7.904715656908723e-05
1647,0.017033734205329092
213,0.0030395005184123557
808,0.008624883199894937
261,0.007383312136722495
218,0.00041636186227093344
3277,0.022779208811706662
3338,0.0061345153432309524
839,0.011220616767594737
2393,5.942330962565266e-05
2971,0.0010257480410255362
7340,0.0002031150688024458
2609,0.000697063959125049
864,0.0014151226984022746
2248,0.025115394028518496
1692,0.004684337130410169
2639,0.02278012262027104
2574,0.006794624932725062
858,0.0033654048581920667
425,0.008208151408595155
3169,0.0018503128037203355
2714,0.031184525055093372
2824,0.0005310107668434695
2156,0.011409443344607875
1277,0.013945116238350591
2815,0.002182404604015481
3386,0.004651037591167534
1234,0.00370234877166125
1845,0.011579058248893128
2213,0.00036697351560426137
1765,0.0049817274111225275
2990,0.01173914762209923
3025,3.842251059650313e-05
761,0.0012608760038540817
837,0.01175810579021977
835,0.0007165764596467736
2246,0.007951502482099857
2240,0.003007534125126873
1514,0.01950785495745625
1154,0.00017705077871812448
2965,0.007453984960292181
995,0.0046832125742123625
1786,0.006661197095233786
2659,0.0034984297032369196
1655,0.020813248414404496
1964,0.000371262054534038
1245,0.004161820227556208
1668,0.0028406547224875222
1682,0.0006982684344658961
1527,0.007968532512016485
2264,0.011414063581186873
2224,0.012455017291854914
1961,0.0007021321410787436
3248,0.00037387168751832527
3337,3.7948081964858e-05
2392,0.0005353812609046851
363,0.006079488311894145
1841,0.002025304529099579
1160,0.001068808502900431
7343,0.0010180881751182477
1965,0.0007059118540695727
1299,0.01306141951076699
2634,0.017999474988793996
2231,0.012572344266121072
2191,0.009599613334112689
1806,0.012066385027720368
3117,0.00959363399121358
2963,0.008604840319818983
2924,0.002836877236683835
3125,0.000694490948662209
2286,0.006739597677003355
2254,0.012729307738628745
3022,3.5295167732477884e-05
3016,0.0008592898938946417
3003,3.5295167732477884e-05
2988,0.008110443484121686
2958,0.009923231881678445
2935,0.0011888877843595075
1515,0.010253980059173757
1753,0.1124353612615814
595,0.0006774000499885918
2946,0.007616046648424386
2679,0.0008592898938946417
1696,0.00026562852128282416
7530,0.009871071752648246
1557,0.002648102475446805
2323,0.0018521939242780324
3333,0.003333137537370456
1565,0.005184531659099951
1354,9.333098270858347e-05
3017,3.307002232931992e-05
1604,0.004973354946516285
582,0.008748167784701399
7383,0.0006977909524380789
7527,0.004811757754397853
364,0.0071938149055781764
1073,0.003038259115581245
1207,0.0419107289686789
2611,0.0003671845029960892
1966,4.0261486340118046e-05
2618,0.0003671845029960892
2012,0.00021259871230670785
2000,0.00038965344299080236
2566,0.006629544421828535
674,0.003244108850897973
574,0.00013142118574724013
1982,4.1153110943082856e-05
1014,0.06124709620049356
1447,0.008122542799553044
2550,0.0002028313700651388
3239,0.0009150788148712761
3034,0.0009150788148712761
388,0.0660317156142929
573,0.004188826830495771
7460,0.004663872426006235
1330,5.428151457984056e-05
903,0.0012035954344502854
889,5.000281782325596e-05
1391,0.0016912851238805053
2424,0.022450921863466727
1918,0.0539482406940079
7332,0.0031635384095027893
2978,0.007618619658887226
2265,0.011922904735452202
2983,0.002839450247146675
1955,0.0028956225971334577
2069,0.008287191866207275
2606,0.0010270096659985015
3114,0.015908064726294743
2187,0.0026803367624392204
6786,0.006462070602787208
6123,0.000199710683954762
1587,0.00515582441389786
2450,0.002529364857203534
1968,0.0005357282715609742
584,0.010768482938077969
620,0.020446055411548373
2598,3.81215872930025e-05
1433,0.019872975982671057
2004,0.00021696362002213105
2636,0.041897053676330925
2976,0.0038275343730677547
823,0.00128597663641126
1062,0.00010356683315061948
1855,0.008723316020397427
3175,0.003109919348151769
2657,-2.126061126445378e-05
1935,0.046002874792989236
2466,3.892404943567083e-05
2732,0.0025107698723803233
1143,0.0045115808946707275
631,0.005743733392076373
1712,0.05475503980282717
1722,4.178998565948629e-05
1617,0.07107013538083802
1268,0.037468434353417665
667,0.0069435503756199645
756,0.0001637777181037725
2074,0.002513504428971972
1994,0.004986013092519031
1973,4.243482130984477e-05
2525,0.007784474475360012
1892,0.042232803776556256
1443,0.01376440344522443
1257,0.0031868884668523486
1789,0.006962088941435534
2686,0.014705054207651376
556,0.0460754803390077
887,0.0036356098058432226
1344,5.096098157569575e-05
3109,0.003334100491941658
1890,0.009597309227264029
3380,0.000536798221084532
1997,0.0007004380543331104
2462,0.0010268260962273028
1653,0.00377907460603017
1996,0.00020595205617551565
2570,0.0006972282057624372
2471,0.013551545933892194
2464,0.050136911775492274
1334,5.831688455015543e-05
2503,0.0015227832749797896
1101,0.00022660438898090157
7413,0.00012853232203363416
1252,0.006043050339294396
1654,0.009663105920520328
1432,0.07256918769941878
2553,0.009267973621737549
7373,0.00035197229065575883
7519,0.00023800181532807242
1695,0.005510117238851475
1727,0.009271371916451337
2532,3.842251059650313e-05
913,0.02850339883094454
714,0.0002381029903883055
3261,0.008442962201457975
1624,0.003098217592099
239,0.01417212566420239
1464,0.0001556822911939126
1645,0.0031745175506365697
2076,4.0528973721007486e-05
1958,0.00020532791895344027
1972,0.00037012686418587306
2642,0.0076184718369135766
2562,0.011079249686794666
2535,0.0102552549606325
448,0.009303588597972465
571,0.0004375069655654766
1110,0.007191080590129084
2524,3.979629089509293e-05
2400,0.00037315152918516135
1181,0.03500953610339039
2329,0.0018521058107878571
418,0.09534903534786911
1858,0.00020532791895344027
1575,0.005496066856244392
1864,0.0004915839676017394
3230,3.715863272180051e-05
3280,0.02129772049703861
3273,0.013716969016346703
3420,0.03794299009218085
1588,0.00026559887523521403
2523,3.831612357001301e-05
1713,0.010297384223122588
2482,0.0008626512882169453
1229,0.0025443441505333428
1676,0.006161495093148847
2733,0.0008663961115493975
723,0.0594823663690366
2736,0.0016859375342891858
2729,0.01371626053625678
1122,0.0027018599850756656
2009,3.703145004258515e-05
1740,0.014055788086015965
7375,-2.2660254536549715e-05
1739,4.402076844991562e-05
1970,0.007457411389298507
2792,0.010420281631608123
2790,0.0005323449176621564
2916,0.0006984284696510436
1498,0.022480423244877278
1802,5.513378471757106e-05
1369,0.0010437669636836342
2959,3.892404943567083e-05
2010,6.767894288128592e-05
2194,0.0016908636061056916
805,0.010113774072313186
1916,0.0002584363225773078
7455,-0.00015232942790028068
2476,0.009756145359978683
426,0.046969658528247415
2647,0.02261046308810844
282,0.03318219435049398
575,0.01112706172975549
1612,0.002527899491551705
1669,0.004997291100038806
1931,0.0016943942549825716
2928,0.005312638900974014
1119,0.005185080143325411
1688,0.00026521837366813935
2669,0.0010293226451156042
679,0.011790685753212104
1121,0.0010574088201089958
1262,0.0122702185209129
1142,0.005737046207554137
1206,0.021469306934561113
1203,4.5444054344851e-05
1595,4.1933282470677064e-05
1598,0.00021560154612207557
2435,0.027232650581019716
3450,0.0008618629043574817
387,0.01094652602823523
2583,4.152025048548013e-05
1266,4.9693936087272075e-05
724,0.02792017890689892
2052,0.03646350325651666
2025,0.029706746501986913
2589,0.00020372299466810362
806,7.652088686068695e-05
2984,0.017672559793406473
3350,0.006793345279818843
2347,3.8265311855868474e-05
7467,0.00028426341492036194
2829,9.108408870911216e-05
2827,0.013110200762071303
1938,0.0003741803268039669
1221,0.0013965551995037935
7437,0.01898783367137112
1123,0.005231145012908683
2047,0.025096834158493623
3106,0.010918250635826044
3223,0.0018506565757520784
1446,0.019835090510358543
2680,0.0031696024700127263
612,0.004785499155409531
2045,0.01866819296852631
2799,0.0016851939400257094
2785,0.0010281991981158686
3190,3.9072653536164965e-05
3334,3.8656562054781396e-05
3172,0.01355217007111427
1426,6.299791371572069e-05
2202,0.0008524867677431465
1444,0.0011986465852080834
929,0.0005765509610751784
2664,3.7948081964858e-05
1303,0.004010890998369895
2834,3.9072653536164965e-05
1296,0.006153277286391521
2833,0.0018518610510929255
2013,0.0023574923567875805
1015,0.00946993838526189
2581,0.00020301493983633745
1953,0.0013665203241080934
616,0.006608745419314689
1102,0.008794187948602246
1940,4.812876224863106e-05
2035,0.025262367382810846
2023,0.006969684462010808
1934,0.008452874969102702
828,0.019510751670879282
414,0.02399777142547949
1002,0.014407217843998489
1240,0.005557535456372786
2661,0.00020372299466810362
2601,0.000698119830365402
2054,0.014913627101296933
7529,0.001444249010084202
3325,0.00021375377145145774
3040,0.005981716854586605
3086,0.002191341114240651
1016,0.025907298106155434
1626,0.015752333633408014
2484,0.00020506043157255083
921,8.518720781223126e-05
1944,4.56112339579069e-05
1937,0.000704807014887638
1625,0.004648062087352706
2463,0.007785811912264459
1945,0.0010344049053525037
2461,0.016024730376267293
1680,0.005690503403279375
2044,0.001533081539144033
3205,0.0007015971663169647
855,8.812764923612358e-05
1991,0.0036723142917278045
1012,0.007623395072817368
788,0.017034168586545922
2407,4.773756070662636e-05
1707,0.004492321262321752
3007,0.003334635466703437
1321,0.010133266154859691
1924,4.814775222496196e-05
2512,0.10600654640212258
782,0.019353836564241486
1438,0.04288575818526523
2015,3.491173872232919e-05
2062,0.037125908886017064
359,0.012211122539028342
2060,0.017679633348589994
2617,4.0528973721007486e-05
2061,0.01932762280091432
2616,4.0528973721007486e-05
2059,0.04223467618822248
2058,0.002023733551508879
2057,0.016690839677195396
2056,0.013394860772546742
2055,0.009604485032200788
2189,0.013172285991004062
3012,4.1153110943082856e-05
2852,4.240138538723359e-05
465,0.0001853288092424925
559,0.0327111701658972
2668,4.001831599385492e-05
2042,0.02066687837848316
2034,0.023798058337899382
3257,0.00349943441193587
3146,0.0063031845365007525
3069,0.019157502264630512
7338,0.002500983038262844
560,0.009316585452334577
3424,0.0015261268672409076
3399,0.0007021321410787436
2409,0.0035040114182310895
3128,3.9072653536164965e-05
3413,0.001522114556527566
676,0.009735473704952225
2547,0.007619824134228073
1114,0.004820919941301173
2008,0.023826293116993268
2599,0.003013775497347627
2998,0.0010269152586875993
2123,0.011752889786292426
1161,0.006193583290879392
7333,0.0005227000626564767
2890,0.0013599118123449425
2949,0.00844626645733955
2212,0.005507971618149154
2929,0.0021839065385071063
1196,0.003669850592166981
3359,0.0028411748368392517
2974,0.0035013068236020963
1666,0.00357620329025114
1115,0.00024756420652943616
2699,0.005643425624242832
2648,0.012398343403028962
2506,0.0015216130176883983
1956,0.0005889916962805845
2622,0.0010272161819911
2036,0.01685142569617882
2832,0.0005328193462938015
2164,0.011907457339205837
2130,0.00037153117293554265
797,0.001223612074091098
2835,0.0036639993057100244
2938,0.00910420347412392
2956,0.03349359140890513
1857,0.03443948013453861
415,0.03233170674373763
829,0.010327342809782206
3324,0.00020720033061966638
901,0.0020348077098790197
1927,0.0008808685866838369
1419,0.0010600836939178902
2555,0.0011971462553473254
7374,0.00016956991593932217
831,0.0068304080449670965
861,8.087093416606071e-05
1549,0.002327942056253964
3201,0.0033359972206425106
3301,0.001359544672802545
2370,0.0020405852565049142
7541,0.00044876815416736924
1825,5.581956129805486e-05
2014,0.001040349069372269
1979,0.017352323961272738
1238,0.014572326637918154
2501,0.02624496557442749
2500,0.007892806864620237
1630,0.010053293132082048
1637,0.004821517359918712
2491,0.0031885606381332654
2496,0.008956523721268412
927,0.018385447378953198
2048,0.006483195247226682
1971,0.007633030516028509
1265,0.01209644160179369
923,0.034301652833545866
1962,0.0005480326910818886
1246,0.012729631665136949
950,0.0007502798696388433
1366,7.538887327162868e-05
3326,3.9592767887894434e-05
1878,8.952374565392374e-05
985,0.009301100905063088
1898,0.021308018761202852
652,0.02629251145638059
2538,0.01488554092630354
2537,0.014720741981071107
2546,0.004992923183192008
1652,0.00806637044956626
2480,0.00020595205617551565
2901,0.0025209390047055166
1912,0.03335238485066715
2937,0.005157722128424441
1627,0.0021992628559054537
1980,0.00020907274228589248
2082,0.008174874305096285
2569,4.3553638720295805e-05
2567,0.00037315152918516135
867,0.00184254892258804
577,0.00023052948385174007
2603,0.00037012686418587306
1675,0.00357620329025114
2560,0.010587661468596707
1699,0.011588576541830556
628,0.006786024539648859
2994,0.001042429526779187
7331,0.0003551475708560643
2233,0.004999306404781415
1622,0.017498807075968913
3340,0.0023608210886386493
3320,5.363585538459018e-05
1907,0.009465899850295521
794,0.020338224561127317
2593,0.00021094515395211858
1985,0.0007558971046375216
2345,0.0015283154003572757
1000,0.004697284031582789
2548,0.01388312971551821
1679,0.0005892257477388628
2539,0.00037699237362870207
1978,0.00026836577838305225
2030,0.025758526488311652
2658,4.240138538723359e-05
1291,0.00023481840269650134
2899,0.016355624551731854
2973,0.0011987175098924102
1341,6.091151214478302e-05
819,0.000879332773970596
644,0.02638319778418032
3216,0.003170976250311316
2316,0.012736913266061162
2529,0.0015243436180349778
1798,0.00042629921417265606
1633,0.0012150852582189214
2665,5.7380678717042376e-05
776,0.06834192127921634
2474,6.299791371572069e-05
2460,0.0020405852565049142
2859,0.005171765215921137
2643,0.048659962640621134
2614,0.001362665358912922
1639,0.0059983132307190636
2591,4.1933282470677064e-05
1260,0.0005497130605259376
2026,0.00582015862185341
2755,0.001860182880720597
2910,0.0002063191957179129
3252,0.0021885324967413117
3249,0.03317073420043867
3243,0.00037574409918455137
3153,0.002023733551508879
1543,0.006990170848476576
3090,0.004166119839530505
2590,0.007292306701170126
1466,0.004698901114385439
1281,0.0005694316815530439
1474,0.0028685922933804195
2040,0.0252609761171765
2039,0.006144298470214297
1435,0.0175903221579012
2027,0.021157887040689192
2705,0.004330918784762938
2681,0.00021094515395211858
2753,0.00037153117293554265
3357,0.0003747227837302462
2154,0.0010361881545584333
7441,0.00023713219867474788
880,0.00012683012960979225
1848,0.0008835976077358263
3258,0.002347203549247914
3219,0.011081547646566853
834,0.0001213307387019953
611,0.00914641304309538
2517,0.016527289006407115
2505,0.0033433733878124924
2554,0.01190979785378862
1441,0.014384902718385488
1008,0.019525728070391518
2843,0.0007011290634004082
2640,0.025588961404292464
2645,0.007790675319189722
2646,0.012451004981141572
1469,0.005178246640919612
5660,0.0011885043553493588
789,0.04621606463712803
2088,0.013119562820402433
1710,0.0003420139705879455
1769,3.398340016512466e-05
3151,0.0016888140699926342
2207,0.0010332913832239142
1747,0.027582261292532502
2882,0.0005373331958463108
2913,0.0002277968589481535
2831,4.512489326538064e-05
2341,0.004990114565692669
3110,0.0041650985240762
3207,0.0015555504791387462
3165,0.004653443120044283
2343,0.008777577665668938
3160,0.005477437846206447
2425,0.011231026859984707
3170,0.0015405711858089374
2423,0.004492507881424698
2452,0.00037387168751832527
2722,4.4273797053459686e-05
2571,0.0007065902640935676
2533,4.0528973721007486e-05
820,0.0025630682671956037
2704,0.022456930348664316
2100,0.009713619883603681
2649,0.02378468396885491
2534,0.00021094515395211858
3058,0.003994098735014058
1677,0.010606118097878077
2592,4.293636014901247e-05
930,0.006757938364655467
1686,0.0012015845184084055
2612,0.003175453756469683
2050,0.010772254480014957
2112,0.008939765362308524
2776,4.512489326538064e-05
2719,4.512489326538064e-05
2721,0.0008682685232156236
2715,4.4273797053459686e-05
1701,0.00468392182105563
948,0.0002814159202991736
3204,0.010757056333373512
833,0.002106119664822828
3480,3.491173872232919e-05
1687,5.176344371836408e-05
2495,0.01322444459231563
2478,0.021470009088935947
1661,0.004540655609984797
790,0.21150004464692698
2615,0.002189780771185463
1656,0.01691827930362521
4311,0.0006963771095505162
731,0.010922930031269321
2765,4.512489326538064e-05
2860,0.005977886921632961
2877,4.293636014901247e-05
3005,0.0020686714314983056
2912,4.614620871968579e-05
3067,0.0010275793652884282
1823,0.0010317300315436093
1183,0.0040350243042901425
978,0.002124843781485089
1897,0.012926677700176609
3358,0.0006416532743931936
3288,0.00014725643869589516
3276,0.0242665980601107
2475,0.002850536895170382
7449,0.00012853232203363416
2494,0.0005199465160884971
1253,0.00914991949922139
2011,8.257312658990262e-05
928,9.108408870911216e-05
1451,0.000559775417236488
2072,4.7394483163836516e-05
7414,0.0010550743847848698
7396,0.0023887856784589093
7409,0.00633697241619205
2724,7.235997204685116e-05
2728,0.009960296685992819
2641,0.020342630235636084
7453,0.00048442413163927333
2836,0.000705341989649417
795,0.00524581058635826
1312,0.03135143169842967
1503,0.021956947747071975
2174,0.04107740168647027
2186,0.0039919745705187595
1486,0.002455385745058976
1741,0.013667955393085159
2917,0.0008598505379935146
2884,0.0008598505379935146
2875,3.5855811831350756e-05
2871,0.015032559827982734
2867,0.025250094432393566
2849,3.5855811831350756e-05
2230,0.02724980848867545
811,0.0001398202292400629
3238,4.240138538723359e-05
2339,0.010437671597451698
3323,0.000698992071824824
3376,0.00580775937403024
3240,0.0020173836336842867
3188,0.00037699237362870207
3268,0.0061449554567638495
2420,0.007300108416446067
836,0.0027465913290902976
838,0.00400285286747953
3021,0.0007165764596467736
2711,0.0033433733878124924
1960,0.0007206333515902635
2543,0.0021997669667386684
2703,0.006962380317430484
1124,0.005129160648931161
2629,0.008114553843110479
1467,0.0014281997672308355
1585,8.484271648835848e-05
873,0.016587027854805755
7476,0.00028426341492036194
7230,0.0005293085744196276
3237,4.1153110943082856e-05
3419,0.0022147462600684772
3446,4.3553638720295805e-05
907,0.0035588834823385485
3097,0.0010377484976136218
2542,0.005324527229013545
2573,6.299791371572069e-05
2021,5.7380678717042376e-05
1126,0.008029519634859279
2075,0.013568851556867921
1275,0.006202688149805821
936,0.00023151496367606963
2726,0.0008869926398778846
2948,0.0035097326761001136
1479,0.012520264079333161
2161,0.03730755953624553
1799,0.0002418399464448492
2218,0.033344271066780166
3162,0.00597703582542104
3055,0.003837770223509791
2214,0.0033469398862243514
1563,0.0018976311140451192
2359,0.00022217962394947518
1954,0.0003823526109477023
3291,4.7394483163836516e-05
2457,0.0012072284720116198
2458,0.003514413705265679
1006,0.008088812670956437
3405,0.007132500853714296
2115,0.0504954874655535
2110,0.019183687871391266
2730,5.7380678717042376e-05
2600,0.001046174350111639
2158,0.004659495359773499
1329,0.0005803743471348849
1037,0.01994355617567393
7416,0.0009593658390340911
7458,0.0009037909076648474
2982,0.0074695883908440655
3157,0.0007081506071487561
3263,0.003518158528598131
2489,5.7380678717042376e-05
2689,0.0009150788148712761
2470,0.00697893637847922
2081,6.487032538194679e-05
2513,0.005157722128424441
2516,0.00927769575923526
1112,0.011442863055862637
2020,6.701022442906231e-05
2095,0.0018757863112724813
2063,0.03730755953624553
3184,0.009046399481247266
3008,5.363585538459018e-05
3168,0.011090484156792021
6166,0.011076441069295326
3199,1.2442798727616001e-05
3255,0.013725706937455758
3315,0.0005667568077441495
3311,0.0008813754048792063
1869,0.0024394623786201455
7163,0.0013533033005817916
2444,0.03879075004333743
2608,0.00470545455521723
2477,0.00022217962394947518
2504,0.010103696640754094
1643,0.0020606468100716224
2691,0.0023533314419737447
2588,0.0005405430444169842
2563,0.019817026538835016
1250,0.013024043106820366
2587,0.00022217962394947518
2032,0.026646183211125506
2712,0.018844460435214382
2674,0.00021843480061702297
2085,0.0013907515339063134
1745,0.00010231855870646876
3225,0.007149352558710331
2888,0.006154941652317056
1345,0.0006229291577309325
2349,0.005322521073656874
2390,0.00011355302870382534
7346,0.008431016045578435
1384,0.001344792338462582
1902,0.01835006359951708
7273,3.4443635805772664e-05
7198,0.0030012927529061194
7385,2.2272959975303025e-05
3388,0.0024544416719499544
1389,0.00459682795997158
2635,0.02313485024625631
2597,0.00022217962394947518
2528,0.04058668673589815
2644,0.02893089950438485
1452,0.0012051480146047018
2073,7.984961871175558e-05
1462,0.0059227358871004835
2084,0.018399816252362516
2676,0.002525620033871082
2757,0.02016846923207252
2131,0.00010980820537137314
1631,0.00372789535381999
3278,0.012093320915683315
3266,0.00879172477603598
1572,0.029983301735222064
2487,0.016222656604825265
2540,0.0027278672124280367
2067,0.020389440527291736
1950,0.0032316261064564656
1629,0.029848514813858317
1949,0.00026524509227267545
2655,0.012752516696613047
2964,0.006325357832548167
1650,0.006629990234130017
2627,0.000896354698209015
2089,0.0012727628803295332
1663,0.00860757757691921
1670,0.0026748155485516304
1672,3.803242483270602e-05
1681,0.0020156197676218994
2662,7.235997204685116e-05
2621,0.00040195786251171677
2666,9.108408870911216e-05
1698,0.00016972537869060832
2671,0.0014094756505685744
2692,0.00767183556940102
2716,7.235997204685116e-05
2735,0.0020405852565049142
1723,3.6723750012225415e-05
2769,0.0015742745958010071
2897,0.011462211309746975
2940,0.00023715891727928395
2203,0.002864579982667078
3030,0.004851529383787402
3140,0.0027091430957657757
3209,7.235997204685116e-05
3242,7.235997204685116e-05
3265,0.0025443441505333428
3195,0.00021843480061702297
3272,0.01488554092630354
3271,0.0014656480005553574
1870,0.0011360501100904918
3214,4.895482621902494e-05
3397,0.0005453578172729942
3401,0.001870169076273803
3390,5.7380678717042376e-05
2751,0.007802931104641384
1976,0.0009187969195991923
1987,0.00010044614704024266
2578,9.108408870911216e-05
2613,0.000896354698209015
2697,0.005181127274252267
2049,0.026404823433318493
2660,7.235997204685116e-05
7450,0.00015973918313740248
6157,0.0023420969719763884
3363,0.0012109732953440719
7452,0.000669739449386585
2737,9.108408870911216e-05
7344,0.0006379351696652773
2885,0.00042068197917397775
2205,0.007982709343203626
2221,0.00878968214512737
2222,0.015699133365431113
7462,0.00026579580158627136
2259,0.0008838719537675077
3287,0.0010798777601037088
2319,0.0030110618572516466
2322,0.007295834433294899
2327,0.005483046035738139
3391,0.010753864722578808
3449,0.00020673222770310984
3377,0.0066338910917679884
3436,0.001030726953865274
3435,0.0018547216800274377
3432,0.008281880544092315
7364,0.0011814828116010108
2382,4.293636014901247e-05
3299,9.108408870911216e-05
3327,0.005859047171844259
3183,0.002205384201737347
2440,0.013060636923847669
2493,0.002354579716417896
2536,0.006805711580748769
2607,0.004650322433933906
2652,0.037789919439802803
2748,0.006627473551782939
2788,0.005529449281379394
2789,0.001518706249577523
2794,0.002892666157660469
2811,0.004832805267125141
2900,0.0025443441505333428
2975,0.005859047171844259
3095,5.363585538459018e-05
3136,0.000698992071824824
3138,0.03514197162540328
3217,0.0003120553839283279
3197,0.00037253425061387806
3227,0.001364537770579148
6336,0.0015181022458142244
3228,0.0009712511648580591
3296,0.00042068197917397775
3314,6.299791371572069e-05
3394,0.0015247107575773753
5029,0.001023705410116926
7405,0.003168347615808704
7407,0.00234435288964654
7430,0.0023746949823100836
5837,0.013878023138246683
7465,0.0006416532743931936
7363,4.512489326538064e-05
7376,0.0009787675301274996
7461,0.0024580503954811836
7466,-0.0005268117611455005
